Species,Date,Time,camera,grid
Muntiacus_reevesi,2025-10-25,16:46:29,02,97
Muntiacus_reevesi,2025-10-28,07:05:58,02,97
Muntiacus_reevesi,2025-11-01,07:38:21,02,97
Muntiacus_reevesi,2025-11-03,22:20:47,02,97
Muntiacus_reevesi,2025-11-06,03:12:57,02,97
Muntiacus_reevesi,2025-11-06,16:01:31,02,97
Muntiacus_reevesi,2025-11-08,05:31:34,02,97
Buteo_buteo,03/11/2025,11:28:56,03,85
Homo_sapiens,09/10/2025,10:36:00,03,85
Homo_sapiens,11/10/2025,15:02:45,03,85
Muntiacus_reevesi,11/10/2025,07:03:33,03,85
Muntiacus_reevesi,16/10/2025,08:17:00,03,85
Muntiacus_reevesi,16/10/2025,22:24:35,03,85
Muntiacus_reevesi,25/10/2025,07:13:39,03,85
Muntiacus_reevesi,28/10/2025,07:11:25,03,85
Muntiacus_reevesi,28/10/2025,18:04:28,03,85
Muntiacus_reevesi,06/11/2025,07:05:22,03,85
Muntiacus_reevesi,06/11/2025,22:50:10,03,85
Muntiacus_reevesi,11/11/2025,16:53:57,03,85
Muntiacus_reevesi,12/11/2025,17:04:42,03,85
Muntiacus_reevesi,14/11/2025,15:52:37,03,85
Muntiacus_reevesi,15/11/2025,07:55:58,03,85
Muntiacus_reevesi,19/11/2025,13:11:42,03,85
Muntiacus_reevesi,24/11/2025,11:09:21,03,85
Phasianus_colchicus,10/10/2025,08:03:33,03,85
Sciurus_carolinensis,18/10/2025,14:15:18,03,85
Sciurus_carolinensis,19/10/2025,09:34:40,03,85
Sciurus_carolinensis,21/10/2025,10:21:48,03,85
Sciurus_carolinensis,21/10/2025,11:15:19,03,85
Sciurus_carolinensis,23/10/2025,13:53:15,03,85
Sciurus_carolinensis,24/10/2025,09:44:46,03,85
Sciurus_carolinensis,26/10/2025,08:08:50,03,85
Sciurus_carolinensis,28/10/2025,09:14:33,03,85
Sciurus_carolinensis,29/10/2025,08:45:28,03,85
Sciurus_carolinensis,30/10/2025,10:56:24,03,85
Sciurus_carolinensis,30/10/2025,14:14:48,03,85
Sciurus_carolinensis,02/11/2025,11:14:41,03,85
Sciurus_carolinensis,08/11/2025,15:56:40,03,85
Sciurus_carolinensis,12/11/2025,14:52:13,03,85
Sciurus_carolinensis,13/11/2025,13:36:54,03,85
Vulpes_vulpes,24/10/2025,10:14:33,03,85
Vulpes_vulpes,23/11/2025,21:44:52,03,85
Vulpes_vulpes,23/11/2025,23:06:57,03,85
Capreolus_capreolus,2025-10-11,08:12:43,04,68
Capreolus_capreolus,2025-10-11,09:07:50,04,68
Capreolus_capreolus,2025-10-11,20:27:42,04,68
Capreolus_capreolus,2025-10-11,20:58:46,04,68
Capreolus_capreolus,2025-10-11,21:37:11,04,68
Capreolus_capreolus,2025-10-11,23:29:03,04,68
Capreolus_capreolus,2025-10-12,00:41:23,04,68
Capreolus_capreolus,2025-10-12,04:52:49,04,68
Capreolus_capreolus,2025-10-12,07:28:41,04,68
Capreolus_capreolus,2025-10-12,19:23:51,04,68
Capreolus_capreolus,2025-10-12,23:43:43,04,68
Capreolus_capreolus,2025-10-14,01:10:19,04,68
Capreolus_capreolus,2025-10-14,02:29:34,04,68
Capreolus_capreolus,2025-10-15,00:38:14,04,68
Capreolus_capreolus,2025-10-15,21:13:19,04,68
Capreolus_capreolus,2025-10-15,22:56:25,04,68
Capreolus_capreolus,2025-10-16,18:46:00,04,68
Capreolus_capreolus,2025-10-17,07:31:22,04,68
Capreolus_capreolus,2025-10-17,08:07:10,04,68
Capreolus_capreolus,2025-10-17,18:50:23,04,68
Capreolus_capreolus,2025-10-18,00:25:29,04,68
Capreolus_capreolus,2025-10-18,01:17:45,04,68
Capreolus_capreolus,2025-10-19,02:26:08,04,68
Capreolus_capreolus,2025-10-23,07:46:17,04,68
Capreolus_capreolus,2025-10-23,09:07:48,04,68
Capreolus_capreolus,2025-10-23,18:21:19,04,68
Capreolus_capreolus,2025-10-24,19:00:11,04,68
Capreolus_capreolus,2025-10-25,09:33:37,04,68
Capreolus_capreolus,2025-10-25,18:33:37,04,68
Capreolus_capreolus,2025-10-28,08:49:15,04,68
Capreolus_capreolus,2025-10-28,15:14:14,04,68
Capreolus_capreolus,2025-10-28,20:35:05,04,68
Capreolus_capreolus,2025-10-30,12:49:28,04,68
Capreolus_capreolus,2025-10-31,04:23:13,04,68
Capreolus_capreolus,2025-10-31,09:26:22,04,68
Capreolus_capreolus,2025-11-02,18:45:37,04,68
Capreolus_capreolus,2025-11-06,01:21:22,04,68
Capreolus_capreolus,2025-11-09,21:35:36,04,68
Capreolus_capreolus,2025-11-10,09:06:04,04,68
Capreolus_capreolus,2025-11-17,09:36:41,04,68
Capreolus_capreolus,2025-11-21,17:34:51,04,68
Columba_palumbus,2025-11-16,12:52:56,04,68
Columba_palumbus,2025-11-17,10:10:00,04,68
Columba_palumbus,2025-11-21,14:32:23,04,68
Columba_palumbus,2025-11-23,15:11:52,04,68
Garrulus_glandarius,2025-11-21,14:24:34,04,68
Homo_sapiens,2025-06-20,12:00:19,04,68
Homo_sapiens,2025-10-08,11:07:41,04,68
Homo_sapiens,2025-11-02,10:41:39,04,68
Homo_sapiens,2025-11-24,11:04:37,04,68
Muntiacus_reevesi,2025-10-09,01:23:52,04,68
Muntiacus_reevesi,2025-10-09,03:28:22,04,68
Muntiacus_reevesi,2025-10-10,08:15:24,04,68
Muntiacus_reevesi,2025-10-10,12:01:50,04,68
Muntiacus_reevesi,2025-10-11,07:37:04,04,68
Muntiacus_reevesi,2025-10-12,07:07:50,04,68
Muntiacus_reevesi,2025-10-12,08:04:07,04,68
Muntiacus_reevesi,2025-10-12,18:23:19,04,68
Muntiacus_reevesi,2025-10-14,02:35:21,04,68
Muntiacus_reevesi,2025-10-14,07:21:09,04,68
Muntiacus_reevesi,2025-10-14,18:30:56,04,68
Muntiacus_reevesi,2025-10-14,22:16:15,04,68
Muntiacus_reevesi,2025-10-14,23:04:34,04,68
Muntiacus_reevesi,2025-10-15,01:30:50,04,68
Muntiacus_reevesi,2025-10-15,18:12:25,04,68
Muntiacus_reevesi,2025-10-15,20:04:21,04,68
Muntiacus_reevesi,2025-10-16,07:18:35,04,68
Muntiacus_reevesi,2025-10-16,13:50:38,04,68
Muntiacus_reevesi,2025-10-17,04:21:32,04,68
Muntiacus_reevesi,2025-10-17,09:59:25,04,68
Muntiacus_reevesi,2025-10-18,08:17:11,04,68
Muntiacus_reevesi,2025-10-18,20:30:04,04,68
Muntiacus_reevesi,2025-10-19,06:46:37,04,68
Muntiacus_reevesi,2025-10-19,17:28:09,04,68
Muntiacus_reevesi,2025-10-20,21:38:21,04,68
Muntiacus_reevesi,2025-10-20,22:28:57,04,68
Muntiacus_reevesi,2025-10-21,21:48:57,04,68
Muntiacus_reevesi,2025-10-22,07:46:12,04,68
Muntiacus_reevesi,2025-10-22,10:18:25,04,68
Muntiacus_reevesi,2025-10-22,13:13:12,04,68
Muntiacus_reevesi,2025-10-23,02:22:43,04,68
Muntiacus_reevesi,2025-10-23,18:16:35,04,68
Muntiacus_reevesi,2025-10-24,18:16:28,04,68
Muntiacus_reevesi,2025-10-25,03:06:32,04,68
Muntiacus_reevesi,2025-10-25,09:31:29,04,68
Muntiacus_reevesi,2025-10-25,18:03:43,04,68
Muntiacus_reevesi,2025-10-25,18:46:27,04,68
Muntiacus_reevesi,2025-10-25,23:59:59,04,68
Muntiacus_reevesi,2025-10-26,18:24:53,04,68
Muntiacus_reevesi,2025-10-27,05:30:49,04,68
Muntiacus_reevesi,2025-10-27,07:00:18,04,68
Muntiacus_reevesi,2025-10-27,18:22:36,04,68
Muntiacus_reevesi,2025-10-28,20:32:34,04,68
Muntiacus_reevesi,2025-10-28,23:52:48,04,68
Muntiacus_reevesi,2025-10-30,07:54:03,04,68
Muntiacus_reevesi,2025-10-30,09:05:49,04,68
Muntiacus_reevesi,2025-10-30,09:53:31,04,68
Muntiacus_reevesi,2025-10-30,16:45:23,04,68
Muntiacus_reevesi,2025-10-30,20:32:22,04,68
Muntiacus_reevesi,2025-10-30,22:51:28,04,68
Muntiacus_reevesi,2025-10-30,23:43:52,04,68
Muntiacus_reevesi,2025-10-31,07:16:59,04,68
Muntiacus_reevesi,2025-10-31,07:58:39,04,68
Muntiacus_reevesi,2025-10-31,09:21:15,04,68
Muntiacus_reevesi,2025-11-01,00:36:51,04,68
Muntiacus_reevesi,2025-11-01,04:16:51,04,68
Muntiacus_reevesi,2025-11-01,07:45:35,04,68
Muntiacus_reevesi,2025-11-01,08:29:01,04,68
Muntiacus_reevesi,2025-11-01,22:46:15,04,68
Muntiacus_reevesi,2025-11-02,05:33:47,04,68
Muntiacus_reevesi,2025-11-02,08:30:06,04,68
Muntiacus_reevesi,2025-11-02,09:08:42,04,68
Muntiacus_reevesi,2025-11-02,17:58:39,04,68
Muntiacus_reevesi,2025-11-02,19:09:42,04,68
Muntiacus_reevesi,2025-11-02,23:06:38,04,68
Muntiacus_reevesi,2025-11-03,04:31:13,04,68
Muntiacus_reevesi,2025-11-03,05:04:08,04,68
Muntiacus_reevesi,2025-11-03,06:51:23,04,68
Muntiacus_reevesi,2025-11-04,00:21:47,04,68
Muntiacus_reevesi,2025-11-05,06:56:51,04,68
Muntiacus_reevesi,2025-11-05,07:40:15,04,68
Muntiacus_reevesi,2025-11-05,08:19:47,04,68
Muntiacus_reevesi,2025-11-05,09:02:52,04,68
Muntiacus_reevesi,2025-11-05,18:27:17,04,68
Muntiacus_reevesi,2025-11-05,19:12:52,04,68
Muntiacus_reevesi,2025-11-05,23:37:47,04,68
Muntiacus_reevesi,2025-11-06,02:52:59,04,68
Muntiacus_reevesi,2025-11-06,17:31:21,04,68
Muntiacus_reevesi,2025-11-06,18:04:46,04,68
Muntiacus_reevesi,2025-11-07,02:27:08,04,68
Muntiacus_reevesi,2025-11-07,17:39:37,04,68
Muntiacus_reevesi,2025-11-07,19:45:08,04,68
Muntiacus_reevesi,2025-11-07,22:38:20,04,68
Muntiacus_reevesi,2025-11-08,01:09:37,04,68
Muntiacus_reevesi,2025-11-08,02:43:38,04,68
Muntiacus_reevesi,2025-11-08,07:12:44,04,68
Muntiacus_reevesi,2025-11-08,07:44:44,04,68
Muntiacus_reevesi,2025-11-08,08:23:00,04,68
Muntiacus_reevesi,2025-11-08,17:43:33,04,68
Muntiacus_reevesi,2025-11-08,23:17:39,04,68
Muntiacus_reevesi,2025-11-09,01:28:19,04,68
Muntiacus_reevesi,2025-11-09,02:00:28,04,68
Muntiacus_reevesi,2025-11-09,04:42:52,04,68
Muntiacus_reevesi,2025-11-09,09:18:15,04,68
Muntiacus_reevesi,2025-11-09,11:23:16,04,68
Muntiacus_reevesi,2025-11-09,20:00:40,04,68
Muntiacus_reevesi,2025-11-09,21:03:12,04,68
Muntiacus_reevesi,2025-11-10,03:19:42,04,68
Muntiacus_reevesi,2025-11-10,04:09:40,04,68
Muntiacus_reevesi,2025-11-10,06:51:12,04,68
Muntiacus_reevesi,2025-11-10,07:21:50,04,68
Muntiacus_reevesi,2025-11-10,08:10:11,04,68
Muntiacus_reevesi,2025-11-10,09:58:19,04,68
Muntiacus_reevesi,2025-11-10,22:41:09,04,68
Muntiacus_reevesi,2025-11-11,01:52:00,04,68
Muntiacus_reevesi,2025-11-11,17:03:39,04,68
Muntiacus_reevesi,2025-11-11,18:03:41,04,68
Muntiacus_reevesi,2025-11-11,19:32:06,04,68
Muntiacus_reevesi,2025-11-11,21:31:27,04,68
Muntiacus_reevesi,2025-11-11,23:25:09,04,68
Muntiacus_reevesi,2025-11-12,07:58:55,04,68
Muntiacus_reevesi,2025-11-12,08:32:58,04,68
Muntiacus_reevesi,2025-11-12,09:03:46,04,68
Muntiacus_reevesi,2025-11-13,01:30:10,04,68
Muntiacus_reevesi,2025-11-13,02:19:29,04,68
Muntiacus_reevesi,2025-11-13,05:52:24,04,68
Muntiacus_reevesi,2025-11-13,07:10:18,04,68
Muntiacus_reevesi,2025-11-13,07:49:21,04,68
Muntiacus_reevesi,2025-11-13,09:02:40,04,68
Muntiacus_reevesi,2025-11-13,23:09:38,04,68
Muntiacus_reevesi,2025-11-14,04:03:32,04,68
Muntiacus_reevesi,2025-11-14,05:15:48,04,68
Muntiacus_reevesi,2025-11-14,08:00:26,04,68
Muntiacus_reevesi,2025-11-14,09:06:35,04,68
Muntiacus_reevesi,2025-11-14,18:01:31,04,68
Muntiacus_reevesi,2025-11-14,19:48:37,04,68
Muntiacus_reevesi,2025-11-14,20:28:32,04,68
Muntiacus_reevesi,2025-11-14,22:03:42,04,68
Muntiacus_reevesi,2025-11-14,23:38:50,04,68
Muntiacus_reevesi,2025-11-15,05:40:46,04,68
Muntiacus_reevesi,2025-11-15,06:12:13,04,68
Muntiacus_reevesi,2025-11-15,07:24:30,04,68
Muntiacus_reevesi,2025-11-15,09:02:30,04,68
Muntiacus_reevesi,2025-11-15,11:55:51,04,68
Muntiacus_reevesi,2025-11-16,13:37:08,04,68
Muntiacus_reevesi,2025-11-16,16:16:05,04,68
Muntiacus_reevesi,2025-11-16,17:50:49,04,68
Muntiacus_reevesi,2025-11-17,04:02:59,04,68
Muntiacus_reevesi,2025-11-17,09:34:48,04,68
Muntiacus_reevesi,2025-11-17,16:39:40,04,68
Muntiacus_reevesi,2025-11-17,18:44:56,04,68
Muntiacus_reevesi,2025-11-17,23:53:29,04,68
Muntiacus_reevesi,2025-11-18,09:03:28,04,68
Muntiacus_reevesi,2025-11-18,16:25:20,04,68
Muntiacus_reevesi,2025-11-18,17:03:41,04,68
Muntiacus_reevesi,2025-11-18,19:17:08,04,68
Muntiacus_reevesi,2025-11-18,23:12:21,04,68
Muntiacus_reevesi,2025-11-19,00:12:31,04,68
Muntiacus_reevesi,2025-11-19,05:36:32,04,68
Muntiacus_reevesi,2025-11-19,08:19:22,04,68
Muntiacus_reevesi,2025-11-19,16:31:15,04,68
Muntiacus_reevesi,2025-11-19,18:07:21,04,68
Muntiacus_reevesi,2025-11-19,20:59:19,04,68
Muntiacus_reevesi,2025-11-20,03:27:12,04,68
Muntiacus_reevesi,2025-11-20,09:08:40,04,68
Muntiacus_reevesi,2025-11-20,16:32:10,04,68
Muntiacus_reevesi,2025-11-20,17:06:39,04,68
Muntiacus_reevesi,2025-11-20,21:26:34,04,68
Muntiacus_reevesi,2025-11-20,22:52:30,04,68
Muntiacus_reevesi,2025-11-21,04:55:35,04,68
Muntiacus_reevesi,2025-11-21,08:11:08,04,68
Muntiacus_reevesi,2025-11-21,10:41:20,04,68
Muntiacus_reevesi,2025-11-21,14:24:34,04,68
Muntiacus_reevesi,2025-11-21,18:17:56,04,68
Muntiacus_reevesi,2025-11-22,17:35:20,04,68
Muntiacus_reevesi,2025-11-22,19:01:12,04,68
Muntiacus_reevesi,2025-11-22,20:00:46,04,68
Muntiacus_reevesi,2025-11-23,00:04:14,04,68
Muntiacus_reevesi,2025-11-23,03:04:38,04,68
Muntiacus_reevesi,2025-11-23,10:23:57,04,68
Muntiacus_reevesi,2025-11-23,18:05:19,04,68
Muntiacus_reevesi,2025-11-23,23:53:47,04,68
Muntiacus_reevesi,2025-11-24,01:24:56,04,68
Muntiacus_reevesi,2025-11-24,05:17:06,04,68
Oryctolagus_cuniculus,2025-10-08,23:19:08,04,68
Oryctolagus_cuniculus,2025-10-09,03:00:18,04,68
Oryctolagus_cuniculus,2025-10-10,07:04:20,04,68
Oryctolagus_cuniculus,2025-10-10,19:02:41,04,68
Oryctolagus_cuniculus,2025-10-10,22:23:12,04,68
Oryctolagus_cuniculus,2025-10-11,03:59:23,04,68
Oryctolagus_cuniculus,2025-10-11,04:49:46,04,68
Oryctolagus_cuniculus,2025-10-12,01:05:45,04,68
Oryctolagus_cuniculus,2025-10-12,01:55:08,04,68
Oryctolagus_cuniculus,2025-10-13,22:26:04,04,68
Oryctolagus_cuniculus,2025-10-14,02:39:59,04,68
Oryctolagus_cuniculus,2025-10-14,03:49:52,04,68
Oryctolagus_cuniculus,2025-10-14,04:34:34,04,68
Oryctolagus_cuniculus,2025-10-15,03:32:34,04,68
Oryctolagus_cuniculus,2025-10-15,05:38:46,04,68
Oryctolagus_cuniculus,2025-10-15,20:24:13,04,68
Oryctolagus_cuniculus,2025-10-16,21:09:54,04,68
Oryctolagus_cuniculus,2025-10-16,22:35:14,04,68
Oryctolagus_cuniculus,2025-10-16,23:17:24,04,68
Oryctolagus_cuniculus,2025-10-17,23:34:37,04,68
Oryctolagus_cuniculus,2025-10-19,02:33:58,04,68
Oryctolagus_cuniculus,2025-10-20,01:41:45,04,68
Oryctolagus_cuniculus,2025-10-20,03:47:23,04,68
Oryctolagus_cuniculus,2025-10-20,05:15:21,04,68
Oryctolagus_cuniculus,2025-10-21,23:58:15,04,68
Oryctolagus_cuniculus,2025-10-22,01:54:35,04,68
Oryctolagus_cuniculus,2025-10-22,02:43:41,04,68
Oryctolagus_cuniculus,2025-10-22,04:46:10,04,68
Oryctolagus_cuniculus,2025-10-22,06:06:46,04,68
Oryctolagus_cuniculus,2025-10-24,02:56:12,04,68
Oryctolagus_cuniculus,2025-10-24,22:12:08,04,68
Oryctolagus_cuniculus,2025-10-25,05:19:13,04,68
Oryctolagus_cuniculus,2025-10-25,19:10:06,04,68
Oryctolagus_cuniculus,2025-10-25,20:34:40,04,68
Oryctolagus_cuniculus,2025-10-27,05:30:48,04,68
Oryctolagus_cuniculus,2025-10-27,07:00:19,04,68
Oryctolagus_cuniculus,2025-10-29,18:41:59,04,68
Oryctolagus_cuniculus,2025-10-29,20:21:24,04,68
Oryctolagus_cuniculus,2025-10-30,01:18:33,04,68
Oryctolagus_cuniculus,2025-10-30,04:04:51,04,68
Oryctolagus_cuniculus,2025-10-30,04:43:06,04,68
Oryctolagus_cuniculus,2025-10-30,05:17:42,04,68
Oryctolagus_cuniculus,2025-10-30,06:06:00,04,68
Oryctolagus_cuniculus,2025-10-30,07:26:16,04,68
Oryctolagus_cuniculus,2025-10-30,18:37:03,04,68
Oryctolagus_cuniculus,2025-10-30,19:25:27,04,68
Oryctolagus_cuniculus,2025-10-30,20:57:43,04,68
Oryctolagus_cuniculus,2025-11-01,22:54:11,04,68
Oryctolagus_cuniculus,2025-11-01,23:42:14,04,68
Oryctolagus_cuniculus,2025-11-02,00:43:15,04,68
Oryctolagus_cuniculus,2025-11-02,04:12:51,04,68
Oryctolagus_cuniculus,2025-11-02,04:48:16,04,68
Oryctolagus_cuniculus,2025-11-02,18:37:08,04,68
Oryctolagus_cuniculus,2025-11-03,02:43:24,04,68
Oryctolagus_cuniculus,2025-11-03,19:37:28,04,68
Oryctolagus_cuniculus,2025-11-04,04:04:16,04,68
Oryctolagus_cuniculus,2025-11-04,18:35:19,04,68
Oryctolagus_cuniculus,2025-11-05,02:55:37,04,68
Oryctolagus_cuniculus,2025-11-05,06:55:19,04,68
Oryctolagus_cuniculus,2025-11-07,06:53:07,04,68
Oryctolagus_cuniculus,2025-11-08,04:26:41,04,68
Oryctolagus_cuniculus,2025-11-08,07:29:23,04,68
Oryctolagus_cuniculus,2025-11-08,20:15:16,04,68
Oryctolagus_cuniculus,2025-11-08,23:43:38,04,68
Oryctolagus_cuniculus,2025-11-09,03:26:28,04,68
Oryctolagus_cuniculus,2025-11-09,07:21:49,04,68
Oryctolagus_cuniculus,2025-11-11,01:12:23,04,68
Oryctolagus_cuniculus,2025-11-11,03:09:25,04,68
Oryctolagus_cuniculus,2025-11-11,05:55:07,04,68
Oryctolagus_cuniculus,2025-11-11,19:27:49,04,68
Oryctolagus_cuniculus,2025-11-12,03:59:25,04,68
Oryctolagus_cuniculus,2025-11-12,19:05:00,04,68
Oryctolagus_cuniculus,2025-11-12,21:10:46,04,68
Oryctolagus_cuniculus,2025-11-13,02:12:06,04,68
Oryctolagus_cuniculus,2025-11-13,07:23:18,04,68
Oryctolagus_cuniculus,2025-11-14,01:43:32,04,68
Oryctolagus_cuniculus,2025-11-14,04:03:32,04,68
Oryctolagus_cuniculus,2025-11-15,07:41:47,04,68
Oryctolagus_cuniculus,2025-11-15,18:12:16,04,68
Oryctolagus_cuniculus,2025-11-16,04:17:01,04,68
Oryctolagus_cuniculus,2025-11-16,05:29:49,04,68
Oryctolagus_cuniculus,2025-11-18,02:14:08,04,68
Oryctolagus_cuniculus,2025-11-18,07:44:55,04,68
Oryctolagus_cuniculus,2025-11-19,20:59:20,04,68
Oryctolagus_cuniculus,2025-11-20,03:27:11,04,68
Oryctolagus_cuniculus,2025-11-21,05:32:12,04,68
Oryctolagus_cuniculus,2025-11-21,17:56:25,04,68
Oryctolagus_cuniculus,2025-11-21,23:45:40,04,68
Oryctolagus_cuniculus,2025-11-22,05:42:53,04,68
Oryctolagus_cuniculus,2025-11-23,00:42:24,04,68
Oryctolagus_cuniculus,2025-11-23,01:26:45,04,68
Phasianus_colchicus,2025-11-01,16:57:46,04,68
Sciurus_carolinensis,2025-10-09,08:09:58,04,68
Sciurus_carolinensis,2025-10-12,15:49:56,04,68
Sciurus_carolinensis,2025-10-20,17:01:09,04,68
Sciurus_carolinensis,2025-10-22,13:55:16,04,68
Sciurus_carolinensis,2025-10-24,07:52:33,04,68
Sciurus_carolinensis,2025-10-30,10:47:21,04,68
Sciurus_carolinensis,2025-10-31,08:40:39,04,68
Sciurus_carolinensis,2025-11-02,10:09:51,04,68
Sciurus_carolinensis,2025-11-04,17:36:09,04,68
Sciurus_carolinensis,2025-11-06,14:59:19,04,68
Sciurus_carolinensis,2025-11-08,08:47:21,04,68
Sciurus_carolinensis,2025-11-08,17:16:40,04,68
Sciurus_carolinensis,2025-11-12,08:28:43,04,68
Sciurus_carolinensis,2025-11-13,08:18:34,04,68
Sciurus_carolinensis,2025-11-13,09:59:12,04,68
Sciurus_carolinensis,2025-11-13,13:57:01,04,68
Sciurus_carolinensis,2025-11-13,15:29:18,04,68
Sciurus_carolinensis,2025-11-15,08:16:16,04,68
Sciurus_carolinensis,2025-11-17,16:39:40,04,68
Sciurus_carolinensis,2025-11-21,14:50:43,04,68
Sciurus_carolinensis,2025-11-21,15:31:54,04,68
Sciurus_carolinensis,2025-11-21,17:15:56,04,68
Vulpes_vulpes,2025-10-09,06:55:41,04,68
Vulpes_vulpes,2025-10-10,02:36:38,04,68
Vulpes_vulpes,2025-10-12,21:04:24,04,68
Vulpes_vulpes,2025-10-13,07:00:12,04,68
Vulpes_vulpes,2025-10-13,18:49:43,04,68
Vulpes_vulpes,2025-10-14,18:46:19,04,68
Vulpes_vulpes,2025-10-15,06:58:38,04,68
Vulpes_vulpes,2025-10-15,07:33:17,04,68
Vulpes_vulpes,2025-10-15,18:49:29,04,68
Vulpes_vulpes,2025-10-16,19:55:07,04,68
Vulpes_vulpes,2025-10-17,05:31:56,04,68
Vulpes_vulpes,2025-10-17,18:42:40,04,68
Vulpes_vulpes,2025-10-20,03:33:44,04,68
Vulpes_vulpes,2025-10-20,06:52:11,04,68
Vulpes_vulpes,2025-10-21,07:00:19,04,68
Vulpes_vulpes,2025-10-24,18:45:35,04,68
Vulpes_vulpes,2025-10-25,19:24:52,04,68
Vulpes_vulpes,2025-10-30,18:42:06,04,68
Vulpes_vulpes,2025-10-30,23:46:34,04,68
Vulpes_vulpes,2025-10-31,08:50:28,04,68
Vulpes_vulpes,2025-10-31,09:21:15,04,68
Vulpes_vulpes,2025-10-31,20:12:33,04,68
Vulpes_vulpes,2025-11-02,05:47:51,04,68
Vulpes_vulpes,2025-11-06,18:01:46,04,68
Vulpes_vulpes,2025-11-18,07:31:46,04,68
Vulpes_vulpes,2025-11-20,05:18:34,04,68
Homo_sapiens,2025-10-08,11:20:50,05,16
Muntiacus_reevesi,2025-10-09,06:37:00,05,16
Muntiacus_reevesi,2025-10-09,07:17:05,05,16
Muntiacus_reevesi,2025-10-10,07:39:14,05,16
Sciurus_carolinensis,2025-10-10,16:36:20,05,16
Muntiacus_reevesi,2025-10-11,09:08:45,05,16
Sciurus_carolinensis,2025-10-11,11:40:46,05,16
Muntiacus_reevesi,2025-10-11,14:07:45,05,16
Muntiacus_reevesi,2025-10-14,08:23:18,05,16
Sciurus_carolinensis,2025-10-14,13:02:05,05,16
Sciurus_carolinensis,2025-10-14,16:32:46,05,16
Muntiacus_reevesi,2025-10-15,16:50:15,05,16
Sciurus_carolinensis,2025-10-15,17:16:18,05,16
Sciurus_carolinensis,2025-10-16,12:41:38,05,16
Muntiacus_reevesi,2025-10-17,15:44:36,05,16
Muntiacus_reevesi,2025-10-17,23:14:46,05,16
Muntiacus_reevesi,2025-10-18,07:40:04,05,16
Muntiacus_reevesi,2025-10-18,18:25:17,05,16
Sciurus_carolinensis,2025-10-19,09:36:40,05,16
Sciurus_carolinensis,2025-10-22,10:45:51,05,16
Sciurus_carolinensis,2025-10-22,16:40:54,05,16
Muntiacus_reevesi,2025-10-23,11:33:59,05,16
Muntiacus_reevesi,2025-10-23,12:39:34,05,16
Sciurus_carolinensis,2025-10-23,12:46:43,05,16
Muntiacus_reevesi,2025/10/23,14:40:56,05,16
Muntiacus_reevesi,2025/10/23,15:25:21,05,16
Muntiacus_reevesi,2025/10/24,0:46:41,05,16
Muntiacus_reevesi,2025/10/24,8:32:01,05,16
Muntiacus_reevesi,2025/10/24,17:16:23,05,16
Muntiacus_reevesi,2025/10/24,17:58:13,05,16
Muntiacus_reevesi,2025/10/24,19:44:46,05,16
Muntiacus_reevesi,2025/10/25,5:40:51,05,16
Muntiacus_reevesi,2025/10/25,16:40:12,05,16
Muntiacus_reevesi,2025/10/25,17:50:12,05,16
Muntiacus_reevesi,2025/10/26,6:01:20,05,16
Muntiacus_reevesi,2025/10/26,10:39:30,05,16
Muntiacus_reevesi,2025/10/27,6:35:34,05,16
Sciurus_carolinensis,2025/10/28,10:17:55,05,16
Phasianus_colchicus,2025/10/28,10:59:24,05,16
Muntiacus_reevesi,2025/10/29,8:34:28,05,16
Muntiacus_reevesi,2025/10/29,9:06:12,05,16
Sciurus_carolinensis,2025/10/29,9:28:28,05,16
Muntiacus_reevesi,2025/10/29,9:43:58,05,16
Muntiacus_reevesi,2025/10/29,13:46:07,05,16
Muntiacus_reevesi,2025/10/29,18:28:14,05,16
Muntiacus_reevesi,2025/10/29,19:50:21,05,16
Muntiacus_reevesi,2025/10/29,22:46:09,05,16
Muntiacus_reevesi,2025/10/30,8:05:38,05,16
Muntiacus_reevesi,2025/10/30,10:14:11,05,16
Muntiacus_reevesi,2025/10/30,17:04:26,05,16
Muntiacus_reevesi,2025/10/30,22:20:22,05,16
Muntiacus_reevesi,2025/10/31,16:23:55,05,16
Sciurus_carolinensis,2025/11/1,9:40:28,05,16
Sciurus_carolinensis,2025/11/1,16:12:24,05,16
Muntiacus_reevesi,2025/11/2,17:11:55,05,16
Muntiacus_reevesi,2025/11/2,20:22:50,05,16
Phasianus_colchicus,2025/11/3,8:12:37,05,16
Muntiacus_reevesi,2025/11/3,8:18:26,05,16
Muntiacus_reevesi,2025/11/4,3:31:07,05,16
Muntiacus_reevesi,2025/11/4,7:38:42,05,16
Muntiacus_reevesi,2025/11/4,12:28:58,05,16
Muntiacus_reevesi,2025/11/4,16:48:42,05,16
Muntiacus_reevesi,2025/11/5,1:23:43,05,16
Muntiacus_reevesi,2025/11/5,8:13:07,05,16
Muntiacus_reevesi,2025/11/5,21:07:33,05,16
Muntiacus_reevesi,2025/11/6,2:37:16,05,16
Muntiacus_reevesi,2025/11/6,11:17:36,05,16
Sciurus_carolinensis,2025/11/6,15:40:51,05,16
Muntiacus_reevesi,2025/11/6,21:59:14,05,16
Muntiacus_reevesi,2025/11/6,22:35:14,05,16
Muntiacus_reevesi,2025/11/7,15:49:24,05,16
Muntiacus_reevesi,2025/11/7,17:47:40,05,16
Muntiacus_reevesi,2025/11/8,4:03:10,05,16
Muntiacus_reevesi,2025/11/8,8:25:40,05,16
Sciurus_carolinensis,2025/11/8,15:52:28,05,16
Muntiacus_reevesi,2025/11/8,22:31:18,05,16
Muntiacus_reevesi,2025/11/9,3:51:43,05,16
Muntiacus_reevesi,2025/11/9,8:26:49,05,16
Muntiacus_reevesi,2025/11/9,9:53:33,05,16
Sciurus_carolinensis,2025/11/9,17:12:40,05,16
Capreolus_capreolus,2025/11/10,6:23:58,05,16
Sciurus_carolinensis,2025/11/10,10:31:01,05,16
Sciurus_carolinensis,2025/11/10,11:59:04,05,16
Muntiacus_reevesi,2025/11/10,14:42:51,05,16
Muntiacus_reevesi,2025/11/10,17:31:14,05,16
Muntiacus_reevesi,2025/11/10,18:05:28,05,16
Muntiacus_reevesi,2025/11/10,23:34:33,05,16
Muntiacus_reevesi,2025/11/11,9:22:50,05,16
Muntiacus_reevesi,2025/11/11,14:47:23,05,16
Muntiacus_reevesi,2025/11/12,8:13:38,05,16
Sciurus_carolinensis,2025/11/12,11:25:12,05,16
Muntiacus_reevesi,2025/11/12,16:06:15,05,16
Muntiacus_reevesi,2025/11/13,3:07:42,05,16
Muntiacus_reevesi,2025/11/13,4:07:07,05,16
Muntiacus_reevesi,2025/11/13,9:13:08,05,16
Muntiacus_reevesi,2025/11/13,10:24:58,05,16
Muntiacus_reevesi,2025/11/13,15:46:36,05,16
Muntiacus_reevesi,2025/11/13,17:57:55,05,16
Muntiacus_reevesi,2025/11/14,5:07:59,05,16
Muntiacus_reevesi,2025/11/14,8:36:30,05,16
Sciurus_carolinensis,2025/11/14,15:31:53,05,16
Muntiacus_reevesi,2025/11/14,17:00:20,05,16
Muntiacus_reevesi,2025/11/15,10:05:18,05,16
Sciurus_carolinensis,2025/11/15,13:05:00,05,16
Sciurus_carolinensis,2025/11/15,13:35:06,05,16
Columba_palumbus,2025/11/15,15:59:21,05,16
Muntiacus_reevesi,2025/11/15,18:22:08,05,16
Muntiacus_reevesi,2025-11-16,01:44:19,05,16
Muntiacus_reevesi,2025-11-16,17:21:18,05,16
Muntiacus_reevesi,2025-11-16,18:01:35,05,16
Muntiacus_reevesi,2025-11-16,20:50:14,05,16
Muntiacus_reevesi,2025-11-17,01:55:35,05,16
Muntiacus_reevesi,2025-11-17,05:18:00,05,16
Muntiacus_reevesi,2025-11-17,06:14:48,05,16
Muntiacus_reevesi,2025-11-17,08:05:54,05,16
Muntiacus_reevesi,2025-11-17,08:45:48,05,16
Columba_palumbus,2025-11-17,11:35:18,05,16
Muntiacus_reevesi,2025-11-18,08:52:28,05,16
Muntiacus_reevesi,2025-11-18,09:37:49,05,16
Sciurus_carolinensis,2025-11-18,15:20:49,05,16
Muntiacus_reevesi,2025-11-18,17:10:08,05,16
Muntiacus_reevesi,2025-11-19,01:16:54,05,16
Capreolus_capreolus,2025-11-19,12:43:40,05,16
Muntiacus_reevesi,2025-11-19,18:17:56,05,16
Muntiacus_reevesi,2025-11-19,23:21:07,05,16
Muntiacus_reevesi,2025-11-19,23:56:56,05,16
Muntiacus_reevesi,2025-11-20,01:50:21,05,16
Muntiacus_reevesi,2025-11-20,07:33:41,05,16
Muntiacus_reevesi,2025-11-20,08:41:02,05,16
Sciurus_carolinensis,2025-11-20,09:39:10,05,16
Columba_palumbus,2025-11-20,11:05:51,05,16
Muntiacus_reevesi,2025-11-20,13:25:11,05,16
Muntiacus_reevesi,2025-11-20,16:37:24,05,16
Muntiacus_reevesi,2025-11-21,01:24:41,05,16
Muntiacus_reevesi,2025-11-21,11:37:33,05,16
Sciurus_carolinensis,2025-11-21,14:26:11,05,16
Muntiacus_reevesi,2025-11-21,17:49:26,05,16
Muntiacus_reevesi,2025-11-22,04:04:09,05,16
Muntiacus_reevesi,2025-11-22,08:17:24,05,16
Muntiacus_reevesi,2025-11-22,10:44:59,05,16
Muntiacus_reevesi,2025-11-22,14:33:37,05,16
Muntiacus_reevesi,2025-11-23,17:18:31,05,16
Muntiacus_reevesi,2025-11-24,01:17:49,05,16
Muntiacus_reevesi,2025-11-24,05:53:46,05,16
Homo_sapiens,2025-11-24,11:44:25,05,16
Muntiacus_reevesi,09/10/2025,6:37:00,05,16
Muntiacus_reevesi,09/10/2025,7:17:05,05,16
Muntiacus_reevesi,10/10/2025,7:39:14,05,16
Sciurus_carolinensis,10/10/2025,16:36:20,05,16
Muntiacus_reevesi,11/10/2025,9:08:45,05,16
Sciurus_carolinensis,11/10/2025,11:40:46,05,16
Muntiacus_reevesi,11/10/2025,14:07:45,05,16
Muntiacus_reevesi,14/10/2025,8:23:18,05,16
Sciurus_carolinensis,14/10/2025,13:02:05,05,16
Sciurus_carolinensis,14/10/2025,16:32:46,05,16
Muntiacus_reevesi,15/10/2025,16:50:15,05,16
Sciurus_carolinensis,15/10/2025,17:16:18,05,16
Sciurus_carolinensis,16/10/2025,12:41:38,05,16
Muntiacus_reevesi,17/10/2025,15:44:36,05,16
Muntiacus_reevesi,17/10/2025,23:14:46,05,16
Muntiacus_reevesi,18/10/2025,7:40:04,05,16
Muntiacus_reevesi,18/10/2025,18:25:17,05,16
Sciurus_carolinensis,19/10/2025,9:36:40,05,16
Sciurus_carolinensis,22/10/2025,10:45:51,05,16
Sciurus_carolinensis,22/10/2025,16:40:54,05,16
Muntiacus_reevesi,23/10/2025,11:33:59,05,16
Muntiacus_reevesi,23/10/2025,12:39:34,05,16
Sciurus_carolinensis,23/10/2025,12:46:43,05,16
Muntiacus_reevesi,23/10/2025,14:40:56,05,16
Muntiacus_reevesi,23/10/2025,15:25:21,05,16
Muntiacus_reevesi,24/10/2025,0:46:41,05,16
Muntiacus_reevesi,24/10/2025,8:32:01,05,16
Muntiacus_reevesi,24/10/2025,17:16:23,05,16
Muntiacus_reevesi,24/10/2025,17:58:13,05,16
Muntiacus_reevesi,24/10/2025,19:44:46,05,16
Muntiacus_reevesi,25/10/2025,5:40:51,05,16
Muntiacus_reevesi,25/10/2025,16:40:12,05,16
Muntiacus_reevesi,25/10/2025,17:50:12,05,16
Muntiacus_reevesi,26/10/2025,6:01:20,05,16
Muntiacus_reevesi,26/10/2025,10:39:30,05,16
Muntiacus_reevesi,27/10/2025,6:35:34,05,16
Sciurus_carolinensis,28/10/2025,10:17:55,05,16
Phasianus_colchicus,28/10/2025,10:59:24,05,16
Muntiacus_reevesi,29/10/2025,8:34:28,05,16
Muntiacus_reevesi,29/10/2025,9:06:12,05,16
Sciurus_carolinensis,29/10/2025,9:28:28,05,16
Muntiacus_reevesi,29/10/2025,9:43:58,05,16
Muntiacus_reevesi,29/10/2025,13:46:07,05,16
Muntiacus_reevesi,29/10/2025,18:28:14,05,16
Muntiacus_reevesi,29/10/2025,19:50:21,05,16
Muntiacus_reevesi,29/10/2025,22:46:09,05,16
Muntiacus_reevesi,30/10/2025,8:05:38,05,16
Muntiacus_reevesi,30/10/2025,10:14:11,05,16
Muntiacus_reevesi,30/10/2025,17:04:26,05,16
Muntiacus_reevesi,30/10/2025,22:20:22,05,16
Muntiacus_reevesi,31/10/2025,16:23:55,05,16
Sciurus_carolinensis,01/11/2025,9:40:28,05,16
Sciurus_carolinensis,01/11/2025,16:12:24,05,16
Muntiacus_reevesi,02/11/2025,17:11:55,05,16
Muntiacus_reevesi,02/11/2025,20:22:50,05,16
Phasianus_colchicus,03/11/2025,8:12:37,05,16
Muntiacus_reevesi,03/11/2025,8:18:26,05,16
Muntiacus_reevesi,04/11/2025,3:31:07,05,16
Muntiacus_reevesi,04/11/2025,7:38:42,05,16
Muntiacus_reevesi,04/11/2025,12:28:58,05,16
Muntiacus_reevesi,04/11/2025,16:48:42,05,16
Muntiacus_reevesi,05/11/2025,1:23:43,05,16
Muntiacus_reevesi,05/11/2025,8:13:07,05,16
Muntiacus_reevesi,05/11/2025,21:07:33,05,16
Muntiacus_reevesi,06/11/2025,2:37:16,05,16
Muntiacus_reevesi,06/11/2025,11:17:36,05,16
Sciurus_carolinensis,06/11/2025,15:40:51,05,16
Muntiacus_reevesi,06/11/2025,21:59:14,05,16
Muntiacus_reevesi,06/11/2025,22:35:14,05,16
Muntiacus_reevesi,07/11/2025,15:49:24,05,16
Muntiacus_reevesi,07/11/2025,17:47:40,05,16
Muntiacus_reevesi,08/11/2025,4:03:10,05,16
Muntiacus_reevesi,08/11/2025,8:25:40,05,16
Sciurus_carolinensis,08/11/2025,15:52:28,05,16
Muntiacus_reevesi,08/11/2025,22:31:18,05,16
Muntiacus_reevesi,09/11/2025,3:51:43,05,16
Muntiacus_reevesi,09/11/2025,8:26:49,05,16
Muntiacus_reevesi,09/11/2025,9:53:33,05,16
Sciurus_carolinensis,09/11/2025,17:12:40,05,16
Capreolus_capreolus,10/11/2025,6:23:58,05,16
Sciurus_carolinensis,10/11/2025,10:31:01,05,16
Sciurus_carolinensis,10/11/2025,11:59:04,05,16
Muntiacus_reevesi,10/11/2025,14:42:51,05,16
Muntiacus_reevesi,10/11/2025,17:31:14,05,16
Muntiacus_reevesi,10/11/2025,18:05:28,05,16
Muntiacus_reevesi,10/11/2025,23:34:33,05,16
Muntiacus_reevesi,11/11/2025,9:22:50,05,16
Muntiacus_reevesi,11/11/2025,14:47:23,05,16
Muntiacus_reevesi,12/11/2025,8:13:38,05,16
Sciurus_carolinensis,12/11/2025,11:25:12,05,16
Muntiacus_reevesi,12/11/2025,16:06:15,05,16
Muntiacus_reevesi,13/11/2025,3:07:42,05,16
Muntiacus_reevesi,13/11/2025,4:07:07,05,16
Muntiacus_reevesi,13/11/2025,9:13:08,05,16
Muntiacus_reevesi,13/11/2025,10:24:58,05,16
Muntiacus_reevesi,13/11/2025,15:46:36,05,16
Muntiacus_reevesi,13/11/2025,17:57:55,05,16
Muntiacus_reevesi,14/11/2025,5:07:59,05,16
Muntiacus_reevesi,14/11/2025,8:36:30,05,16
Sciurus_carolinensis,14/11/2025,15:31:53,05,16
Muntiacus_reevesi,14/11/2025,17:00:20,05,16
Muntiacus_reevesi,15/11/2025,10:05:18,05,16
Sciurus_carolinensis,15/11/2025,13:05:00,05,16
Sciurus_carolinensis,15/11/2025,13:35:06,05,16
Columba_palumbus,15/11/2025,15:59:21,05,16
Muntiacus_reevesi,15/11/2025,18:22:08,05,16
Muntiacus_reevesi,16/11/2025,1:44:19,05,16
Muntiacus_reevesi,16/11/2025,17:21:18,05,16
Muntiacus_reevesi,16/11/2025,18:01:35,05,16
Muntiacus_reevesi,16/11/2025,20:50:14,05,16
Muntiacus_reevesi,17/11/2025,1:55:35,05,16
Muntiacus_reevesi,17/11/2025,5:18:00,05,16
Muntiacus_reevesi,17/11/2025,6:14:48,05,16
Muntiacus_reevesi,17/11/2025,8:05:54,05,16
Muntiacus_reevesi,17/11/2025,8:45:48,05,16
Columba_palumbus,17/11/2025,11:35:18,05,16
Muntiacus_reevesi,18/11/2025,8:52:28,05,16
Muntiacus_reevesi,18/11/2025,9:37:49,05,16
Sciurus_carolinensis,18/11/2025,15:20:49,05,16
Muntiacus_reevesi,18/11/2025,17:10:08,05,16
Muntiacus_reevesi,19/11/2025,1:16:54,05,16
Capreolus_capreolus,19/11/2025,12:43:40,05,16
Muntiacus_reevesi,19/11/2025,18:17:56,05,16
Muntiacus_reevesi,19/11/2025,23:21:07,05,16
Muntiacus_reevesi,19/11/2025,23:56:56,05,16
Muntiacus_reevesi,20/11/2025,1:50:21,05,16
Muntiacus_reevesi,20/11/2025,7:33:41,05,16
Muntiacus_reevesi,20/11/2025,8:41:02,05,16
Sciurus_carolinensis,20/11/2025,9:39:10,05,16
Columba_palumbus,20/11/2025,11:05:51,05,16
Muntiacus_reevesi,20/11/2025,13:25:11,05,16
Muntiacus_reevesi,20/11/2025,16:37:24,05,16
Muntiacus_reevesi,21/11/2025,1:24:41,05,16
Muntiacus_reevesi,21/11/2025,11:37:33,05,16
Sciurus_carolinensis,21/11/2025,14:26:11,05,16
Muntiacus_reevesi,21/11/2025,17:49:26,05,16
Muntiacus_reevesi,22/11/2025,4:04:09,05,16
Muntiacus_reevesi,22/11/2025,8:17:24,05,16
Muntiacus_reevesi,22/11/2025,10:44:59,05,16
Muntiacus_reevesi,22/11/2025,14:33:37,05,16
Muntiacus_reevesi,23/11/2025,17:18:31,05,16
Muntiacus_reevesi,24/11/2025,1:17:49,05,16
Muntiacus_reevesi,24/11/2025,5:53:46,05,16
Capreolus_capreolus,2025-11-10,06:23:58,05,16
Columba_palumbus,2025-11-15,15:59:21,05,16
Muntiacus_reevesi,2025-11-05,21:07:33,05,16
Muntiacus_reevesi,2025-11-06,02:37:16,05,16
Muntiacus_reevesi,2025-11-06,11:17:36,05,16
Muntiacus_reevesi,2025-11-06,21:59:14,05,16
Muntiacus_reevesi,2025-11-06,22:35:14,05,16
Muntiacus_reevesi,2025-11-07,15:49:24,05,16
Muntiacus_reevesi,2025-11-07,17:47:40,05,16
Muntiacus_reevesi,2025-11-08,04:03:10,05,16
Muntiacus_reevesi,2025-11-08,08:25:40,05,16
Muntiacus_reevesi,2025-11-08,22:31:18,05,16
Muntiacus_reevesi,2025-11-09,03:51:43,05,16
Muntiacus_reevesi,2025-11-09,08:26:49,05,16
Muntiacus_reevesi,2025-11-09,09:53:33,05,16
Muntiacus_reevesi,2025-11-10,14:42:51,05,16
Muntiacus_reevesi,2025-11-10,17:31:14,05,16
Muntiacus_reevesi,2025-11-10,18:05:28,05,16
Muntiacus_reevesi,2025-11-10,23:34:33,05,16
Muntiacus_reevesi,2025-11-11,09:22:50,05,16
Muntiacus_reevesi,2025-11-11,14:47:23,05,16
Muntiacus_reevesi,2025-11-12,08:13:38,05,16
Muntiacus_reevesi,2025-11-12,16:06:15,05,16
Muntiacus_reevesi,2025-11-13,03:07:42,05,16
Muntiacus_reevesi,2025-11-13,04:07:07,05,16
Muntiacus_reevesi,2025-11-13,09:13:08,05,16
Muntiacus_reevesi,2025-11-13,10:24:58,05,16
Muntiacus_reevesi,2025-11-13,15:46:36,05,16
Muntiacus_reevesi,2025-11-13,17:57:55,05,16
Muntiacus_reevesi,2025-11-14,05:07:59,05,16
Muntiacus_reevesi,2025-11-14,08:36:30,05,16
Muntiacus_reevesi,2025-11-14,17:00:20,05,16
Muntiacus_reevesi,2025-11-15,10:05:18,05,16
Muntiacus_reevesi,2025-11-15,18:22:08,05,16
Sciurus_carolinensis,2025-11-06,15:40:51,05,16
Sciurus_carolinensis,2025-11-08,15:52:28,05,16
Sciurus_carolinensis,2025-11-09,17:12:40,05,16
Sciurus_carolinensis,2025-11-10,10:31:01,05,16
Sciurus_carolinensis,2025-11-10,11:59:04,05,16
Sciurus_carolinensis,2025-11-12,11:25:12,05,16
Sciurus_carolinensis,2025-11-14,15:31:53,05,16
Sciurus_carolinensis,2025-11-15,13:05:00,05,16
Sciurus_carolinensis,2025-11-15,13:35:06,05,16
Muntiacus_reevesi,2025-10-23,14:40:56,05,16
Muntiacus_reevesi,2025-10-23,15:25:21,05,16
Muntiacus_reevesi,2025-10-24,00:46:41,05,16
Muntiacus_reevesi,2025-10-24,08:32:01,05,16
Muntiacus_reevesi,2025-10-24,17:16:23,05,16
Muntiacus_reevesi,2025-10-24,17:58:13,05,16
Muntiacus_reevesi,2025-10-24,19:44:46,05,16
Muntiacus_reevesi,2025-10-25,05:40:51,05,16
Muntiacus_reevesi,2025-10-25,16:40:12,05,16
Muntiacus_reevesi,2025-10-25,17:50:12,05,16
Muntiacus_reevesi,2025-10-26,06:01:20,05,16
Muntiacus_reevesi,2025-10-26,10:39:30,05,16
Muntiacus_reevesi,2025-10-27,06:35:34,05,16
Muntiacus_reevesi,2025-10-29,08:34:28,05,16
Muntiacus_reevesi,2025-10-29,09:06:12,05,16
Muntiacus_reevesi,2025-10-29,09:43:58,05,16
Muntiacus_reevesi,2025-10-29,13:46:07,05,16
Muntiacus_reevesi,2025-10-29,18:28:14,05,16
Muntiacus_reevesi,2025-10-29,19:50:21,05,16
Muntiacus_reevesi,2025-10-29,22:46:09,05,16
Muntiacus_reevesi,2025-10-30,08:05:38,05,16
Muntiacus_reevesi,2025-10-30,10:14:11,05,16
Muntiacus_reevesi,2025-10-30,17:04:26,05,16
Muntiacus_reevesi,2025-10-30,22:20:22,05,16
Muntiacus_reevesi,2025-10-31,16:23:55,05,16
Muntiacus_reevesi,2025-11-02,17:11:55,05,16
Muntiacus_reevesi,2025-11-02,20:22:50,05,16
Muntiacus_reevesi,2025-11-03,08:18:26,05,16
Muntiacus_reevesi,2025-11-04,03:31:07,05,16
Muntiacus_reevesi,2025-11-04,07:38:42,05,16
Muntiacus_reevesi,2025-11-04,12:28:58,05,16
Muntiacus_reevesi,2025-11-04,16:48:42,05,16
Muntiacus_reevesi,2025-11-05,01:23:43,05,16
Muntiacus_reevesi,2025-11-05,08:13:07,05,16
Phasianus_colchicus,2025-10-28,10:59:24,05,16
Phasianus_colchicus,2025-11-03,08:12:37,05,16
Sciurus_carolinensis,2025-10-28,10:17:55,05,16
Sciurus_carolinensis,2025-10-29,09:28:28,05,16
Sciurus_carolinensis,2025-11-01,09:40:28,05,16
Sciurus_carolinensis,2025-11-01,16:12:24,05,16
Muntiacus_reevesi,2025-10-11,09:08:45,05,16
Muntiacus_reevesi,2025-10-11,14:07:45,05,16
Muntiacus_reevesi,2025-10-14,08:23:18,05,16
Muntiacus_reevesi,2025-10-15,16:50:15,05,16
Muntiacus_reevesi,2025-10-17,15:44:36,05,16
Muntiacus_reevesi,2025-10-17,23:14:46,05,16
Muntiacus_reevesi,2025-10-18,07:40:04,05,16
Muntiacus_reevesi,2025-10-18,18:25:17,05,16
Muntiacus_reevesi,2025-10-23,11:33:59,05,16
Muntiacus_reevesi,2025-10-23,12:39:34,05,16
Sciurus_carolinensis,2025-10-10,16:36:20,05,16
Sciurus_carolinensis,2025-10-11,11:40:46,05,16
Sciurus_carolinensis,2025-10-14,13:02:05,05,16
Sciurus_carolinensis,2025-10-14,16:32:46,05,16
Sciurus_carolinensis,2025-10-15,17:16:18,05,16
Sciurus_carolinensis,2025-10-16,12:41:38,05,16
Sciurus_carolinensis,2025-10-19,09:36:40,05,16
Sciurus_carolinensis,2025-10-22,10:45:51,05,16
Sciurus_carolinensis,2025-10-22,16:40:54,05,16
Capreolus_capreolus,2025-11-19,12:43:40,05,16
Columba_palumbus,2025-11-17,11:35:18,05,16
Columba_palumbus,2025-11-20,11:05:51,05,16
Homo_sapiens,2025-11-24,11:44:25,05,16
Muntiacus_reevesi,2025-11-16,01:44:19,05,16
Muntiacus_reevesi,2025-11-16,17:21:18,05,16
Muntiacus_reevesi,2025-11-16,18:01:35,05,16
Muntiacus_reevesi,2025-11-16,20:50:14,05,16
Muntiacus_reevesi,2025-11-17,01:55:35,05,16
Muntiacus_reevesi,2025-11-17,05:18:00,05,16
Muntiacus_reevesi,2025-11-17,06:14:48,05,16
Muntiacus_reevesi,2025-11-17,08:05:54,05,16
Muntiacus_reevesi,2025-11-17,08:45:48,05,16
Muntiacus_reevesi,2025-11-18,08:52:28,05,16
Muntiacus_reevesi,2025-11-18,09:37:49,05,16
Muntiacus_reevesi,2025-11-18,17:10:08,05,16
Muntiacus_reevesi,2025-11-19,01:16:54,05,16
Muntiacus_reevesi,2025-11-19,18:17:56,05,16
Muntiacus_reevesi,2025-11-19,23:21:07,05,16
Muntiacus_reevesi,2025-11-19,23:56:56,05,16
Muntiacus_reevesi,2025-11-20,01:50:21,05,16
Muntiacus_reevesi,2025-11-20,07:33:41,05,16
Muntiacus_reevesi,2025-11-20,08:41:02,05,16
Muntiacus_reevesi,2025-11-20,13:25:11,05,16
Muntiacus_reevesi,2025-11-20,16:37:24,05,16
Muntiacus_reevesi,2025-11-21,01:24:41,05,16
Muntiacus_reevesi,2025-11-21,11:37:33,05,16
Muntiacus_reevesi,2025-11-21,17:49:26,05,16
Muntiacus_reevesi,2025-11-22,04:04:09,05,16
Muntiacus_reevesi,2025-11-22,08:17:24,05,16
Muntiacus_reevesi,2025-11-22,10:44:59,05,16
Muntiacus_reevesi,2025-11-22,14:33:37,05,16
Muntiacus_reevesi,2025-11-23,17:18:31,05,16
Muntiacus_reevesi,2025-11-24,01:17:49,05,16
Muntiacus_reevesi,2025-11-24,05:53:46,05,16
Sciurus_carolinensis,2025-11-18,15:20:49,05,16
Sciurus_carolinensis,2025-11-20,09:39:10,05,16
Sciurus_carolinensis,2025-11-21,14:26:11,05,16
Capreolus_capreolus,2025-10-14,19:39:53,07,45
Capreolus_capreolus,2025-10-19,12:21:33,07,45
Capreolus_capreolus,2025-10-19,12:52:50,07,45
Capreolus_capreolus,2025-10-20,14:32:38,07,45
Capreolus_capreolus,2025-10-23,16:46:32,07,45
Capreolus_capreolus,2025-10-25,09:57:00,07,45
Capreolus_capreolus,2025-11-01,10:00:07,07,45
Capreolus_capreolus,2025-11-02,11:14:40,07,45
Columba_palumbus,2025-10-12,17:40:02,07,45
Columba_palumbus,2025-10-26,09:41:38,07,45
Columba_palumbus,2025-11-20,12:26:49,07,45
Muntiacus_reevesi,2025-10-08,18:41:03,07,45
Muntiacus_reevesi,2025-10-08,20:08:49,07,45
Muntiacus_reevesi,2025-10-09,02:42:21,07,45
Muntiacus_reevesi,2025-10-09,06:58:31,07,45
Muntiacus_reevesi,2025-10-09,18:25:09,07,45
Muntiacus_reevesi,2025-10-09,19:39:19,07,45
Muntiacus_reevesi,2025-10-10,09:20:40,07,45
Muntiacus_reevesi,2025-10-10,18:08:59,07,45
Muntiacus_reevesi,2025-10-11,08:43:26,07,45
Muntiacus_reevesi,2025-10-11,15:25:37,07,45
Muntiacus_reevesi,2025-10-11,18:49:45,07,45
Muntiacus_reevesi,2025-10-12,08:21:13,07,45
Muntiacus_reevesi,2025-10-12,09:19:00,07,45
Muntiacus_reevesi,2025-10-12,16:46:07,07,45
Muntiacus_reevesi,2025-10-12,17:55:10,07,45
Muntiacus_reevesi,2025-10-13,08:45:34,07,45
Muntiacus_reevesi,2025-10-13,12:21:31,07,45
Muntiacus_reevesi,2025-10-13,14:45:52,07,45
Muntiacus_reevesi,2025-10-14,03:56:07,07,45
Muntiacus_reevesi,2025-10-14,07:48:13,07,45
Muntiacus_reevesi,2025-10-14,08:45:56,07,45
Muntiacus_reevesi,2025-10-14,09:28:02,07,45
Muntiacus_reevesi,2025-10-15,19:48:07,07,45
Muntiacus_reevesi,2025-10-16,02:03:20,07,45
Muntiacus_reevesi,2025-10-16,07:28:46,07,45
Muntiacus_reevesi,2025-10-16,08:19:13,07,45
Muntiacus_reevesi,2025-10-16,17:24:48,07,45
Muntiacus_reevesi,2025-10-17,17:10:43,07,45
Muntiacus_reevesi,2025-10-18,14:24:37,07,45
Muntiacus_reevesi,2025-10-18,14:58:02,07,45
Muntiacus_reevesi,2025-10-18,15:58:19,07,45
Muntiacus_reevesi,2025-10-19,13:06:43,07,45
Muntiacus_reevesi,2025-10-20,17:07:04,07,45
Muntiacus_reevesi,2025-10-21,14:45:50,07,45
Muntiacus_reevesi,2025-10-21,15:17:49,07,45
Muntiacus_reevesi,2025-10-21,17:41:05,07,45
Muntiacus_reevesi,2025-10-22,00:47:07,07,45
Muntiacus_reevesi,2025-10-22,13:49:48,07,45
Muntiacus_reevesi,2025-10-22,16:39:14,07,45
Muntiacus_reevesi,2025-10-23,14:59:02,07,45
Muntiacus_reevesi,2025-10-27,09:24:07,07,45
Muntiacus_reevesi,2025-10-30,16:49:40,07,45
Muntiacus_reevesi,2025-11-02,11:06:15,07,45
Muntiacus_reevesi,2025-11-02,16:06:44,07,45
Muntiacus_reevesi,2025-11-03,09:14:18,07,45
Muntiacus_reevesi,2025-11-08,09:41:17,07,45
Muntiacus_reevesi,2025-11-09,09:16:58,07,45
Muntiacus_reevesi,2025-11-09,15:39:05,07,45
Muntiacus_reevesi,2025-11-10,15:22:25,07,45
Muntiacus_reevesi,2025-11-12,10:14:16,07,45
Muntiacus_reevesi,2025-11-13,13:26:57,07,45
Muntiacus_reevesi,2025-11-15,09:56:14,07,45
Muntiacus_reevesi,2025-11-18,16:00:44,07,45
Muntiacus_reevesi,2025-11-21,09:42:05,07,45
Muntiacus_reevesi,2025-11-21,10:33:19,07,45
Muntiacus_reevesi,2025-11-21,14:21:24,07,45
Muntiacus_reevesi,2025-11-22,14:54:44,07,45
Oryctolagus_cuniculus,2025-10-08,22:20:25,07,45
Oryctolagus_cuniculus,2025-10-10,04:12:11,07,45
Oryctolagus_cuniculus,2025-10-10,21:12:19,07,45
Oryctolagus_cuniculus,2025-10-11,23:52:17,07,45
Oryctolagus_cuniculus,2025-10-12,05:14:16,07,45
Oryctolagus_cuniculus,2025-10-12,21:08:42,07,45
Oryctolagus_cuniculus,2025-10-14,17:15:00,07,45
Oryctolagus_cuniculus,2025-10-19,04:56:20,07,45
Oryctolagus_cuniculus,2025-10-20,23:26:59,07,45
Oryctolagus_cuniculus,2025-10-21,06:52:06,07,45
Oryctolagus_cuniculus,2025-10-21,23:32:08,07,45
Oryctolagus_cuniculus,2025-10-23,15:07:10,07,45
Oryctolagus_cuniculus,2025-10-24,15:43:39,07,45
Oryctolagus_cuniculus,2025-10-25,16:15:28,07,45
Oryctolagus_cuniculus,2025-11-04,10:13:22,07,45
Oryctolagus_cuniculus,2025-11-08,09:12:55,07,45
Phasianus_colchicus,2025-10-08,12:06:58,07,45
Phasianus_colchicus,2025-10-08,14:35:05,07,45
Phasianus_colchicus,2025-10-09,13:51:10,07,45
Phasianus_colchicus,2025-10-09,18:17:18,07,45
Phasianus_colchicus,2025-10-12,17:08:15,07,45
Phasianus_colchicus,2025-10-14,08:21:27,07,45
Phasianus_colchicus,2025-10-15,17:23:02,07,45
Phasianus_colchicus,2025-10-16,07:39:58,07,45
Phasianus_colchicus,2025-10-16,17:10:08,07,45
Phasianus_colchicus,2025-10-17,15:12:50,07,45
Phasianus_colchicus,2025-10-17,17:32:07,07,45
Phasianus_colchicus,2025-10-20,17:25:48,07,45
Phasianus_colchicus,2025-10-22,14:39:38,07,45
Phasianus_colchicus,2025-10-23,12:36:48,07,45
Phasianus_colchicus,2025-10-23,13:16:51,07,45
Phasianus_colchicus,2025-10-23,14:39:48,07,45
Phasianus_colchicus,2025-10-24,14:22:32,07,45
Phasianus_colchicus,2025-10-24,16:24:06,07,45
Phasianus_colchicus,2025-10-25,09:11:35,07,45
Phasianus_colchicus,2025-10-26,13:49:51,07,45
Phasianus_colchicus,2025-10-26,15:33:05,07,45
Phasianus_colchicus,2025-10-30,12:05:17,07,45
Phasianus_colchicus,2025-10-31,15:14:44,07,45
Phasianus_colchicus,2025-11-01,13:25:21,07,45
Phasianus_colchicus,2025-11-01,15:48:50,07,45
Phasianus_colchicus,2025-11-02,10:41:49,07,45
Phasianus_colchicus,2025-11-02,16:08:37,07,45
Phasianus_colchicus,2025-11-03,16:30:44,07,45
Phasianus_colchicus,2025-11-04,16:18:54,07,45
Phasianus_colchicus,2025-11-05,15:55:56,07,45
Phasianus_colchicus,2025-11-06,16:14:06,07,45
Phasianus_colchicus,2025-11-07,14:44:21,07,45
Phasianus_colchicus,2025-11-12,15:07:44,07,45
Phasianus_colchicus,2025-11-20,15:22:11,07,45
Phasianus_colchicus,2025-11-20,16:17:41,07,45
Phasianus_colchicus,2025-11-21,13:41:11,07,45
Phasianus_colchicus,2025-11-23,13:47:15,07,45
Sciurus_carolinensis,2025-10-08,13:25:26,07,45
Sciurus_carolinensis,2025-10-09,10:16:54,07,45
Sciurus_carolinensis,2025-10-09,12:04:17,07,45
Sciurus_carolinensis,2025-10-10,12:42:28,07,45
Sciurus_carolinensis,2025-10-10,13:19:51,07,45
Sciurus_carolinensis,2025-10-11,08:21:31,07,45
Sciurus_carolinensis,2025-10-11,10:17:37,07,45
Sciurus_carolinensis,2025-10-12,09:28:36,07,45
Sciurus_carolinensis,2025-10-12,11:52:47,07,45
Sciurus_carolinensis,2025-10-13,11:42:14,07,45
Sciurus_carolinensis,2025-10-13,13:40:50,07,45
Sciurus_carolinensis,2025-10-14,13:23:12,07,45
Sciurus_carolinensis,2025-10-14,14:54:34,07,45
Sciurus_carolinensis,2025-10-14,16:26:40,07,45
Sciurus_carolinensis,2025-10-15,09:43:16,07,45
Sciurus_carolinensis,2025-10-15,11:45:58,07,45
Sciurus_carolinensis,2025-10-16,09:51:31,07,45
Sciurus_carolinensis,2025-10-16,12:25:36,07,45
Sciurus_carolinensis,2025-10-16,17:58:24,07,45
Sciurus_carolinensis,2025-10-17,08:53:41,07,45
Sciurus_carolinensis,2025-10-17,15:44:33,07,45
Sciurus_carolinensis,2025-10-17,16:50:25,07,45
Sciurus_carolinensis,2025-10-18,15:24:48,07,45
Sciurus_carolinensis,2025-10-19,09:15:15,07,45
Sciurus_carolinensis,2025-10-19,11:58:03,07,45
Sciurus_carolinensis,2025-10-19,12:41:37,07,45
Sciurus_carolinensis,2025-10-19,13:31:55,07,45
Sciurus_carolinensis,2025-10-20,07:44:51,07,45
Sciurus_carolinensis,2025-10-20,15:31:17,07,45
Sciurus_carolinensis,2025-10-20,17:18:51,07,45
Sciurus_carolinensis,2025-10-21,13:26:21,07,45
Sciurus_carolinensis,2025-10-21,17:21:25,07,45
Sciurus_carolinensis,2025-10-22,09:09:32,07,45
Sciurus_carolinensis,2025-10-22,10:21:19,07,45
Sciurus_carolinensis,2025-10-22,12:25:14,07,45
Sciurus_carolinensis,2025-10-22,14:10:00,07,45
Sciurus_carolinensis,2025-10-22,14:54:11,07,45
Sciurus_carolinensis,2025-10-22,15:41:46,07,45
Sciurus_carolinensis,2025-10-23,15:30:02,07,45
Sciurus_carolinensis,2025-10-24,10:36:19,07,45
Sciurus_carolinensis,2025-10-24,11:27:44,07,45
Sciurus_carolinensis,2025-10-24,13:21:12,07,45
Sciurus_carolinensis,2025-10-24,14:47:15,07,45
Sciurus_carolinensis,2025-10-25,09:14:21,07,45
Sciurus_carolinensis,2025-10-25,10:29:33,07,45
Sciurus_carolinensis,2025-10-26,13:02:35,07,45
Sciurus_carolinensis,2025-10-26,13:36:56,07,45
Sciurus_carolinensis,2025-10-26,14:22:05,07,45
Sciurus_carolinensis,2025-10-26,16:13:15,07,45
Sciurus_carolinensis,2025-10-27,16:09:25,07,45
Sciurus_carolinensis,2025-10-28,12:45:36,07,45
Sciurus_carolinensis,2025-10-28,13:32:54,07,45
Sciurus_carolinensis,2025-10-28,14:19:27,07,45
Sciurus_carolinensis,2025-10-28,15:24:44,07,45
Sciurus_carolinensis,2025-10-29,11:29:16,07,45
Sciurus_carolinensis,2025-10-29,12:10:20,07,45
Sciurus_carolinensis,2025-10-29,14:39:11,07,45
Sciurus_carolinensis,2025-10-30,09:39:39,07,45
Sciurus_carolinensis,2025-10-30,10:09:47,07,45
Sciurus_carolinensis,2025-10-30,15:59:17,07,45
Sciurus_carolinensis,2025-10-31,10:12:13,07,45
Sciurus_carolinensis,2025-10-31,14:48:10,07,45
Sciurus_carolinensis,2025-10-31,15:26:28,07,45
Sciurus_carolinensis,2025-11-01,10:52:31,07,45
Sciurus_carolinensis,2025-11-01,11:59:35,07,45
Sciurus_carolinensis,2025-11-01,13:30:23,07,45
Sciurus_carolinensis,2025-11-01,15:07:23,07,45
Sciurus_carolinensis,2025-11-02,14:46:54,07,45
Sciurus_carolinensis,2025-11-03,09:25:52,07,45
Sciurus_carolinensis,2025-11-03,10:27:28,07,45
Sciurus_carolinensis,2025-11-03,11:08:37,07,45
Sciurus_carolinensis,2025-11-03,14:48:54,07,45
Sciurus_carolinensis,2025-11-04,11:49:16,07,45
Sciurus_carolinensis,2025-11-04,12:27:08,07,45
Sciurus_carolinensis,2025-11-04,13:03:05,07,45
Sciurus_carolinensis,2025-11-04,14:38:29,07,45
Sciurus_carolinensis,2025-11-05,11:21:59,07,45
Sciurus_carolinensis,2025-11-06,12:32:45,07,45
Sciurus_carolinensis,2025-11-06,14:44:47,07,45
Sciurus_carolinensis,2025-11-06,15:28:56,07,45
Sciurus_carolinensis,2025-11-06,16:23:19,07,45
Sciurus_carolinensis,2025-11-07,09:30:32,07,45
Sciurus_carolinensis,2025-11-07,11:06:52,07,45
Sciurus_carolinensis,2025-11-07,13:09:20,07,45
Sciurus_carolinensis,2025-11-07,15:58:31,07,45
Sciurus_carolinensis,2025-11-08,09:15:35,07,45
Sciurus_carolinensis,2025-11-08,09:58:06,07,45
Sciurus_carolinensis,2025-11-08,11:27:20,07,45
Sciurus_carolinensis,2025-11-08,12:30:59,07,45
Sciurus_carolinensis,2025-11-08,13:31:52,07,45
Sciurus_carolinensis,2025-11-08,15:48:07,07,45
Sciurus_carolinensis,2025-11-09,09:24:53,07,45
Sciurus_carolinensis,2025-11-09,11:22:46,07,45
Sciurus_carolinensis,2025-11-09,12:28:18,07,45
Sciurus_carolinensis,2025-11-09,13:06:42,07,45
Sciurus_carolinensis,2025-11-09,15:35:48,07,45
Sciurus_carolinensis,2025-11-10,09:53:50,07,45
Sciurus_carolinensis,2025-11-10,10:52:44,07,45
Sciurus_carolinensis,2025-11-11,09:37:11,07,45
Sciurus_carolinensis,2025-11-11,14:45:18,07,45
Sciurus_carolinensis,2025-11-12,15:19:48,07,45
Sciurus_carolinensis,2025-11-13,12:22:17,07,45
Sciurus_carolinensis,2025-11-13,14:29:48,07,45
Sciurus_carolinensis,2025-11-13,15:15:06,07,45
Sciurus_carolinensis,2025-11-15,10:17:29,07,45
Sciurus_carolinensis,2025-11-17,10:43:46,07,45
Sciurus_carolinensis,2025-11-17,12:29:13,07,45
Sciurus_carolinensis,2025-11-17,13:00:51,07,45
Sciurus_carolinensis,2025-11-17,14:27:14,07,45
Sciurus_carolinensis,2025-11-17,16:24:29,07,45
Sciurus_carolinensis,2025-11-18,10:47:56,07,45
Sciurus_carolinensis,2025-11-18,14:57:47,07,45
Sciurus_carolinensis,2025-11-19,15:19:43,07,45
Sciurus_carolinensis,2025-11-21,09:50:15,07,45
Sciurus_carolinensis,2025-11-21,10:40:34,07,45
Sciurus_carolinensis,2025-11-23,09:51:37,07,45
Sciurus_carolinensis,2025-11-23,12:20:22,07,45
Sciurus_carolinensis,2025-11-23,13:53:26,07,45
Vulpes_vulpes,2025-10-20,06:01:30,07,45
Vulpes_vulpes,2025-11-21,14:48:38,07,45
Capreolus_capreolus,10/10/2025,07:50:23,12,NHM4
Capreolus_capreolus,13/10/2025,10:05:15,12,NHM4
Capreolus_capreolus,15/10/2025,08:36:33,12,NHM4
Capreolus_capreolus,17/10/2025,20:35:51,12,NHM4
Capreolus_capreolus,18/10/2025,01:02:58,12,NHM4
Capreolus_capreolus,20/10/2025,20:23:25,12,NHM4
Capreolus_capreolus,22/10/2025,07:55:02,12,NHM4
Capreolus_capreolus,25/10/2025,18:38:47,12,NHM4
Capreolus_capreolus,30/10/2025,06:54:02,12,NHM4
Capreolus_capreolus,30/10/2025,19:47:12,12,NHM4
Capreolus_capreolus,04/11/2025,18:41:00,12,NHM4
Capreolus_capreolus,05/11/2025,06:56:23,12,NHM4
Capreolus_capreolus,08/11/2025,20:10:29,12,NHM4
Capreolus_capreolus,17/11/2025,15:23:07,12,NHM4
Capreolus_capreolus,20/11/2025,04:59:56,12,NHM4
Capreolus_capreolus,20/11/2025,15:05:27,12,NHM4
Capreolus_capreolus,21/11/2025,08:20:33,12,NHM4
Columba_palumbus,20/11/2025,16:57:59,12,NHM4
domestic_dog,18/11/2025,15:49:44,12,NHM4
Meles_meles,16/10/2025,00:57:01,12,NHM4
Meles_meles,19/10/2025,04:50:41,12,NHM4
Meles_meles,09/10/2025,03:01:35,12,NHM4
Meles_meles,25/10/2025,04:20:08,12,NHM4
Meles_meles,07/11/2025,17:34:13,12,NHM4
Meles_meles,07/11/2025,20:53:51,12,NHM4
Meles_meles,11/11/2025,01:14:23,12,NHM4
Meles_meles,17/11/2025,03:50:07,12,NHM4
Muntiacus_reevesi,09/10/2025,08:54:22,12,NHM4
Muntiacus_reevesi,09/10/2025,20:10:40,12,NHM4
Muntiacus_reevesi,10/10/2025,05:43:57,12,NHM4
Muntiacus_reevesi,10/10/2025,18:17:27,12,NHM4
Muntiacus_reevesi,12/10/2025,22:24:46,12,NHM4
Muntiacus_reevesi,13/10/2025,02:51:35,12,NHM4
Muntiacus_reevesi,13/10/2025,04:02:25,12,NHM4
Muntiacus_reevesi,13/10/2025,06:39:39,12,NHM4
Muntiacus_reevesi,17/10/2025,00:28:07,12,NHM4
Muntiacus_reevesi,17/10/2025,07:39:31,12,NHM4
Muntiacus_reevesi,18/10/2025,19:51:23,12,NHM4
Muntiacus_reevesi,18/10/2025,22:42:59,12,NHM4
Muntiacus_reevesi,20/10/2025,18:32:24,12,NHM4
Muntiacus_reevesi,21/10/2025,01:19:09,12,NHM4
Muntiacus_reevesi,22/10/2025,18:02:46,12,NHM4
Muntiacus_reevesi,24/10/2025,01:16:56,12,NHM4
Muntiacus_reevesi,24/10/2025,17:51:46,12,NHM4
Muntiacus_reevesi,25/10/2025,04:37:01,12,NHM4
Muntiacus_reevesi,25/10/2025,07:12:13,12,NHM4
Muntiacus_reevesi,27/10/2025,01:11:04,12,NHM4
Muntiacus_reevesi,27/10/2025,02:27:05,12,NHM4
Muntiacus_reevesi,29/10/2025,04:59:51,12,NHM4
Muntiacus_reevesi,29/10/2025,23:42:40,12,NHM4
Muntiacus_reevesi,30/10/2025,15:55:36,12,NHM4
Muntiacus_reevesi,30/10/2025,19:41:58,12,NHM4
Muntiacus_reevesi,01/11/2025,13:12:11,12,NHM4
Muntiacus_reevesi,01/11/2025,16:17:15,12,NHM4
Muntiacus_reevesi,03/11/2025,03:59:47,12,NHM4
Muntiacus_reevesi,03/11/2025,19:19:54,12,NHM4
Muntiacus_reevesi,05/11/2025,05:38:13,12,NHM4
Muntiacus_reevesi,05/11/2025,17:04:48,12,NHM4
Muntiacus_reevesi,06/11/2025,04:30:40,12,NHM4
Muntiacus_reevesi,07/11/2025,02:23:51,12,NHM4
Muntiacus_reevesi,07/11/2025,02:23:52,12,NHM4
Muntiacus_reevesi,10/11/2025,04:14:24,12,NHM4
Muntiacus_reevesi,11/11/2025,18:03:04,12,NHM4
Muntiacus_reevesi,12/11/2025,22:44:37,12,NHM4
Muntiacus_reevesi,13/11/2025,04:01:38,12,NHM4
Muntiacus_reevesi,13/11/2025,07:44:58,12,NHM4
Muntiacus_reevesi,13/11/2025,16:58:51,12,NHM4
Muntiacus_reevesi,14/11/2025,05:55:08,12,NHM4
Muntiacus_reevesi,14/11/2025,21:12:42,12,NHM4
Muntiacus_reevesi,15/11/2025,16:13:51,12,NHM4
Muntiacus_reevesi,15/11/2025,21:55:54,12,NHM4
Muntiacus_reevesi,16/11/2025,05:27:23,12,NHM4
Muntiacus_reevesi,16/11/2025,20:56:41,12,NHM4
Muntiacus_reevesi,16/11/2025,21:31:28,12,NHM4
Muntiacus_reevesi,17/11/2025,06:41:57,12,NHM4
Muntiacus_reevesi,21/11/2025,07:29:07,12,NHM4
Muntiacus_reevesi,21/11/2025,16:19:54,12,NHM4
Muntiacus_reevesi,23/11/2025,16:54:38,12,NHM4
Muntiacus_reevesi,23/11/2025,20:59:34,12,NHM4
Muntiacus_reevesi,24/11/2025,02:44:24,12,NHM4
Oryctolagus_cuniculus,09/10/2025,03:16:35,12,NHM4
Oryctolagus_cuniculus,09/10/2025,04:59:12,12,NHM4
Oryctolagus_cuniculus,10/10/2025,06:39:42,12,NHM4
Oryctolagus_cuniculus,14/10/2025,06:40:46,12,NHM4
Oryctolagus_cuniculus,18/10/2025,05:58:46,12,NHM4
Oryctolagus_cuniculus,18/10/2025,06:32:43,12,NHM4
Oryctolagus_cuniculus,20/10/2025,01:21:14,12,NHM4
Oryctolagus_cuniculus,21/10/2025,07:00:12,12,NHM4
Oryctolagus_cuniculus,22/10/2025,03:08:19,12,NHM4
Oryctolagus_cuniculus,08/10/2025,18:36:28,12,NHM4
Oryctolagus_cuniculus,09/10/2025,02:16:37,12,NHM4
Oryctolagus_cuniculus,24/10/2025,07:17:33,12,NHM4
Oryctolagus_cuniculus,24/10/2025,18:08:45,12,NHM4
Oryctolagus_cuniculus,25/10/2025,07:26:05,12,NHM4
Oryctolagus_cuniculus,26/10/2025,06:53:06,12,NHM4
Oryctolagus_cuniculus,27/10/2025,05:59:00,12,NHM4
Oryctolagus_cuniculus,28/10/2025,17:09:42,12,NHM4
Oryctolagus_cuniculus,29/10/2025,06:09:08,12,NHM4
Oryctolagus_cuniculus,29/10/2025,07:00:28,12,NHM4
Oryctolagus_cuniculus,31/10/2025,07:19:41,12,NHM4
Oryctolagus_cuniculus,31/10/2025,16:55:29,12,NHM4
Oryctolagus_cuniculus,01/11/2025,06:46:53,12,NHM4
Oryctolagus_cuniculus,01/11/2025,08:40:34,12,NHM4
Oryctolagus_cuniculus,04/11/2025,06:26:37,12,NHM4
Oryctolagus_cuniculus,05/11/2025,05:35:52,12,NHM4
Oryctolagus_cuniculus,05/11/2025,07:13:45,12,NHM4
Oryctolagus_cuniculus,08/11/2025,06:22:57,12,NHM4
Oryctolagus_cuniculus,08/11/2025,22:46:47,12,NHM4
Oryctolagus_cuniculus,09/11/2025,05:31:38,12,NHM4
Oryctolagus_cuniculus,12/11/2025,06:20:34,12,NHM4
Oryctolagus_cuniculus,13/11/2025,17:09:25,12,NHM4
Oryctolagus_cuniculus,14/11/2025,21:13:11,12,NHM4
Oryctolagus_cuniculus,15/11/2025,05:57:49,12,NHM4
Oryctolagus_cuniculus,17/11/2025,17:15:02,12,NHM4
Oryctolagus_cuniculus,17/11/2025,21:24:25,12,NHM4
Oryctolagus_cuniculus,17/11/2025,22:42:52,12,NHM4
Oryctolagus_cuniculus,19/11/2025,21:17:50,12,NHM4
Oryctolagus_cuniculus,21/11/2025,05:14:21,12,NHM4
Oryctolagus_cuniculus,22/11/2025,02:46:41,12,NHM4
Oryctolagus_cuniculus,24/11/2025,06:59:41,12,NHM4
Phasianus_colchicus,13/10/2025,16:14:13,12,NHM4
Phasianus_colchicus,29/10/2025,14:35:52,12,NHM4
Phasianus_colchicus,09/11/2025,16:37:41,12,NHM4
Sciurus_carolinensis,09/10/2025,09:30:56,12,NHM4
Sciurus_carolinensis,09/10/2025,15:23:17,12,NHM4
Sciurus_carolinensis,09/10/2025,17:11:40,12,NHM4
Sciurus_carolinensis,11/10/2025,08:30:04,12,NHM4
Sciurus_carolinensis,11/10/2025,12:40:24,12,NHM4
Sciurus_carolinensis,12/10/2025,15:07:27,12,NHM4
Sciurus_carolinensis,12/10/2025,16:31:57,12,NHM4
Sciurus_carolinensis,13/10/2025,15:13:37,12,NHM4
Sciurus_carolinensis,14/10/2025,07:56:01,12,NHM4
Sciurus_carolinensis,14/10/2025,09:09:21,12,NHM4
Sciurus_carolinensis,15/10/2025,10:17:10,12,NHM4
Sciurus_carolinensis,15/10/2025,12:25:16,12,NHM4
Sciurus_carolinensis,15/10/2025,15:02:33,12,NHM4
Sciurus_carolinensis,15/10/2025,16:16:57,12,NHM4
Sciurus_carolinensis,16/10/2025,11:06:59,12,NHM4
Sciurus_carolinensis,16/10/2025,14:48:53,12,NHM4
Sciurus_carolinensis,17/10/2025,16:35:15,12,NHM4
Sciurus_carolinensis,19/10/2025,08:27:10,12,NHM4
Sciurus_carolinensis,19/10/2025,09:16:08,12,NHM4
Sciurus_carolinensis,19/10/2025,16:37:57,12,NHM4
Sciurus_carolinensis,20/10/2025,14:10:38,12,NHM4
Sciurus_carolinensis,21/10/2025,10:20:20,12,NHM4
Sciurus_carolinensis,21/10/2025,12:28:34,12,NHM4
Sciurus_carolinensis,21/10/2025,13:02:19,12,NHM4
Sciurus_carolinensis,21/10/2025,13:56:43,12,NHM4
Sciurus_carolinensis,22/10/2025,11:04:29,12,NHM4
Sciurus_carolinensis,22/10/2025,15:07:21,12,NHM4
Sciurus_carolinensis,22/10/2025,16:51:28,12,NHM4
Sciurus_carolinensis,08/10/2025,17:22:06,12,NHM4
Sciurus_carolinensis,22/10/2025,16:56:29,12,NHM4
Sciurus_carolinensis,24/10/2025,16:12:23,12,NHM4
Sciurus_carolinensis,26/10/2025,10:45:49,12,NHM4
Sciurus_carolinensis,26/10/2025,13:13:55,12,NHM4
Sciurus_carolinensis,27/10/2025,16:10:22,12,NHM4
Sciurus_carolinensis,28/10/2025,16:00:57,12,NHM4
Sciurus_carolinensis,29/10/2025,10:21:29,12,NHM4
Sciurus_carolinensis,30/10/2025,06:43:32,12,NHM4
Sciurus_carolinensis,30/10/2025,07:22:10,12,NHM4
Sciurus_carolinensis,30/10/2025,08:22:10,12,NHM4
Sciurus_carolinensis,30/10/2025,12:12:13,12,NHM4
Sciurus_carolinensis,30/10/2025,12:53:34,12,NHM4
Sciurus_carolinensis,30/10/2025,15:39:25,12,NHM4
Sciurus_carolinensis,31/10/2025,12:31:36,12,NHM4
Sciurus_carolinensis,01/11/2025,13:12:11,12,NHM4
Sciurus_carolinensis,02/11/2025,07:35:07,12,NHM4
Sciurus_carolinensis,02/11/2025,10:16:22,12,NHM4
Sciurus_carolinensis,02/11/2025,14:51:21,12,NHM4
Sciurus_carolinensis,04/11/2025,08:13:05,12,NHM4
Sciurus_carolinensis,05/11/2025,15:53:39,12,NHM4
Sciurus_carolinensis,06/11/2025,09:29:14,12,NHM4
Sciurus_carolinensis,06/11/2025,14:56:15,12,NHM4
Sciurus_carolinensis,07/11/2025,10:21:01,12,NHM4
Sciurus_carolinensis,07/11/2025,14:05:54,12,NHM4
Sciurus_carolinensis,09/11/2025,11:58:00,12,NHM4
Sciurus_carolinensis,09/11/2025,12:32:27,12,NHM4
Sciurus_carolinensis,09/11/2025,15:53:07,12,NHM4
Sciurus_carolinensis,12/11/2025,14:44:23,12,NHM4
Sciurus_carolinensis,13/11/2025,07:21:30,12,NHM4
Sciurus_carolinensis,13/11/2025,08:08:15,12,NHM4
Sciurus_carolinensis,13/11/2025,11:53:28,12,NHM4
Sciurus_carolinensis,13/11/2025,15:20:16,12,NHM4
Sciurus_carolinensis,15/11/2025,08:01:36,12,NHM4
Sciurus_carolinensis,16/11/2025,10:19:13,12,NHM4
Vulpes_vulpes,12/10/2025,18:35:27,12,NHM4
Vulpes_vulpes,18/10/2025,04:24:38,12,NHM4
Vulpes_vulpes,29/10/2025,16:59:20,12,NHM4
Vulpes_vulpes,10/11/2025,17:20:20,12,NHM4
Vulpes_vulpes,14/11/2025,08:45:06,12,NHM4
Vulpes_vulpes,16/11/2025,04:55:26,12,NHM4
Apodemus_sylvaticus,2025-11-21,20:27:48,13,108
Capreolus_capreolus,2025-10-20,13:54:24,13,108
Capreolus_capreolus,2025-10-23,17:34:29,13,108
Capreolus_capreolus,2025-10-23,23:30:09,13,108
Capreolus_capreolus,2025-10-25,17:46:51,13,108
Capreolus_capreolus,2025-10-26,17:25:49,13,108
Capreolus_capreolus,2025-10-26,18:44:47,13,108
Capreolus_capreolus,2025-10-27,00:36:37,13,108
Capreolus_capreolus,2025-11-02,17:13:57,13,108
Capreolus_capreolus,2025-11-04,03:47:42,13,108
Capreolus_capreolus,2025-11-10,15:16:31,13,108
Capreolus_capreolus,2025-11-11,23:41:00,13,108
Capreolus_capreolus,2025-11-21,13:22:00,13,108
Chiroptera sp.,2025-11-18,18:01:30,13,108
Homo_sapiens,2025-10-08,11:02:54,13,108
Homo_sapiens,2025-10-10,09:41:43,13,108
Homo_sapiens,2025-10-10,11:27:31,13,108
Muntiacus_reevesi,2025-10-11,00:44:13,13,108
Muntiacus_reevesi,2025-10-11,15:49:49,13,108
Muntiacus_reevesi,2025-10-13,06:41:58,13,108
Muntiacus_reevesi,2025-10-14,04:30:33,13,108
Muntiacus_reevesi,2025-10-15,00:41:12,13,108
Muntiacus_reevesi,2025-10-18,06:28:04,13,108
Muntiacus_reevesi,2025-10-18,17:46:11,13,108
Muntiacus_reevesi,2025-10-19,10:42:01,13,108
Muntiacus_reevesi,2025-10-22,04:54:07,13,108
Muntiacus_reevesi,2025-10-22,17:44:57,13,108
Muntiacus_reevesi,2025-10-24,18:05:39,13,108
Muntiacus_reevesi,2025-10-25,17:21:30,13,108
Muntiacus_reevesi,2025-10-26,18:05:21,13,108
Muntiacus_reevesi,2025-10-28,00:44:27,13,108
Muntiacus_reevesi,2025-10-30,07:14:55,13,108
Muntiacus_reevesi,2025-10-31,17:04:20,13,108
Muntiacus_reevesi,2025-11-01,17:47:57,13,108
Muntiacus_reevesi,2025-11-02,17:14:11,13,108
Muntiacus_reevesi,2025-11-02,18:01:14,13,108
Muntiacus_reevesi,2025-11-02,20:15:39,13,108
Muntiacus_reevesi,2025-11-02,22:59:19,13,108
Muntiacus_reevesi,2025-11-03,16:59:21,13,108
Muntiacus_reevesi,2025-11-04,03:48:08,13,108
Muntiacus_reevesi,2025-11-05,18:54:39,13,108
Muntiacus_reevesi,2025-11-06,06:03:42,13,108
Muntiacus_reevesi,2025-11-06,16:50:31,13,108
Muntiacus_reevesi,2025-11-06,18:09:59,13,108
Muntiacus_reevesi,2025-11-07,04:49:48,13,108
Muntiacus_reevesi,2025-11-07,05:23:41,13,108
Muntiacus_reevesi,2025-11-07,23:58:12,13,108
Muntiacus_reevesi,2025-11-08,02:17:44,13,108
Muntiacus_reevesi,2025-11-09,04:19:39,13,108
Muntiacus_reevesi,2025-11-10,15:16:15,13,108
Muntiacus_reevesi,2025-11-19,22:59:03,13,108
Muntiacus_reevesi,2025-11-20,02:39:43,13,108
Muntiacus_reevesi,2025-11-21,13:23:30,13,108
Muntiacus_reevesi,2025-11-22,08:14:05,13,108
Muntiacus_reevesi,2025-11-23,12:09:49,13,108
Muntiacus_reevesi,2025-11-24,09:54:44,13,108
Oryctolagus_cuniculus,2025-10-08,22:50:29,13,108
Phasianus_colchicus,2025-10-26,11:31:31,13,108
Phasianus_colchicus,2025-11-06,09:15:48,13,108
Phasianus_colchicus,2025-11-21,12:14:48,13,108
Sciurus_carolinensis,2025-10-08,16:51:08,13,108
Sciurus_carolinensis,2025-10-09,09:19:24,13,108
Sciurus_carolinensis,2025-10-09,12:26:55,13,108
Sciurus_carolinensis,2025-10-09,12:59:14,13,108
Sciurus_carolinensis,2025-10-09,15:48:55,13,108
Sciurus_carolinensis,2025-10-09,17:26:06,13,108
Sciurus_carolinensis,2025-10-10,09:41:39,13,108
Sciurus_carolinensis,2025-10-10,12:57:47,13,108
Sciurus_carolinensis,2025-10-10,14:00:39,13,108
Sciurus_carolinensis,2025-10-12,07:30:35,13,108
Sciurus_carolinensis,2025-10-12,08:07:54,13,108
Sciurus_carolinensis,2025-10-12,09:51:34,13,108
Sciurus_carolinensis,2025-10-12,12:17:09,13,108
Sciurus_carolinensis,2025-10-13,12:43:14,13,108
Sciurus_carolinensis,2025-10-13,15:15:27,13,108
Sciurus_carolinensis,2025-10-13,16:21:35,13,108
Sciurus_carolinensis,2025-10-14,09:20:21,13,108
Sciurus_carolinensis,2025-10-14,10:23:13,13,108
Sciurus_carolinensis,2025-10-14,12:51:05,13,108
Sciurus_carolinensis,2025-10-15,08:31:36,13,108
Sciurus_carolinensis,2025-10-16,08:45:40,13,108
Sciurus_carolinensis,2025-10-16,09:46:38,13,108
Sciurus_carolinensis,2025-10-16,14:01:40,13,108
Sciurus_carolinensis,2025-10-16,17:11:06,13,108
Sciurus_carolinensis,2025-10-16,17:49:07,13,108
Sciurus_carolinensis,2025-10-17,11:37:10,13,108
Sciurus_carolinensis,2025-10-17,14:20:18,13,108
Sciurus_carolinensis,2025-10-17,17:33:08,13,108
Sciurus_carolinensis,2025-10-18,15:35:20,13,108
Sciurus_carolinensis,2025-10-18,17:13:43,13,108
Sciurus_carolinensis,2025-10-19,07:43:25,13,108
Sciurus_carolinensis,2025-10-19,08:28:54,13,108
Sciurus_carolinensis,2025-10-19,10:27:54,13,108
Sciurus_carolinensis,2025-10-19,11:36:53,13,108
Sciurus_carolinensis,2025-10-19,12:37:30,13,108
Sciurus_carolinensis,2025-10-20,16:04:47,13,108
Sciurus_carolinensis,2025-10-21,07:59:58,13,108
Sciurus_carolinensis,2025-10-21,09:36:24,13,108
Sciurus_carolinensis,2025-10-21,11:38:50,13,108
Sciurus_carolinensis,2025-10-22,08:14:40,13,108
Sciurus_carolinensis,2025-10-22,11:46:44,13,108
Sciurus_carolinensis,2025-10-22,13:41:15,13,108
Sciurus_carolinensis,2025-10-22,14:40:08,13,108
Sciurus_carolinensis,2025-10-22,17:32:50,13,108
Sciurus_carolinensis,2025-10-24,10:47:57,13,108
Sciurus_carolinensis,2025-10-27,15:35:02,13,108
Sciurus_carolinensis,2025-10-28,09:24:59,13,108
Sciurus_carolinensis,2025-11-01,16:58:03,13,108
Sciurus_carolinensis,2025-11-03,07:54:35,13,108
Sciurus_carolinensis,2025-11-04,08:54:43,13,108
Sciurus_carolinensis,2025-11-05,10:08:24,13,108
Sciurus_carolinensis,2025-11-05,16:54:32,13,108
Sciurus_carolinensis,2025-11-06,15:48:33,13,108
Sciurus_carolinensis,2025-11-08,13:46:46,13,108
Sciurus_carolinensis,2025-11-09,16:32:01,13,108
Sciurus_carolinensis,2025-11-10,12:27:06,13,108
Sciurus_carolinensis,2025-11-13,13:15:15,13,108
Sciurus_carolinensis,2025-11-15,09:17:19,13,108
Sciurus_carolinensis,2025-11-15,12:51:18,13,108
Sciurus_carolinensis,2025-11-16,09:14:02,13,108
Sciurus_carolinensis,2025-11-17,16:23:31,13,108
Sciurus_carolinensis,2025-11-18,16:19:59,13,108
Sciurus_carolinensis,2025-11-20,14:10:15,13,108
Sciurus_carolinensis,2025-11-22,09:01:49,13,108
Sciurus_carolinensis,2025-11-23,09:42:34,13,108
Vulpes_vulpes,2025-10-15,22:37:06,13,108
Vulpes_vulpes,2025-10-17,01:04:51,13,108
Vulpes_vulpes,2025-10-17,19:02:51,13,108
Vulpes_vulpes,2025-10-18,12:47:46,13,108
Vulpes_vulpes,2025-11-12,07:24:41,13,108
Apodemus_sp,2025-11-21,20:27:48,13,108
Capreolus_capreolus,2025-10-18,17:46:22,13,108
Capreolus_capreolus,2025-10-20,13:54:24,13,108
Capreolus_capreolus,2025-10-23,23:30:09,13,108
Capreolus_capreolus,2025-10-25,17:46:51,13,108
Capreolus_capreolus,2025-10-26,18:44:47,13,108
Capreolus_capreolus,2025-11-03,16:59:35,13,108
Capreolus_capreolus,2025-11-21,13:22:00,13,108
Muntiacus_reevesi,2025-10-11,00:44:13,13,108
Muntiacus_reevesi,2025-10-11,15:48:11,13,108
Muntiacus_reevesi,2025-10-13,06:41:58,13,108
Muntiacus_reevesi,2025-10-14,04:30:33,13,108
Muntiacus_reevesi,2025-10-15,00:41:12,13,108
Muntiacus_reevesi,2025-10-18,06:28:04,13,108
Muntiacus_reevesi,2025-10-18,12:47:46,13,108
Muntiacus_reevesi,2025-10-18,17:46:13,13,108
Muntiacus_reevesi,2025-10-19,10:42:01,13,108
Muntiacus_reevesi,2025-10-21,16:35:04,13,108
Muntiacus_reevesi,2025-10-22,04:54:07,13,108
Muntiacus_reevesi,2025-10-23,17:34:29,13,108
Muntiacus_reevesi,2025-10-24,18:05:39,13,108
Muntiacus_reevesi,2025-10-25,17:21:30,13,108
Muntiacus_reevesi,2025-10-26,17:25:49,13,108
Muntiacus_reevesi,2025-10-26,18:05:21,13,108
Muntiacus_reevesi,2025-10-27,00:36:37,13,108
Muntiacus_reevesi,2025-10-28,00:44:45,13,108
Muntiacus_reevesi,2025-10-30,07:14:55,13,108
Muntiacus_reevesi,2025-10-31,17:04:20,13,108
Muntiacus_reevesi,2025-11-01,17:47:57,13,108
Muntiacus_reevesi,2025-11-02,17:13:57,13,108
Muntiacus_reevesi,2025-11-02,18:01:14,13,108
Muntiacus_reevesi,2025-11-02,20:15:39,13,108
Muntiacus_reevesi,2025-11-02,22:59:18,13,108
Muntiacus_reevesi,2025-11-03,16:59:21,13,108
Muntiacus_reevesi,2025-11-04,03:44:46,13,108
Muntiacus_reevesi,2025-11-05,18:54:39,13,108
Muntiacus_reevesi,2025-11-06,06:03:42,13,108
Muntiacus_reevesi,2025-11-06,16:50:31,13,108
Muntiacus_reevesi,2025-11-06,18:09:59,13,108
Muntiacus_reevesi,2025-11-07,04:48:33,13,108
Muntiacus_reevesi,2025-11-07,05:23:41,13,108
Muntiacus_reevesi,2025-11-07,06:02:53,13,108
Muntiacus_reevesi,2025-11-07,23:58:12,13,108
Muntiacus_reevesi,2025-11-08,02:17:44,13,108
Muntiacus_reevesi,2025-11-09,04:19:39,13,108
Muntiacus_reevesi,2025-11-10,15:16:15,13,108
Muntiacus_reevesi,2025-11-11,19:15:20,13,108
Muntiacus_reevesi,2025-11-11,23:41:00,13,108
Muntiacus_reevesi,2025-11-19,22:59:11,13,108
Muntiacus_reevesi,2025-11-22,08:14:05,13,108
Oryctolagus_cuniculus,2025-10-08,22:50:29,13,108
Phasianus_colchicus,2025-10-26,11:31:31,13,108
Phasianus_colchicus,2025-11-06,09:15:48,13,108
Phasianus_colchicus,2025-11-21,12:14:48,13,108
Sciurus_carolinensis,2025-10-08,16:51:08,13,108
Sciurus_carolinensis,2025-10-09,09:19:39,13,108
Sciurus_carolinensis,2025-10-09,12:26:55,13,108
Sciurus_carolinensis,2025-10-09,12:59:14,13,108
Sciurus_carolinensis,2025-10-09,15:48:55,13,108
Sciurus_carolinensis,2025-10-09,17:26:06,13,108
Sciurus_carolinensis,2025-10-10,12:57:47,13,108
Sciurus_carolinensis,2025-10-10,14:00:39,13,108
Sciurus_carolinensis,2025-10-10,17:59:33,13,108
Sciurus_carolinensis,2025-10-12,07:42:02,13,108
Sciurus_carolinensis,2025-10-12,09:51:35,13,108
Sciurus_carolinensis,2025-10-12,12:17:11,13,108
Sciurus_carolinensis,2025-10-12,15:56:24,13,108
Sciurus_carolinensis,2025-10-13,08:15:09,13,108
Sciurus_carolinensis,2025-10-13,12:43:14,13,108
Sciurus_carolinensis,2025-10-13,15:15:27,13,108
Sciurus_carolinensis,2025-10-13,16:21:35,13,108
Sciurus_carolinensis,2025-10-14,09:20:21,13,108
Sciurus_carolinensis,2025-10-14,10:23:13,13,108
Sciurus_carolinensis,2025-10-14,12:51:05,13,108
Sciurus_carolinensis,2025-10-15,08:31:56,13,108
Sciurus_carolinensis,2025-10-16,08:45:40,13,108
Sciurus_carolinensis,2025-10-16,09:46:38,13,108
Sciurus_carolinensis,2025-10-16,14:01:40,13,108
Sciurus_carolinensis,2025-10-16,17:11:06,13,108
Sciurus_carolinensis,2025-10-17,11:37:10,13,108
Sciurus_carolinensis,2025-10-17,14:20:31,13,108
Sciurus_carolinensis,2025-10-17,17:33:08,13,108
Sciurus_carolinensis,2025-10-18,15:35:21,13,108
Sciurus_carolinensis,2025-10-18,17:13:43,13,108
Sciurus_carolinensis,2025-10-19,08:25:19,13,108
Sciurus_carolinensis,2025-10-19,10:27:54,13,108
Sciurus_carolinensis,2025-10-19,11:36:53,13,108
Sciurus_carolinensis,2025-10-19,12:37:30,13,108
Sciurus_carolinensis,2025-10-20,16:04:47,13,108
Sciurus_carolinensis,2025-10-21,07:59:58,13,108
Sciurus_carolinensis,2025-10-21,09:36:24,13,108
Sciurus_carolinensis,2025-10-21,11:38:50,13,108
Sciurus_carolinensis,2025-10-21,17:48:51,13,108
Sciurus_carolinensis,2025-10-22,08:14:40,13,108
Sciurus_carolinensis,2025-10-22,11:46:44,13,108
Sciurus_carolinensis,2025-10-22,13:41:15,13,108
Sciurus_carolinensis,2025-10-22,14:40:08,13,108
Sciurus_carolinensis,2025-10-22,17:32:50,13,108
Sciurus_carolinensis,2025-10-24,07:50:43,13,108
Sciurus_carolinensis,2025-10-24,10:47:57,13,108
Sciurus_carolinensis,2025-10-25,08:10:49,13,108
Sciurus_carolinensis,2025-10-27,15:35:02,13,108
Sciurus_carolinensis,2025-10-28,09:24:59,13,108
Sciurus_carolinensis,2025-10-29,08:54:16,13,108
Sciurus_carolinensis,2025-10-29,09:55:25,13,108
Sciurus_carolinensis,2025-10-30,10:09:57,13,108
Sciurus_carolinensis,2025-11-01,16:57:13,13,108
Sciurus_carolinensis,2025-11-03,07:54:34,13,108
Sciurus_carolinensis,2025-11-04,03:44:46,13,108
Sciurus_carolinensis,2025-11-04,08:54:43,13,108
Sciurus_carolinensis,2025-11-05,10:08:24,13,108
Sciurus_carolinensis,2025-11-05,16:54:32,13,108
Sciurus_carolinensis,2025-11-06,15:48:33,13,108
Sciurus_carolinensis,2025-11-08,10:32:51,13,108
Sciurus_carolinensis,2025-11-08,13:46:46,13,108
Sciurus_carolinensis,2025-11-09,16:31:58,13,108
Sciurus_carolinensis,2025-11-10,12:27:06,13,108
Sciurus_carolinensis,2025-11-11,15:20:58,13,108
Sciurus_carolinensis,2025-11-12,09:22:19,13,108
Sciurus_carolinensis,2025-11-12,14:08:00,13,108
Sciurus_carolinensis,2025-11-12,14:49:56,13,108
Sciurus_carolinensis,2025-11-13,13:15:15,13,108
Sciurus_carolinensis,2025-11-15,09:17:19,13,108
Sciurus_carolinensis,2025-11-15,12:51:18,13,108
Sciurus_carolinensis,2025-11-16,09:14:02,13,108
Sciurus_carolinensis,2025-11-17,08:50:55,13,108
Sciurus_carolinensis,2025-11-17,16:23:31,13,108
Sciurus_carolinensis,2025-11-18,16:19:59,13,108
Sciurus_carolinensis,2025-11-20,14:10:15,13,108
Sciurus_carolinensis,2025-11-21,15:06:03,13,108
Sciurus_carolinensis,2025-11-22,09:01:49,13,108
Sciurus_carolinensis,2025-11-23,09:42:34,13,108
Sciurus_carolinensis,2025-11-23,12:09:49,13,108
Sciurus_carolinensis,2025-11-24,09:54:44,13,108
Vuples_vulpes,2025-10-15,22:37:06,13,108
Vuples_vulpes,2025-10-17,01:04:51,13,108
Vuples_vulpes,2025-10-17,19:02:51,13,108
Vuples_vulpes,2025-11-12,07:24:41,13,108
Vuples_vulpes,2025-11-20,02:39:43,13,108
Aix galericulata,2025-10-08,16:26:50,15,49
Capreolus capreolus,2025-10-14,02:42:32,15,49
Capreolus capreolus,2025-10-14,18:56:51,15,49
Capreolus capreolus,2025-10-16,03:00:33,15,49
Capreolus capreolus,2025-10-17,19:38:28,15,49
Capreolus capreolus,2025-10-23,04:29:08,15,49
Capreolus capreolus,2025-11-02,06:46:30,15,49
Capreolus capreolus,2025-11-05,07:48:29,15,49
Capreolus capreolus,2025-11-17,22:21:28,15,49
Capreolus capreolus,2025-11-23,05:29:11,15,49
Capreolus capreolus,2025-11-24,04:20:23,15,49
Columba palumbus,2025-11-13,12:42:58,15,49
Homo sapien,2025-10-08,11:01:47,15,49
Homo sapien,2025-11-24,11:08:41,15,49
Muntiacus reevesi,2025-10-23,18:09:10,15,49
Muntiacus reevesi,2025-10-30,01:46:10,15,49
Muntiacus reevesi,2025-10-31,00:15:41,15,49
Muntiacus reevesi,2025-11-04,17:29:55,15,49
Muntiacus reevesi,2025-11-04,22:57:46,15,49
Muntiacus reevesi,2025-11-05,00:26:57,15,49
Muntiacus reevesi,2025-11-05,02:25:21,15,49
Muntiacus reevesi,2025-11-05,03:21:54,15,49
Muntiacus reevesi,2025-11-05,23:08:58,15,49
Muntiacus reevesi,2025-11-10,22:48:04,15,49
Muntiacus reevesi,2025-11-12,04:32:41,15,49
Muntiacus reevesi,2025-11-15,00:59:00,15,49
Muntiacus reevesi,2025-11-15,03:20:32,15,49
Muntiacus reevesi,2025-11-18,07:27:54,15,49
Muntiacus reevesi,2025-11-19,02:15:41,15,49
Muntiacus reevesi,2025-11-20,21:37:52,15,49
Muntiacus reevesi,2025-11-21,23:57:03,15,49
Muntiacus reevesi,2025-11-23,05:29:11,15,49
Muntiacus reevesi,2025-11-24,04:20:23,15,49
Sciurus carolinensis,2025-10-10,13:03:46,15,49
Sciurus carolinensis,2025-10-11,09:32:53,15,49
Sciurus carolinensis,2025-10-12,09:07:30,15,49
Sciurus carolinensis,2025-10-12,17:09:21,15,49
Sciurus carolinensis,2025-10-13,09:06:49,15,49
Sciurus carolinensis,2025-10-13,16:23:07,15,49
Sciurus carolinensis,2025-10-23,18:09:10,15,49
Sciurus carolinensis,2025-10-30,01:46:10,15,49
Sciurus carolinensis,2025-10-31,00:15:41,15,49
Sciurus carolinensis,2025-11-02,11:00:34,15,49
Sciurus carolinensis,2025-11-06,16:46:20,15,49
Sciurus carolinensis,2025-11-07,10:02:21,15,49
Sciurus carolinensis,2025-11-09,09:30:27,15,49
Sciurus carolinensis,2025-11-13,09:43:17,15,49
Sciurus carolinensis,2025-11-13,13:13:42,15,49
Sciurus carolinensis,2025-11-15,11:13:04,15,49
Sciurus carolinensis,2025-11-15,13:12:00,15,49
Sciurus carolinensis,2025-11-21,23:57:03,15,49
Sciurus carolinensis,2025-11-23,10:28:10,15,49
Sciurus carolinensis,2025-11-24,08:28:03,15,49
Vulpes vulpes,2025-10-09,08:01:28,15,49
Coloeus_monedula,11/10/2025,16:22:00,19,63
Columba_palumbus,12/10/2025,0:46:01,19,63
Strix_aluco,12/10/2025,15:27:00,19,63
Turdus_philomelos,11/10/2025,0:41:01,19,63
Capreolus_capreolus,2025-11-08,20:10:29,20,60
Capreolus_capreolus,2025-11-17,15:23:07,20,60
Capreolus_capreolus,2025-11-20,04:59:56,20,60
Capreolus_capreolus,2025-11-20,15:05:27,20,60
Capreolus_capreolus,2025-11-21,08:20:33,20,60
Columba_palumbus,2025-11-20,16:57:59,20,60
domestic_dog,2025-11-18,15:49:44,20,60
Meles_meles,2025-11-07,17:34:13,20,60
Meles_meles,2025-11-07,20:53:51,20,60
Meles_meles,2025-11-11,01:14:23,20,60
Meles_meles,2025-11-17,03:50:07,20,60
Muntiacus_reevesi,2025-11-07,02:23:52,20,60
Muntiacus_reevesi,2025-11-10,04:14:24,20,60
Muntiacus_reevesi,2025-11-11,18:03:04,20,60
Muntiacus_reevesi,2025-11-12,22:44:37,20,60
Muntiacus_reevesi,2025-11-13,04:01:38,20,60
Muntiacus_reevesi,2025-11-13,07:44:58,20,60
Muntiacus_reevesi,2025-11-13,16:58:51,20,60
Muntiacus_reevesi,2025-11-14,05:55:08,20,60
Muntiacus_reevesi,2025-11-14,21:12:42,20,60
Muntiacus_reevesi,2025-11-15,16:13:51,20,60
Muntiacus_reevesi,2025-11-15,21:55:54,20,60
Muntiacus_reevesi,2025-11-16,05:27:23,20,60
Muntiacus_reevesi,2025-11-16,20:56:41,20,60
Muntiacus_reevesi,2025-11-16,21:31:28,20,60
Muntiacus_reevesi,2025-11-17,06:41:57,20,60
Muntiacus_reevesi,2025-11-21,07:29:07,20,60
Muntiacus_reevesi,2025-11-21,16:19:54,20,60
Muntiacus_reevesi,2025-11-23,16:54:38,20,60
Muntiacus_reevesi,2025-11-23,20:59:34,20,60
Muntiacus_reevesi,2025-11-24,02:44:24,20,60
Oryctolagus_cuniculus,2025-11-08,06:22:57,20,60
Oryctolagus_cuniculus,2025-11-08,22:46:47,20,60
Oryctolagus_cuniculus,2025-11-09,05:31:38,20,60
Oryctolagus_cuniculus,2025-11-12,06:20:34,20,60
Oryctolagus_cuniculus,2025-11-13,17:09:25,20,60
Oryctolagus_cuniculus,2025-11-14,21:13:11,20,60
Oryctolagus_cuniculus,2025-11-15,05:57:49,20,60
Oryctolagus_cuniculus,2025-11-17,17:15:02,20,60
Oryctolagus_cuniculus,2025-11-17,21:24:25,20,60
Oryctolagus_cuniculus,2025-11-17,22:42:52,20,60
Oryctolagus_cuniculus,2025-11-19,21:17:50,20,60
Oryctolagus_cuniculus,2025-11-21,05:14:21,20,60
Oryctolagus_cuniculus,2025-11-22,02:46:41,20,60
Oryctolagus_cuniculus,2025-11-24,06:59:41,20,60
Phasianus_colchicus,2025-11-09,16:37:41,20,60
Sciurus_carolinensis,2025-11-07,10:21:01,20,60
Sciurus_carolinensis,2025-11-07,14:05:54,20,60
Sciurus_carolinensis,2025-11-09,11:58:00,20,60
Sciurus_carolinensis,2025-11-09,12:32:27,20,60
Sciurus_carolinensis,2025-11-09,15:53:07,20,60
Sciurus_carolinensis,2025-11-12,14:44:23,20,60
Sciurus_carolinensis,2025-11-13,07:21:30,20,60
Sciurus_carolinensis,2025-11-13,08:08:15,20,60
Sciurus_carolinensis,2025-11-13,11:53:28,20,60
Sciurus_carolinensis,2025-11-13,15:20:16,20,60
Sciurus_carolinensis,2025-11-15,08:01:36,20,60
Sciurus_carolinensis,2025-11-16,10:19:13,20,60
Vulpes_vulpes,2025-11-10,17:20:20,20,60
Vulpes_vulpes,2025-11-14,08:45:06,20,60
Vulpes_vulpes,2025-11-16,04:55:26,20,60
Capreolus_capreolus,2025/10/25,18:38:47,20,60
Capreolus_capreolus,2025/10/30,6:54:02,20,60
Capreolus_capreolus,2025/10/30,19:47:12,20,60
Capreolus_capreolus,2025/11/4,18:41:00,20,60
Capreolus_capreolus,2025/11/5,6:56:23,20,60
Meles_meles,2025/10/25,4:20:08,20,60
Muntiacus_reevesi,2025/10/22,18:02:46,20,60
Muntiacus_reevesi,2025/10/24,1:16:56,20,60
Muntiacus_reevesi,2025/10/24,17:51:46,20,60
Muntiacus_reevesi,2025/10/25,4:37:01,20,60
Muntiacus_reevesi,2025/10/25,7:12:13,20,60
Muntiacus_reevesi,2025/10/27,1:11:04,20,60
Muntiacus_reevesi,2025/10/27,2:27:05,20,60
Muntiacus_reevesi,2025/10/29,4:59:51,20,60
Muntiacus_reevesi,2025/10/29,23:42:40,20,60
Muntiacus_reevesi,2025/10/30,15:55:36,20,60
Muntiacus_reevesi,2025/10/30,19:41:58,20,60
Muntiacus_reevesi,2025/11/1,13:12:11,20,60
Muntiacus_reevesi,2025/11/1,16:17:15,20,60
Muntiacus_reevesi,2025/11/3,3:59:47,20,60
Muntiacus_reevesi,2025/11/3,19:19:54,20,60
Muntiacus_reevesi,2025/11/5,5:38:13,20,60
Muntiacus_reevesi,2025/11/5,17:04:48,20,60
Muntiacus_reevesi,2025/11/6,4:30:40,20,60
Muntiacus_reevesi,2025/11/7,2:23:51,20,60
Oryctolagus_cuniculus,2025/10/24,7:17:33,20,60
Oryctolagus_cuniculus,2025/10/24,18:08:45,20,60
Oryctolagus_cuniculus,2025/10/25,7:26:05,20,60
Oryctolagus_cuniculus,2025/10/26,6:53:06,20,60
Oryctolagus_cuniculus,2025/10/27,5:59:00,20,60
Oryctolagus_cuniculus,2025/10/28,17:09:42,20,60
Oryctolagus_cuniculus,2025/10/29,6:09:08,20,60
Oryctolagus_cuniculus,2025/10/29,7:00:28,20,60
Oryctolagus_cuniculus,2025/10/31,7:19:41,20,60
Oryctolagus_cuniculus,2025/10/31,16:55:29,20,60
Oryctolagus_cuniculus,2025/11/1,6:46:53,20,60
Oryctolagus_cuniculus,2025/11/1,8:40:34,20,60
Oryctolagus_cuniculus,2025/11/4,6:26:37,20,60
Oryctolagus_cuniculus,2025/11/5,5:35:52,20,60
Oryctolagus_cuniculus,2025/11/5,7:13:45,20,60
Phasianus_colchicus,2025/10/29,14:35:52,20,60
Sciurus_carolinensis,2025/10/22,16:56:29,20,60
Sciurus_carolinensis,2025/10/24,16:12:23,20,60
Sciurus_carolinensis,2025/10/26,10:45:49,20,60
Sciurus_carolinensis,2025/10/26,13:13:55,20,60
Sciurus_carolinensis,2025/10/27,16:10:22,20,60
Sciurus_carolinensis,2025/10/28,16:00:57,20,60
Sciurus_carolinensis,2025/10/29,10:21:29,20,60
Sciurus_carolinensis,2025/10/30,6:43:32,20,60
Sciurus_carolinensis,2025/10/30,7:22:10,20,60
Sciurus_carolinensis,2025/10/30,8:22:10,20,60
Sciurus_carolinensis,2025/10/30,12:12:13,20,60
Sciurus_carolinensis,2025/10/30,12:53:34,20,60
Sciurus_carolinensis,2025/10/30,15:39:25,20,60
Sciurus_carolinensis,2025/10/31,12:31:36,20,60
Sciurus_carolinensis,2025/11/1,13:12:11,20,60
Sciurus_carolinensis,2025/11/2,7:35:07,20,60
Sciurus_carolinensis,2025/11/2,10:16:22,20,60
Sciurus_carolinensis,2025/11/2,14:51:21,20,60
Sciurus_carolinensis,2025/11/4,8:13:05,20,60
Sciurus_carolinensis,2025/11/5,15:53:39,20,60
Sciurus_carolinensis,2025/11/6,9:29:14,20,60
Sciurus_carolinensis,2025/11/6,14:56:15,20,60
Vulpes_vulpes,2025/10/29,16:59:20,20,60
Capreolus_capreolus,2025-10-10,07:50:23,20,60
Capreolus_capreolus,2025-10-13,10:05:15,20,60
Capreolus_capreolus,2025-10-15,08:36:33,20,60
Capreolus_capreolus,2025-10-17,20:35:51,20,60
Capreolus_capreolus,2025-10-18,01:02:58,20,60
Capreolus_capreolus,2025-10-20,20:23:25,20,60
Capreolus_capreolus,2025-10-22,07:55:02,20,60
Meles_meles,2025-10-16,00:57:01,20,60
Meles_meles,2025-10-19,04:50:41,20,60
Muntiacus_reevesi,2025-10-09,08:54:22,20,60
Muntiacus_reevesi,2025-10-09,20:10:40,20,60
Muntiacus_reevesi,2025-10-10,05:43:57,20,60
Muntiacus_reevesi,2025-10-10,18:17:27,20,60
Muntiacus_reevesi,2025-10-12,22:24:46,20,60
Muntiacus_reevesi,2025-10-13,02:51:35,20,60
Muntiacus_reevesi,2025-10-13,04:02:25,20,60
Muntiacus_reevesi,2025-10-13,06:39:39,20,60
Muntiacus_reevesi,2025-10-17,00:28:07,20,60
Muntiacus_reevesi,2025-10-17,07:39:31,20,60
Muntiacus_reevesi,2025-10-18,19:51:23,20,60
Muntiacus_reevesi,2025-10-18,22:42:59,20,60
Muntiacus_reevesi,2025-10-20,18:32:24,20,60
Muntiacus_reevesi,2025-10-21,01:19:09,20,60
Oryctolagus_cuniculus,2025-10-09,03:16:35,20,60
Oryctolagus_cuniculus,2025-10-09,04:59:12,20,60
Oryctolagus_cuniculus,2025-10-10,06:39:42,20,60
Oryctolagus_cuniculus,2025-10-14,06:40:46,20,60
Oryctolagus_cuniculus,2025-10-18,05:58:46,20,60
Oryctolagus_cuniculus,2025-10-18,06:32:43,20,60
Oryctolagus_cuniculus,2025-10-20,01:21:14,20,60
Oryctolagus_cuniculus,2025-10-21,07:00:12,20,60
Oryctolagus_cuniculus,2025-10-22,03:08:19,20,60
Phasianus_colchicus,2025-10-13,16:14:13,20,60
Sciurus_carolinensis,2025-10-09,09:30:56,20,60
Sciurus_carolinensis,2025-10-09,15:23:17,20,60
Sciurus_carolinensis,2025-10-09,17:11:40,20,60
Sciurus_carolinensis,2025-10-11,08:30:04,20,60
Sciurus_carolinensis,2025-10-11,12:40:24,20,60
Sciurus_carolinensis,2025-10-12,15:07:27,20,60
Sciurus_carolinensis,2025-10-12,16:31:57,20,60
Sciurus_carolinensis,2025-10-13,15:13:37,20,60
Sciurus_carolinensis,2025-10-14,07:56:01,20,60
Sciurus_carolinensis,2025-10-14,09:09:21,20,60
Sciurus_carolinensis,2025-10-15,10:17:10,20,60
Sciurus_carolinensis,2025-10-15,12:25:16,20,60
Sciurus_carolinensis,2025-10-15,15:02:33,20,60
Sciurus_carolinensis,2025-10-15,16:16:57,20,60
Sciurus_carolinensis,2025-10-16,11:06:59,20,60
Sciurus_carolinensis,2025-10-16,14:48:53,20,60
Sciurus_carolinensis,2025-10-17,16:35:15,20,60
Sciurus_carolinensis,2025-10-19,08:27:10,20,60
Sciurus_carolinensis,2025-10-19,09:16:08,20,60
Sciurus_carolinensis,2025-10-19,16:37:57,20,60
Sciurus_carolinensis,2025-10-20,14:10:38,20,60
Sciurus_carolinensis,2025-10-21,10:20:20,20,60
Sciurus_carolinensis,2025-10-21,12:28:34,20,60
Sciurus_carolinensis,2025-10-21,13:02:19,20,60
Sciurus_carolinensis,2025-10-21,13:56:43,20,60
Sciurus_carolinensis,2025-10-22,11:04:29,20,60
Sciurus_carolinensis,2025-10-22,15:07:21,20,60
Sciurus_carolinensis,2025-10-22,16:51:28,20,60
Vulpes_vulpes,2025-10-12,18:35:27,20,60
Vulpes_vulpes,2025-10-18,04:24:38,20,60
Sciurus carolinensis,2025/10/8,17:22:06,20,60
Oryctolagus cuniculus,2025/10/8,18:36:28,20,60
Oryctolagus cuniculus,2025/10/9,2:16:37,20,60
Meles meles,2025/10/9,3:01:35,20,60
Capreolus capreolus,2025/10/25,20:15:58,30,13
Capreolus capreolus,2025/11/12,1:57:02,30,13
Capreolus capreolus,2025/11/21,4:21:14,30,13
Muntiacus reevesi,2025/10/10,9:25:10,30,13
Muntiacus reevesi,2025/10/23,9:20:08,30,13
Muntiacus reevesi,2025/10/25,21:20:08,30,13
Muntiacus reevesi,2025/11/1,17:10:38,30,13
Muntiacus reevesi,2025/11/4,17:52:50,30,13
Muntiacus reevesi,2025/11/17,10:42:34,30,13
Muntiacus reevesi,2025/11/19,16:20:44,30,13
Phasianus colchicus,2025/11/1,8:01:06,30,13
Phasianus colchicus,2025/11/11,12:46:18,30,13
Phasianus colchicus,2025/11/15,11:35:04,30,13
Phasianus colchicus,2025/11/15,12:10:30,30,13
Capreolus_capreolus,2025-10-23,08:03:03,31,18
Capreolus_capreolus,2025-10-24,19:13:38,31,18
Capreolus_capreolus,2025-11-09,01:43:42,31,18
Capreolus_capreolus,2025-11-13,22:48:26,31,18
Capreolus_capreolus,2025-11-22,11:00:04,31,18
Columba_palumbus,2025-10-12,08:24:38,31,18
Columba_palumbus,2025-10-30,07:47:05,31,18
Meles_meles,2025-11-12,20:40:47,31,18
Muntiacus_reevesi,2025-10-08,17:39:37,31,18
Muntiacus_reevesi,2025-10-09,07:50:57,31,18
Muntiacus_reevesi,2025-10-10,00:04:15,31,18
Muntiacus_reevesi,2025-10-16,09:34:09,31,18
Muntiacus_reevesi,2025-10-17,08:18:56,31,18
Muntiacus_reevesi,2025-10-18,20:32:27,31,18
Muntiacus_reevesi,2025-10-21,09:54:33,31,18
Muntiacus_reevesi,2025-10-22,18:26:02,31,18
Muntiacus_reevesi,2025-10-23,07:58:20,31,18
Muntiacus_reevesi,2025-10-25,23:17:00,31,18
Muntiacus_reevesi,2025-10-29,19:50:19,31,18
Muntiacus_reevesi,2025-10-29,21:29:19,31,18
Muntiacus_reevesi,2025-11-01,20:16:51,31,18
Muntiacus_reevesi,2025-11-02,04:15:48,31,18
Muntiacus_reevesi,2025-11-02,06:26:39,31,18
Muntiacus_reevesi,2025-11-05,06:30:57,31,18
Muntiacus_reevesi,2025-11-05,07:12:19,31,18
Muntiacus_reevesi,2025-11-06,23:22:14,31,18
Muntiacus_reevesi,2025-11-08,06:37:06,31,18
Muntiacus_reevesi,2025-11-09,09:18:31,31,18
Muntiacus_reevesi,2025-11-10,16:55:13,31,18
Muntiacus_reevesi,2025-11-12,09:05:07,31,18
Muntiacus_reevesi,2025-11-13,00:07:33,31,18
Muntiacus_reevesi,2025-11-14,09:44:39,31,18
Muntiacus_reevesi,2025-11-16,06:37:34,31,18
Muntiacus_reevesi,2025-11-17,07:21:27,31,18
Muntiacus_reevesi,2025-11-17,17:34:47,31,18
Muntiacus_reevesi,2025-11-18,01:57:50,31,18
Muntiacus_reevesi,2025-11-19,18:07:39,31,18
Muntiacus_reevesi,2025-11-19,22:14:08,31,18
Muntiacus_reevesi,2025-11-21,14:01:30,31,18
Muntiacus_reevesi,2025-11-21,19:45:34,31,18
Muntiacus_reevesi,2025-11-22,17:19:59,31,18
Muntiacus_reevesi,2025-11-23,03:15:45,31,18
Muntiacus_reevesi,2025-11-24,10:58:25,31,18
Phasianus_colchicus,2025-11-02,17:34:49,31,18
Phasianus_colchicus,2025-11-14,08:24:34,31,18
Phasianus_colchicus,2025-11-17,17:28:23,31,18
Sciurus_carolinensis,2025-10-09,08:37:23,31,18
Sciurus_carolinensis,2025-10-10,09:18:25,31,18
Sciurus_carolinensis,2025-10-14,07:38:05,31,18
Sciurus_carolinensis,2025-10-15,15:04:16,31,18
Sciurus_carolinensis,2025-10-17,07:35:07,31,18
Sciurus_carolinensis,2025-10-19,07:41:12,31,18
Sciurus_carolinensis,2025-10-22,07:38:48,31,18
Sciurus_carolinensis,2025-10-22,09:10:15,31,18
Sciurus_carolinensis,2025-10-27,17:58:23,31,18
Sciurus_carolinensis,2025-10-29,08:02:38,31,18
Sciurus_carolinensis,2025-11-06,17:25:44,31,18
Sciurus_carolinensis,2025-11-09,10:45:47,31,18
Sciurus_carolinensis,2025-11-11,08:32:54,31,18
Sciurus_carolinensis,2025-11-12,14:31:39,31,18
Sciurus_carolinensis,2025-11-12,17:03:39,31,18
Sciurus_carolinensis,2025-11-16,08:39:58,31,18
Sciurus_carolinensis,2025-11-21,10:13:22,31,18
Vulpes_vulpes,2025-11-12,03:09:36,31,18
Vulpes_vulpes,2025-11-19,03:05:32,31,18
Canis_Familiaris,02/11/2025,15:55:41,8,80
Capreolus_capreolus,08/10/2025,21:31:42,8,80
Capreolus_capreolus,09/10/2025,04:25:16,8,80
Capreolus_capreolus,10/10/2025,04:05:35,8,80
Capreolus_capreolus,10/10/2025,23:48:41,8,80
Capreolus_capreolus,11/10/2025,00:33:11,8,80
Capreolus_capreolus,12/10/2025,19:50:56,8,80
Capreolus_capreolus,13/10/2025,19:42:37,8,80
Capreolus_capreolus,24/10/2025,09:08:14,8,80
Capreolus_capreolus,26/10/2025,08:26:09,8,80
Muntiacus_reevesi,09/10/2025,10:23:07,8,80
Muntiacus_reevesi,09/10/2025,18:53:43,8,80
Muntiacus_reevesi,10/10/2025,04:17:11,8,80
Muntiacus_reevesi,10/10/2025,21:27:04,8,80
Muntiacus_reevesi,12/10/2025,00:26:06,8,80
Muntiacus_reevesi,12/10/2025,21:06:48,8,80
Muntiacus_reevesi,14/10/2025,00:33:41,8,80
Muntiacus_reevesi,14/10/2025,06:51:09,8,80
Muntiacus_reevesi,15/10/2025,07:55:04,8,80
Muntiacus_reevesi,16/10/2025,08:02:45,8,80
Muntiacus_reevesi,18/10/2025,09:23:05,8,80
Muntiacus_reevesi,23/10/2025,17:14:25,8,80
Muntiacus_reevesi,26/10/2025,10:09:33,8,80
Muntiacus_reevesi,27/10/2025,17:44:11,8,80
