,Station,Species,DateTimeOriginal,Date,Time,delta.time.secs,delta.time.mins,delta.time.hours,delta.time.days,Directory,FileName,n_images
1,DL-12,Capreolus_capreolus,10/10/2025 07:50,10/10/2025,07:50:23,0,0,0,0,C:/Users/Home/Downloads/DL-12/Capreolus_capreolus,DL-12__2025-10-10__07-50-23(1).JPG,4
2,DL-12,Capreolus_capreolus,13/10/2025 10:05,13/10/2025,10:05:15,267292,4454.9,74.2,3.1,C:/Users/Home/Downloads/DL-12/Capreolus_capreolus,DL-12__2025-10-13__10-05-15(1).JPG,7
3,DL-12,Capreolus_capreolus,15/10/2025 08:36,15/10/2025,08:36:33,167478,2791.3,46.5,1.9,C:/Users/Home/Downloads/DL-12/Capreolus_capreolus,DL-12__2025-10-15__08-36-33(1).JPG,4
4,DL-12,Capreolus_capreolus,17/10/2025 20:35,17/10/2025,20:35:51,215958,3599.3,60,2.5,C:/Users/Home/Downloads/DL-12/Capreolus_capreolus,DL-12__2025-10-17__20-35-51(1).JPG,2
5,DL-12,Capreolus_capreolus,18/10/2025 01:02,18/10/2025,01:02:58,16027,267.1,4.5,0.2,C:/Users/Home/Downloads/DL-12/Capreolus_capreolus,DL-12__2025-10-18__01-02-58(1).JPG,1
6,DL-12,Capreolus_capreolus,20/10/2025 20:23,20/10/2025,20:23:25,242427,4040.4,67.3,2.8,C:/Users/Home/Downloads/DL-12/Capreolus_capreolus,DL-12__2025-10-20__20-23-25(1).JPG,5
7,DL-12,Capreolus_capreolus,22/10/2025 07:55,22/10/2025,07:55:02,127897,2131.6,35.5,1.5,C:/Users/Home/Downloads/DL-12/Capreolus_capreolus,DL-12__2025-10-22__07-55-02(1).JPG,4
8,DL-12,Capreolus_capreolus,25/10/2025 18:38,25/10/2025,18:38:47,0,0,0,0,C:/Users/94248/Desktop/output/DL-12/Capreolus_capreolus,DL-12__2025-10-25__18-38-47(1).JPG,7
9,DL-12,Capreolus_capreolus,30/10/2025 06:54,30/10/2025,06:54:02,389715,6495.2,108.3,4.5,C:/Users/94248/Desktop/output/DL-12/Capreolus_capreolus,DL-12__2025-10-30__06-54-02(1).JPG,4
10,DL-12,Capreolus_capreolus,30/10/2025 19:47,30/10/2025,19:47:12,46390,773.2,12.9,0.5,C:/Users/94248/Desktop/output/DL-12/Capreolus_capreolus,DL-12__2025-10-30__19-47-12(1).JPG,6
11,DL-12,Capreolus_capreolus,04/11/2025 18:41,04/11/2025,18:41:00,428028,7133.8,118.9,5,C:/Users/94248/Desktop/output/DL-12/Capreolus_capreolus,DL-12__2025-11-04__18-41-00(1).JPG,6
12,DL-12,Capreolus_capreolus,05/11/2025 06:56,05/11/2025,06:56:23,44123,735.4,12.3,0.5,C:/Users/94248/Desktop/output/DL-12/Capreolus_capreolus,DL-12__2025-11-05__06-56-23(1).JPG,2
13,DL-12,Capreolus_capreolus,08/11/2025 20:10,08/11/2025,20:10:29,0,0,0,0,C:/Users/asus/Desktop/IC_R/assessment3/camera/DL-12/DL-12/Capreolus_capreolus,DL-12__2025-11-08__20-10-29(1).JPG,2
14,DL-12,Capreolus_capreolus,17/11/2025 15:23,17/11/2025,15:23:07,760358,12672.6,211.2,8.8,C:/Users/asus/Desktop/IC_R/assessment3/camera/DL-12/DL-12/Capreolus_capreolus,DL-12__2025-11-17__15-23-07(1).JPG,8
15,DL-12,Capreolus_capreolus,20/11/2025 04:59,20/11/2025,04:59:56,221809,3696.8,61.6,2.6,C:/Users/asus/Desktop/IC_R/assessment3/camera/DL-12/DL-12/Capreolus_capreolus,DL-12__2025-11-20__04-59-56(1).JPG,1
16,DL-12,Capreolus_capreolus,20/11/2025 15:05,20/11/2025,15:05:27,36331,605.5,10.1,0.4,C:/Users/asus/Desktop/IC_R/assessment3/camera/DL-12/DL-12/Capreolus_capreolus,DL-12__2025-11-20__15-05-27(1).JPG,14
17,DL-12,Capreolus_capreolus,21/11/2025 08:20,21/11/2025,08:20:33,62106,1035.1,17.3,0.7,C:/Users/asus/Desktop/IC_R/assessment3/camera/DL-12/DL-12/Capreolus_capreolus,DL-12__2025-11-21__08-20-33(1).JPG,10
18,DL-12,Columba_palumbus,20/11/2025 16:57,20/11/2025,16:57:59,0,0,0,0,C:/Users/asus/Desktop/IC_R/assessment3/camera/DL-12/DL-12/Columba_palumbus,DL-12__2025-11-20__16-57-59(1).JPG,2
19,DL-12,domestic_dog,18/11/2025 15:49,18/11/2025,15:49:44,0,0,0,0,C:/Users/asus/Desktop/IC_R/assessment3/camera/DL-12/DL-12/domestic_dog,DL-12__2025-11-18__15-49-44(1).JPG,2
20,DL-12,Meles_meles,16/10/2025 00:57,16/10/2025,00:57:01,0,0,0,0,C:/Users/Home/Downloads/DL-12/Meles_meles,DL-12__2025-10-16__00-57-01(1).JPG,2
21,DL-12,Meles_meles,19/10/2025 04:50,19/10/2025,04:50:41,273220,4553.7,75.9,3.2,C:/Users/Home/Downloads/DL-12/Meles_meles,DL-12__2025-10-19__04-50-41(1).JPG,2
22,DL-12,Meles_meles,09/10/2025 03:01,09/10/2025,03:01:35,2698,45,0.8,0,D:/R/RStudio/data/DL-12output/species_subfolder/Meles meles,101MEDIA__2025-10-09__03-01-35(1).JPG,11
23,DL-12,Meles_meles,25/10/2025 04:20,25/10/2025,04:20:08,0,0,0,0,C:/Users/94248/Desktop/output/DL-12/Meles_meles,DL-12__2025-10-25__04-20-08(1).JPG,2
24,DL-12,Meles_meles,07/11/2025 17:34,07/11/2025,17:34:13,0,0,0,0,C:/Users/asus/Desktop/IC_R/assessment3/camera/DL-12/DL-12/Meles_meles,DL-12__2025-11-07__17-34-13(1).JPG,2
25,DL-12,Meles_meles,07/11/2025 20:53,07/11/2025,20:53:51,11978,199.6,3.3,0.1,C:/Users/asus/Desktop/IC_R/assessment3/camera/DL-12/DL-12/Meles_meles,DL-12__2025-11-07__20-53-51(1).JPG,2
26,DL-12,Meles_meles,11/11/2025 01:14,11/11/2025,01:14:23,274832,4580.5,76.3,3.2,C:/Users/asus/Desktop/IC_R/assessment3/camera/DL-12/DL-12/Meles_meles,DL-12__2025-11-11__01-14-23(1).JPG,2
27,DL-12,Meles_meles,17/11/2025 03:50,17/11/2025,03:50:07,527744,8795.7,146.6,6.1,C:/Users/asus/Desktop/IC_R/assessment3/camera/DL-12/DL-12/Meles_meles,DL-12__2025-11-17__03-50-07(1).JPG,2
28,DL-12,Muntiacus_reevesi,09/10/2025 08:54,09/10/2025,08:54:22,0,0,0,0,C:/Users/Home/Downloads/DL-12/Muntiacus_reevesi,DL-12__2025-10-09__08-54-22(1).JPG,6
29,DL-12,Muntiacus_reevesi,09/10/2025 20:10,09/10/2025,20:10:40,40578,676.3,11.3,0.5,C:/Users/Home/Downloads/DL-12/Muntiacus_reevesi,DL-12__2025-10-09__20-10-40(1).JPG,2
30,DL-12,Muntiacus_reevesi,10/10/2025 05:43,10/10/2025,05:43:57,34397,573.3,9.6,0.4,C:/Users/Home/Downloads/DL-12/Muntiacus_reevesi,DL-12__2025-10-10__05-43-57(1).JPG,8
31,DL-12,Muntiacus_reevesi,10/10/2025 18:17,10/10/2025,18:17:27,45210,753.5,12.6,0.5,C:/Users/Home/Downloads/DL-12/Muntiacus_reevesi,DL-12__2025-10-10__18-17-27(1).JPG,4
32,DL-12,Muntiacus_reevesi,12/10/2025 22:24,12/10/2025,22:24:46,187639,3127.3,52.1,2.2,C:/Users/Home/Downloads/DL-12/Muntiacus_reevesi,DL-12__2025-10-12__22-24-46(1).JPG,6
33,DL-12,Muntiacus_reevesi,13/10/2025 02:51,13/10/2025,02:51:35,16009,266.8,4.4,0.2,C:/Users/Home/Downloads/DL-12/Muntiacus_reevesi,DL-12__2025-10-13__02-51-35(1).JPG,1
34,DL-12,Muntiacus_reevesi,13/10/2025 04:02,13/10/2025,04:02:25,4250,70.8,1.2,0,C:/Users/Home/Downloads/DL-12/Muntiacus_reevesi,DL-12__2025-10-13__04-02-25(6).JPG,15
35,DL-12,Muntiacus_reevesi,13/10/2025 06:39,13/10/2025,06:39:39,9434,157.2,2.6,0.1,C:/Users/Home/Downloads/DL-12/Muntiacus_reevesi,DL-12__2025-10-13__06-39-39(1).JPG,2
36,DL-12,Muntiacus_reevesi,17/10/2025 00:28,17/10/2025,00:28:07,323308,5388.5,89.8,3.7,C:/Users/Home/Downloads/DL-12/Muntiacus_reevesi,DL-12__2025-10-17__00-28-07(1).JPG,3
37,DL-12,Muntiacus_reevesi,17/10/2025 07:39,17/10/2025,07:39:31,25884,431.4,7.2,0.3,C:/Users/Home/Downloads/DL-12/Muntiacus_reevesi,DL-12__2025-10-17__07-39-31(1).JPG,2
38,DL-12,Muntiacus_reevesi,18/10/2025 19:51,18/10/2025,19:51:23,130312,2171.9,36.2,1.5,C:/Users/Home/Downloads/DL-12/Muntiacus_reevesi,DL-12__2025-10-18__19-51-23(1).JPG,2
39,DL-12,Muntiacus_reevesi,18/10/2025 22:42,18/10/2025,22:42:59,10296,171.6,2.9,0.1,C:/Users/Home/Downloads/DL-12/Muntiacus_reevesi,DL-12__2025-10-18__22-42-59(1).JPG,9
40,DL-12,Muntiacus_reevesi,20/10/2025 18:32,20/10/2025,18:32:24,157765,2629.4,43.8,1.8,C:/Users/Home/Downloads/DL-12/Muntiacus_reevesi,DL-12__2025-10-20__18-32-24(1).JPG,7
41,DL-12,Muntiacus_reevesi,21/10/2025 01:19,21/10/2025,01:19:09,24405,406.8,6.8,0.3,C:/Users/Home/Downloads/DL-12/Muntiacus_reevesi,DL-12__2025-10-21__01-19-09(1).JPG,6
42,DL-12,Muntiacus_reevesi,22/10/2025 18:02,22/10/2025,18:02:46,0,0,0,0,C:/Users/94248/Desktop/output/DL-12/Muntiacus_reevesi,DL-12__2025-10-22__18-02-46(1).JPG,2
43,DL-12,Muntiacus_reevesi,24/10/2025 01:16,24/10/2025,01:16:56,112450,1874.2,31.2,1.3,C:/Users/94248/Desktop/output/DL-12/Muntiacus_reevesi,DL-12__2025-10-24__01-16-56(1).JPG,4
44,DL-12,Muntiacus_reevesi,24/10/2025 17:51,24/10/2025,17:51:46,59690,994.8,16.6,0.7,C:/Users/94248/Desktop/output/DL-12/Muntiacus_reevesi,DL-12__2025-10-24__17-51-46(1).JPG,6
45,DL-12,Muntiacus_reevesi,25/10/2025 04:37,25/10/2025,04:37:01,38715,645.2,10.8,0.4,C:/Users/94248/Desktop/output/DL-12/Muntiacus_reevesi,DL-12__2025-10-25__04-37-01(1).JPG,33
46,DL-12,Muntiacus_reevesi,25/10/2025 07:12,25/10/2025,07:12:13,9312,155.2,2.6,0.1,C:/Users/94248/Desktop/output/DL-12/Muntiacus_reevesi,DL-12__2025-10-25__07-12-13(1).JPG,42
47,DL-12,Muntiacus_reevesi,27/10/2025 01:11,27/10/2025,01:11:04,151131,2518.8,42,1.8,C:/Users/94248/Desktop/output/DL-12/Muntiacus_reevesi,DL-12__2025-10-27__01-11-04(1).JPG,3
48,DL-12,Muntiacus_reevesi,27/10/2025 02:27,27/10/2025,02:27:05,4561,76,1.3,0.1,C:/Users/94248/Desktop/output/DL-12/Muntiacus_reevesi,DL-12__2025-10-27__02-27-05(1).JPG,6
49,DL-12,Muntiacus_reevesi,29/10/2025 04:59,29/10/2025,04:59:51,181966,3032.8,50.5,2.1,C:/Users/94248/Desktop/output/DL-12/Muntiacus_reevesi,DL-12__2025-10-29__04-59-51(6).JPG,2
50,DL-12,Muntiacus_reevesi,29/10/2025 23:42,29/10/2025,23:42:40,67369,1122.8,18.7,0.8,C:/Users/94248/Desktop/output/DL-12/Muntiacus_reevesi,DL-12__2025-10-29__23-42-40(1).JPG,4
51,DL-12,Muntiacus_reevesi,30/10/2025 15:55,30/10/2025,15:55:36,58376,972.9,16.2,0.7,C:/Users/94248/Desktop/output/DL-12/Muntiacus_reevesi,DL-12__2025-10-30__15-55-36(1).JPG,4
52,DL-12,Muntiacus_reevesi,30/10/2025 19:41,30/10/2025,19:41:58,13582,226.4,3.8,0.2,C:/Users/94248/Desktop/output/DL-12/Muntiacus_reevesi,DL-12__2025-10-30__19-41-58(1).JPG,10
53,DL-12,Muntiacus_reevesi,01/11/2025 13:12,01/11/2025,13:12:11,149413,2490.2,41.5,1.7,C:/Users/94248/Desktop/output/DL-12/Muntiacus_reevesi,DL-12__2025-11-01__13-12-11(1).JPG,1
54,DL-12,Muntiacus_reevesi,01/11/2025 16:17,01/11/2025,16:17:15,11104,185.1,3.1,0.1,C:/Users/94248/Desktop/output/DL-12/Muntiacus_reevesi,DL-12__2025-11-01__16-17-15(1).JPG,8
55,DL-12,Muntiacus_reevesi,03/11/2025 03:59,03/11/2025,03:59:47,128552,2142.5,35.7,1.5,C:/Users/94248/Desktop/output/DL-12/Muntiacus_reevesi,DL-12__2025-11-03__03-59-47(1).JPG,3
56,DL-12,Muntiacus_reevesi,03/11/2025 19:19,03/11/2025,19:19:54,55207,920.1,15.3,0.6,C:/Users/94248/Desktop/output/DL-12/Muntiacus_reevesi,DL-12__2025-11-03__19-19-54(1).JPG,2
57,DL-12,Muntiacus_reevesi,05/11/2025 05:38,05/11/2025,05:38:13,123499,2058.3,34.3,1.4,C:/Users/94248/Desktop/output/DL-12/Muntiacus_reevesi,DL-12__2025-11-05__05-38-13(1).JPG,2
58,DL-12,Muntiacus_reevesi,05/11/2025 17:04,05/11/2025,17:04:48,41195,686.6,11.4,0.5,C:/Users/94248/Desktop/output/DL-12/Muntiacus_reevesi,DL-12__2025-11-05__17-04-48(1).JPG,7
59,DL-12,Muntiacus_reevesi,06/11/2025 04:30,06/11/2025,04:30:40,41152,685.9,11.4,0.5,C:/Users/94248/Desktop/output/DL-12/Muntiacus_reevesi,DL-12__2025-11-06__04-30-40(1).JPG,6
60,DL-12,Muntiacus_reevesi,07/11/2025 02:23,07/11/2025,02:23:51,78791,1313.2,21.9,0.9,C:/Users/94248/Desktop/output/DL-12/Muntiacus_reevesi,DL-12__2025-11-07__02-23-51(1).JPG,1
61,DL-12,Muntiacus_reevesi,07/11/2025 02:23,07/11/2025,02:23:52,0,0,0,0,C:/Users/asus/Desktop/IC_R/assessment3/camera/DL-12/DL-12/Muntiacus_reevesi,DL-12__2025-11-07__02-23-52(1).JPG,3
62,DL-12,Muntiacus_reevesi,10/11/2025 04:14,10/11/2025,04:14:24,265832,4430.5,73.8,3.1,C:/Users/asus/Desktop/IC_R/assessment3/camera/DL-12/DL-12/Muntiacus_reevesi,DL-12__2025-11-10__04-14-24(1).JPG,1
63,DL-12,Muntiacus_reevesi,11/11/2025 18:03,11/11/2025,18:03:04,136120,2268.7,37.8,1.6,C:/Users/asus/Desktop/IC_R/assessment3/camera/DL-12/DL-12/Muntiacus_reevesi,DL-12__2025-11-11__18-03-04(1).JPG,2
64,DL-12,Muntiacus_reevesi,12/11/2025 22:44,12/11/2025,22:44:37,103293,1721.6,28.7,1.2,C:/Users/asus/Desktop/IC_R/assessment3/camera/DL-12/DL-12/Muntiacus_reevesi,DL-12__2025-11-12__22-44-37(1).JPG,3
65,DL-12,Muntiacus_reevesi,13/11/2025 04:01,13/11/2025,04:01:38,19021,317,5.3,0.2,C:/Users/asus/Desktop/IC_R/assessment3/camera/DL-12/DL-12/Muntiacus_reevesi,DL-12__2025-11-13__04-01-38(1).JPG,12
66,DL-12,Muntiacus_reevesi,13/11/2025 07:44,13/11/2025,07:44:58,13400,223.3,3.7,0.2,C:/Users/asus/Desktop/IC_R/assessment3/camera/DL-12/DL-12/Muntiacus_reevesi,DL-12__2025-11-13__07-44-58(1).JPG,2
67,DL-12,Muntiacus_reevesi,13/11/2025 16:58,13/11/2025,16:58:51,33233,553.9,9.2,0.4,C:/Users/asus/Desktop/IC_R/assessment3/camera/DL-12/DL-12/Muntiacus_reevesi,DL-12__2025-11-13__16-58-51(1).JPG,2
68,DL-12,Muntiacus_reevesi,14/11/2025 05:55,14/11/2025,05:55:08,46577,776.3,12.9,0.5,C:/Users/asus/Desktop/IC_R/assessment3/camera/DL-12/DL-12/Muntiacus_reevesi,DL-12__2025-11-14__05-55-08(1).JPG,14
69,DL-12,Muntiacus_reevesi,14/11/2025 21:12,14/11/2025,21:12:42,55054,917.6,15.3,0.6,C:/Users/asus/Desktop/IC_R/assessment3/camera/DL-12/DL-12/Muntiacus_reevesi,DL-12__2025-11-14__21-12-42(6).JPG,8
70,DL-12,Muntiacus_reevesi,15/11/2025 16:13,15/11/2025,16:13:51,68469,1141.2,19,0.8,C:/Users/asus/Desktop/IC_R/assessment3/camera/DL-12/DL-12/Muntiacus_reevesi,DL-12__2025-11-15__16-13-51(1).JPG,6
71,DL-12,Muntiacus_reevesi,15/11/2025 21:55,15/11/2025,21:55:54,20523,342,5.7,0.2,C:/Users/asus/Desktop/IC_R/assessment3/camera/DL-12/DL-12/Muntiacus_reevesi,DL-12__2025-11-15__21-55-54(1).JPG,3
72,DL-12,Muntiacus_reevesi,16/11/2025 05:27,16/11/2025,05:27:23,27089,451.5,7.5,0.3,C:/Users/asus/Desktop/IC_R/assessment3/camera/DL-12/DL-12/Muntiacus_reevesi,DL-12__2025-11-16__05-27-23(1).JPG,1
73,DL-12,Muntiacus_reevesi,16/11/2025 20:56,16/11/2025,20:56:41,55758,929.3,15.5,0.6,C:/Users/asus/Desktop/IC_R/assessment3/camera/DL-12/DL-12/Muntiacus_reevesi,DL-12__2025-11-16__20-56-41(7).JPG,18
74,DL-12,Muntiacus_reevesi,16/11/2025 21:31,16/11/2025,21:31:28,2087,34.8,0.6,0,C:/Users/asus/Desktop/IC_R/assessment3/camera/DL-12/DL-12/Muntiacus_reevesi,DL-12__2025-11-16__21-31-28(1).JPG,11
75,DL-12,Muntiacus_reevesi,17/11/2025 06:41,17/11/2025,06:41:57,33029,550.5,9.2,0.4,C:/Users/asus/Desktop/IC_R/assessment3/camera/DL-12/DL-12/Muntiacus_reevesi,DL-12__2025-11-17__06-41-57(1).JPG,4
76,DL-12,Muntiacus_reevesi,21/11/2025 07:29,21/11/2025,07:29:07,348430,5807.2,96.8,4,C:/Users/asus/Desktop/IC_R/assessment3/camera/DL-12/DL-12/Muntiacus_reevesi,DL-12__2025-11-21__07-29-07(1).JPG,4
77,DL-12,Muntiacus_reevesi,21/11/2025 16:19,21/11/2025,16:19:54,31847,530.8,8.8,0.4,C:/Users/asus/Desktop/IC_R/assessment3/camera/DL-12/DL-12/Muntiacus_reevesi,DL-12__2025-11-21__16-19-54(1).JPG,4
78,DL-12,Muntiacus_reevesi,23/11/2025 16:54,23/11/2025,16:54:38,174884,2914.7,48.6,2,C:/Users/asus/Desktop/IC_R/assessment3/camera/DL-12/DL-12/Muntiacus_reevesi,DL-12__2025-11-23__16-54-38(1).JPG,4
79,DL-12,Muntiacus_reevesi,23/11/2025 20:59,23/11/2025,20:59:34,14696,244.9,4.1,0.2,C:/Users/asus/Desktop/IC_R/assessment3/camera/DL-12/DL-12/Muntiacus_reevesi,DL-12__2025-11-23__20-59-34(1).JPG,12
80,DL-12,Muntiacus_reevesi,24/11/2025 02:44,24/11/2025,02:44:24,20690,344.8,5.7,0.2,C:/Users/asus/Desktop/IC_R/assessment3/camera/DL-12/DL-12/Muntiacus_reevesi,DL-12__2025-11-24__02-44-24(5).JPG,9
81,DL-12,Oryctolagus_cuniculus,09/10/2025 03:16,09/10/2025,03:16:35,0,0,0,0,C:/Users/Home/Downloads/DL-12/Oryctolagus_cuniculus,DL-12__2025-10-09__03-16-35(1).JPG,1
82,DL-12,Oryctolagus_cuniculus,09/10/2025 04:59,09/10/2025,04:59:12,6157,102.6,1.7,0.1,C:/Users/Home/Downloads/DL-12/Oryctolagus_cuniculus,DL-12__2025-10-09__04-59-12(1).JPG,6
83,DL-12,Oryctolagus_cuniculus,10/10/2025 06:39,10/10/2025,06:39:42,92430,1540.5,25.7,1.1,C:/Users/Home/Downloads/DL-12/Oryctolagus_cuniculus,DL-12__2025-10-10__06-39-42(1).JPG,10
84,DL-12,Oryctolagus_cuniculus,14/10/2025 06:40,14/10/2025,06:40:46,345664,5761.1,96,4,C:/Users/Home/Downloads/DL-12/Oryctolagus_cuniculus,DL-12__2025-10-14__06-40-46(1).JPG,6
85,DL-12,Oryctolagus_cuniculus,18/10/2025 05:58,18/10/2025,05:58:46,343080,5718,95.3,4,C:/Users/Home/Downloads/DL-12/Oryctolagus_cuniculus,DL-12__2025-10-18__05-58-46(1).JPG,30
86,DL-12,Oryctolagus_cuniculus,18/10/2025 06:32,18/10/2025,06:32:43,2037,34,0.6,0,C:/Users/Home/Downloads/DL-12/Oryctolagus_cuniculus,DL-12__2025-10-18__06-32-43(1).JPG,10
87,DL-12,Oryctolagus_cuniculus,20/10/2025 01:21,20/10/2025,01:21:14,154111,2568.5,42.8,1.8,C:/Users/Home/Downloads/DL-12/Oryctolagus_cuniculus,DL-12__2025-10-20__01-21-14(1).JPG,2
88,DL-12,Oryctolagus_cuniculus,21/10/2025 07:00,21/10/2025,07:00:12,106738,1779,29.6,1.2,C:/Users/Home/Downloads/DL-12/Oryctolagus_cuniculus,DL-12__2025-10-21__07-00-12(1).JPG,2
89,DL-12,Oryctolagus_cuniculus,22/10/2025 03:08,22/10/2025,03:08:19,72487,1208.1,20.1,0.8,C:/Users/Home/Downloads/DL-12/Oryctolagus_cuniculus,DL-12__2025-10-22__03-08-19(1).JPG,6
90,DL-12,Oryctolagus_cuniculus,08/10/2025 18:36,08/10/2025,18:36:28,4462,74.4,1.2,0,D:/R/RStudio/data/DL-12output/species_subfolder/Oryctolagus cuniculus,101MEDIA__2025-10-08__18-36-28(1).JPG,6
91,DL-12,Oryctolagus_cuniculus,09/10/2025 02:16,09/10/2025,02:16:37,27609,460.1,7.7,0.3,D:/R/RStudio/data/DL-12output/species_subfolder/Oryctolagus cuniculus,101MEDIA__2025-10-09__02-16-37(1).JPG,6
92,DL-12,Oryctolagus_cuniculus,24/10/2025 07:17,24/10/2025,07:17:33,0,0,0,0,C:/Users/94248/Desktop/output/DL-12/Oryctolagus_cuniculus,DL-12__2025-10-24__07-17-33(1).JPG,4
93,DL-12,Oryctolagus_cuniculus,24/10/2025 18:08,24/10/2025,18:08:45,39072,651.2,10.9,0.5,C:/Users/94248/Desktop/output/DL-12/Oryctolagus_cuniculus,DL-12__2025-10-24__18-08-45(1).JPG,2
94,DL-12,Oryctolagus_cuniculus,25/10/2025 07:26,25/10/2025,07:26:05,47840,797.3,13.3,0.6,C:/Users/94248/Desktop/output/DL-12/Oryctolagus_cuniculus,DL-12__2025-10-25__07-26-05(1).JPG,30
95,DL-12,Oryctolagus_cuniculus,26/10/2025 06:53,26/10/2025,06:53:06,84421,1407,23.4,1,C:/Users/94248/Desktop/output/DL-12/Oryctolagus_cuniculus,DL-12__2025-10-26__06-53-06(1).JPG,2
96,DL-12,Oryctolagus_cuniculus,27/10/2025 05:59,27/10/2025,05:59:00,83154,1385.9,23.1,1,C:/Users/94248/Desktop/output/DL-12/Oryctolagus_cuniculus,DL-12__2025-10-27__05-59-00(1).JPG,14
97,DL-12,Oryctolagus_cuniculus,28/10/2025 17:09,28/10/2025,17:09:42,126642,2110.7,35.2,1.5,C:/Users/94248/Desktop/output/DL-12/Oryctolagus_cuniculus,DL-12__2025-10-28__17-09-42(1).JPG,12
98,DL-12,Oryctolagus_cuniculus,29/10/2025 06:09,29/10/2025,06:09:08,46766,779.4,13,0.5,C:/Users/94248/Desktop/output/DL-12/Oryctolagus_cuniculus,DL-12__2025-10-29__06-09-08(1).JPG,2
99,DL-12,Oryctolagus_cuniculus,29/10/2025 07:00,29/10/2025,07:00:28,3080,51.3,0.9,0,C:/Users/94248/Desktop/output/DL-12/Oryctolagus_cuniculus,DL-12__2025-10-29__07-00-28(1).JPG,2
100,DL-12,Oryctolagus_cuniculus,31/10/2025 07:19,31/10/2025,07:19:41,173953,2899.2,48.3,2,C:/Users/94248/Desktop/output/DL-12/Oryctolagus_cuniculus,DL-12__2025-10-31__07-19-41(1).JPG,2
101,DL-12,Oryctolagus_cuniculus,31/10/2025 16:55,31/10/2025,16:55:29,34548,575.8,9.6,0.4,C:/Users/94248/Desktop/output/DL-12/Oryctolagus_cuniculus,DL-12__2025-10-31__16-55-29(1).JPG,6
102,DL-12,Oryctolagus_cuniculus,01/11/2025 06:46,01/11/2025,06:46:53,49884,831.4,13.9,0.6,C:/Users/94248/Desktop/output/DL-12/Oryctolagus_cuniculus,DL-12__2025-11-01__06-46-53(1).JPG,2
103,DL-12,Oryctolagus_cuniculus,01/11/2025 08:40,01/11/2025,08:40:34,6821,113.7,1.9,0.1,C:/Users/94248/Desktop/output/DL-12/Oryctolagus_cuniculus,DL-12__2025-11-01__08-40-34(1).JPG,2
104,DL-12,Oryctolagus_cuniculus,04/11/2025 06:26,04/11/2025,06:26:37,251163,4186,69.8,2.9,C:/Users/94248/Desktop/output/DL-12/Oryctolagus_cuniculus,DL-12__2025-11-04__06-26-37(1).JPG,2
105,DL-12,Oryctolagus_cuniculus,05/11/2025 05:35,05/11/2025,05:35:52,83355,1389.2,23.2,1,C:/Users/94248/Desktop/output/DL-12/Oryctolagus_cuniculus,DL-12__2025-11-05__05-35-52(1).JPG,12
106,DL-12,Oryctolagus_cuniculus,05/11/2025 07:13,05/11/2025,07:13:45,5873,97.9,1.6,0.1,C:/Users/94248/Desktop/output/DL-12/Oryctolagus_cuniculus,DL-12__2025-11-05__07-13-45(1).JPG,4
107,DL-12,Oryctolagus_cuniculus,08/11/2025 06:22,08/11/2025,06:22:57,0,0,0,0,C:/Users/asus/Desktop/IC_R/assessment3/camera/DL-12/DL-12/Oryctolagus_cuniculus,DL-12__2025-11-08__06-22-57(1).JPG,10
108,DL-12,Oryctolagus_cuniculus,08/11/2025 22:46,08/11/2025,22:46:47,59030,983.8,16.4,0.7,C:/Users/asus/Desktop/IC_R/assessment3/camera/DL-12/DL-12/Oryctolagus_cuniculus,DL-12__2025-11-08__22-46-47(1).JPG,28
109,DL-12,Oryctolagus_cuniculus,09/11/2025 05:31,09/11/2025,05:31:38,24291,404.9,6.7,0.3,C:/Users/asus/Desktop/IC_R/assessment3/camera/DL-12/DL-12/Oryctolagus_cuniculus,DL-12__2025-11-09__05-31-38(1).JPG,8
110,DL-12,Oryctolagus_cuniculus,12/11/2025 06:20,12/11/2025,06:20:34,262136,4368.9,72.8,3,C:/Users/asus/Desktop/IC_R/assessment3/camera/DL-12/DL-12/Oryctolagus_cuniculus,DL-12__2025-11-12__06-20-34(1).JPG,4
111,DL-12,Oryctolagus_cuniculus,13/11/2025 17:09,13/11/2025,17:09:25,125331,2088.8,34.8,1.4,C:/Users/asus/Desktop/IC_R/assessment3/camera/DL-12/DL-12/Oryctolagus_cuniculus,DL-12__2025-11-13__17-09-25(1).JPG,6
112,DL-12,Oryctolagus_cuniculus,14/11/2025 21:13,14/11/2025,21:13:11,101026,1683.8,28.1,1.2,C:/Users/asus/Desktop/IC_R/assessment3/camera/DL-12/DL-12/Oryctolagus_cuniculus,DL-12__2025-11-14__21-13-11(6).JPG,2
113,DL-12,Oryctolagus_cuniculus,15/11/2025 05:57,15/11/2025,05:57:49,31478,524.6,8.7,0.4,C:/Users/asus/Desktop/IC_R/assessment3/camera/DL-12/DL-12/Oryctolagus_cuniculus,DL-12__2025-11-15__05-57-49(1).JPG,8
114,DL-12,Oryctolagus_cuniculus,17/11/2025 17:15,17/11/2025,17:15:02,213433,3557.2,59.3,2.5,C:/Users/asus/Desktop/IC_R/assessment3/camera/DL-12/DL-12/Oryctolagus_cuniculus,DL-12__2025-11-17__17-15-02(1).JPG,1
115,DL-12,Oryctolagus_cuniculus,17/11/2025 21:24,17/11/2025,21:24:25,14963,249.4,4.2,0.2,C:/Users/asus/Desktop/IC_R/assessment3/camera/DL-12/DL-12/Oryctolagus_cuniculus,DL-12__2025-11-17__21-24-25(1).JPG,4
116,DL-12,Oryctolagus_cuniculus,17/11/2025 22:42,17/11/2025,22:42:52,4707,78.4,1.3,0.1,C:/Users/asus/Desktop/IC_R/assessment3/camera/DL-12/DL-12/Oryctolagus_cuniculus,DL-12__2025-11-17__22-42-52(1).JPG,2
117,DL-12,Oryctolagus_cuniculus,19/11/2025 21:17,19/11/2025,21:17:50,167698,2795,46.6,1.9,C:/Users/asus/Desktop/IC_R/assessment3/camera/DL-12/DL-12/Oryctolagus_cuniculus,DL-12__2025-11-19__21-17-50(1).JPG,2
118,DL-12,Oryctolagus_cuniculus,21/11/2025 05:14,21/11/2025,05:14:21,114991,1916.5,31.9,1.3,C:/Users/asus/Desktop/IC_R/assessment3/camera/DL-12/DL-12/Oryctolagus_cuniculus,DL-12__2025-11-21__05-14-21(1).JPG,10
119,DL-12,Oryctolagus_cuniculus,22/11/2025 02:46,22/11/2025,02:46:41,77540,1292.3,21.5,0.9,C:/Users/asus/Desktop/IC_R/assessment3/camera/DL-12/DL-12/Oryctolagus_cuniculus,DL-12__2025-11-22__02-46-41(1).JPG,2
120,DL-12,Oryctolagus_cuniculus,24/11/2025 06:59,24/11/2025,06:59:41,187980,3133,52.2,2.2,C:/Users/asus/Desktop/IC_R/assessment3/camera/DL-12/DL-12/Oryctolagus_cuniculus,DL-12__2025-11-24__06-59-41(1).JPG,4
121,DL-12,Phasianus_colchicus,13/10/2025 16:14,13/10/2025,16:14:13,0,0,0,0,C:/Users/Home/Downloads/DL-12/Phasianus_colchicus,DL-12__2025-10-13__16-14-13(1).JPG,4
122,DL-12,Phasianus_colchicus,29/10/2025 14:35,29/10/2025,14:35:52,0,0,0,0,C:/Users/94248/Desktop/output/DL-12/Phasianus_colchicus,DL-12__2025-10-29__14-35-52(1).JPG,2
123,DL-12,Phasianus_colchicus,09/11/2025 16:37,09/11/2025,16:37:41,0,0,0,0,C:/Users/asus/Desktop/IC_R/assessment3/camera/DL-12/DL-12/Phasianus_colchicus,DL-12__2025-11-09__16-37-41(1).JPG,2
124,DL-12,Sciurus_carolinensis,09/10/2025 09:30,09/10/2025,09:30:56,0,0,0,0,C:/Users/Home/Downloads/DL-12/Sciurus_carolinensis,DL-12__2025-10-09__09-30-56(1).JPG,4
125,DL-12,Sciurus_carolinensis,09/10/2025 15:23,09/10/2025,15:23:17,21141,352.4,5.9,0.2,C:/Users/Home/Downloads/DL-12/Sciurus_carolinensis,DL-12__2025-10-09__15-23-17(1).JPG,13
126,DL-12,Sciurus_carolinensis,09/10/2025 17:11,09/10/2025,17:11:40,6503,108.4,1.8,0.1,C:/Users/Home/Downloads/DL-12/Sciurus_carolinensis,DL-12__2025-10-09__17-11-40(1).JPG,6
127,DL-12,Sciurus_carolinensis,11/10/2025 08:30,11/10/2025,08:30:04,141504,2358.4,39.3,1.6,C:/Users/Home/Downloads/DL-12/Sciurus_carolinensis,DL-12__2025-10-11__08-30-04(1).JPG,6
128,DL-12,Sciurus_carolinensis,11/10/2025 12:40,11/10/2025,12:40:24,15020,250.3,4.2,0.2,C:/Users/Home/Downloads/DL-12/Sciurus_carolinensis,DL-12__2025-10-11__12-40-24(1).JPG,10
129,DL-12,Sciurus_carolinensis,12/10/2025 15:07,12/10/2025,15:07:27,95223,1587,26.4,1.1,C:/Users/Home/Downloads/DL-12/Sciurus_carolinensis,DL-12__2025-10-12__15-07-27(1).JPG,4
130,DL-12,Sciurus_carolinensis,12/10/2025 16:31,12/10/2025,16:31:57,5070,84.5,1.4,0.1,C:/Users/Home/Downloads/DL-12/Sciurus_carolinensis,DL-12__2025-10-12__16-31-57(1).JPG,12
131,DL-12,Sciurus_carolinensis,13/10/2025 15:13,13/10/2025,15:13:37,81700,1361.7,22.7,0.9,C:/Users/Home/Downloads/DL-12/Sciurus_carolinensis,DL-12__2025-10-13__15-13-37(1).JPG,8
132,DL-12,Sciurus_carolinensis,14/10/2025 07:56,14/10/2025,07:56:01,60144,1002.4,16.7,0.7,C:/Users/Home/Downloads/DL-12/Sciurus_carolinensis,DL-12__2025-10-14__07-56-01(1).JPG,7
133,DL-12,Sciurus_carolinensis,14/10/2025 09:09,14/10/2025,09:09:21,4400,73.3,1.2,0,C:/Users/Home/Downloads/DL-12/Sciurus_carolinensis,DL-12__2025-10-14__09-09-21(1).JPG,15
134,DL-12,Sciurus_carolinensis,15/10/2025 10:17,15/10/2025,10:17:10,90469,1507.8,25.1,1,C:/Users/Home/Downloads/DL-12/Sciurus_carolinensis,DL-12__2025-10-15__10-17-10(1).JPG,4
135,DL-12,Sciurus_carolinensis,15/10/2025 12:25,15/10/2025,12:25:16,7686,128.1,2.1,0.1,C:/Users/Home/Downloads/DL-12/Sciurus_carolinensis,DL-12__2025-10-15__12-25-16(1).JPG,2
136,DL-12,Sciurus_carolinensis,15/10/2025 15:02,15/10/2025,15:02:33,9437,157.3,2.6,0.1,C:/Users/Home/Downloads/DL-12/Sciurus_carolinensis,DL-12__2025-10-15__15-02-33(1).JPG,5
137,DL-12,Sciurus_carolinensis,15/10/2025 16:16,15/10/2025,16:16:57,4464,74.4,1.2,0,C:/Users/Home/Downloads/DL-12/Sciurus_carolinensis,DL-12__2025-10-15__16-16-57(1).JPG,10
138,DL-12,Sciurus_carolinensis,16/10/2025 11:06,16/10/2025,11:06:59,67802,1130,18.8,0.8,C:/Users/Home/Downloads/DL-12/Sciurus_carolinensis,DL-12__2025-10-16__11-06-59(1).JPG,4
139,DL-12,Sciurus_carolinensis,16/10/2025 14:48,16/10/2025,14:48:53,13314,221.9,3.7,0.2,C:/Users/Home/Downloads/DL-12/Sciurus_carolinensis,DL-12__2025-10-16__14-48-53(1).JPG,4
140,DL-12,Sciurus_carolinensis,17/10/2025 16:35,17/10/2025,16:35:15,92782,1546.4,25.8,1.1,C:/Users/Home/Downloads/DL-12/Sciurus_carolinensis,DL-12__2025-10-17__16-35-15(1).JPG,2
141,DL-12,Sciurus_carolinensis,19/10/2025 08:27,19/10/2025,08:27:10,143515,2391.9,39.9,1.7,C:/Users/Home/Downloads/DL-12/Sciurus_carolinensis,DL-12__2025-10-19__08-27-10(1).JPG,2
142,DL-12,Sciurus_carolinensis,19/10/2025 09:16,19/10/2025,09:16:08,2938,49,0.8,0,C:/Users/Home/Downloads/DL-12/Sciurus_carolinensis,DL-12__2025-10-19__09-16-08(1).JPG,9
143,DL-12,Sciurus_carolinensis,19/10/2025 16:37,19/10/2025,16:37:57,26509,441.8,7.4,0.3,C:/Users/Home/Downloads/DL-12/Sciurus_carolinensis,DL-12__2025-10-19__16-37-57(1).JPG,4
144,DL-12,Sciurus_carolinensis,20/10/2025 14:10,20/10/2025,14:10:38,77561,1292.7,21.5,0.9,C:/Users/Home/Downloads/DL-12/Sciurus_carolinensis,DL-12__2025-10-20__14-10-38(1).JPG,2
145,DL-12,Sciurus_carolinensis,21/10/2025 10:20,21/10/2025,10:20:20,72582,1209.7,20.2,0.8,C:/Users/Home/Downloads/DL-12/Sciurus_carolinensis,DL-12__2025-10-21__10-20-20(1).JPG,6
146,DL-12,Sciurus_carolinensis,21/10/2025 12:28,21/10/2025,12:28:34,7694,128.2,2.1,0.1,C:/Users/Home/Downloads/DL-12/Sciurus_carolinensis,DL-12__2025-10-21__12-28-34(1).JPG,10
147,DL-12,Sciurus_carolinensis,21/10/2025 13:02,21/10/2025,13:02:19,2025,33.8,0.6,0,C:/Users/Home/Downloads/DL-12/Sciurus_carolinensis,DL-12__2025-10-21__13-02-19(1).JPG,6
148,DL-12,Sciurus_carolinensis,21/10/2025 13:56,21/10/2025,13:56:43,3264,54.4,0.9,0,C:/Users/Home/Downloads/DL-12/Sciurus_carolinensis,DL-12__2025-10-21__13-56-43(1).JPG,4
149,DL-12,Sciurus_carolinensis,22/10/2025 11:04,22/10/2025,11:04:29,76066,1267.8,21.1,0.9,C:/Users/Home/Downloads/DL-12/Sciurus_carolinensis,DL-12__2025-10-22__11-04-29(1).JPG,12
150,DL-12,Sciurus_carolinensis,22/10/2025 15:07,22/10/2025,15:07:21,14572,242.9,4,0.2,C:/Users/Home/Downloads/DL-12/Sciurus_carolinensis,DL-12__2025-10-22__15-07-21(1).JPG,10
151,DL-12,Sciurus_carolinensis,22/10/2025 16:51,22/10/2025,16:51:28,6247,104.1,1.7,0.1,C:/Users/Home/Downloads/DL-12/Sciurus_carolinensis,DL-12__2025-10-22__16-51-28(1).JPG,6
152,DL-12,Sciurus_carolinensis,08/10/2025 17:22,08/10/2025,17:22:06,0,0,0,0,D:/R/RStudio/data/DL-12output/species_subfolder/Sciurus carolinensis,101MEDIA__2025-10-08__17-22-06(1).JPG,2
153,DL-12,Sciurus_carolinensis,22/10/2025 16:56,22/10/2025,16:56:29,0,0,0,0,C:/Users/94248/Desktop/output/DL-12/Sciurus_carolinensis,DL-12__2025-10-22__16-56-29(1).JPG,1
154,DL-12,Sciurus_carolinensis,24/10/2025 16:12,24/10/2025,16:12:23,170154,2835.9,47.3,2,C:/Users/94248/Desktop/output/DL-12/Sciurus_carolinensis,DL-12__2025-10-24__16-12-23(1).JPG,6
155,DL-12,Sciurus_carolinensis,26/10/2025 10:45,26/10/2025,10:45:49,153206,2553.4,42.6,1.8,C:/Users/94248/Desktop/output/DL-12/Sciurus_carolinensis,DL-12__2025-10-26__10-45-49(1).JPG,2
156,DL-12,Sciurus_carolinensis,26/10/2025 13:13,26/10/2025,13:13:55,8886,148.1,2.5,0.1,C:/Users/94248/Desktop/output/DL-12/Sciurus_carolinensis,DL-12__2025-10-26__13-13-55(1).JPG,12
157,DL-12,Sciurus_carolinensis,27/10/2025 16:10,27/10/2025,16:10:22,96987,1616.4,26.9,1.1,C:/Users/94248/Desktop/output/DL-12/Sciurus_carolinensis,DL-12__2025-10-27__16-10-22(1).JPG,3
158,DL-12,Sciurus_carolinensis,28/10/2025 16:00,28/10/2025,16:00:57,85835,1430.6,23.8,1,C:/Users/94248/Desktop/output/DL-12/Sciurus_carolinensis,DL-12__2025-10-28__16-00-57(1).JPG,2
159,DL-12,Sciurus_carolinensis,29/10/2025 10:21,29/10/2025,10:21:29,66032,1100.5,18.3,0.8,C:/Users/94248/Desktop/output/DL-12/Sciurus_carolinensis,DL-12__2025-10-29__10-21-29(1).JPG,4
160,DL-12,Sciurus_carolinensis,30/10/2025 06:43,30/10/2025,06:43:32,73323,1222,20.4,0.8,C:/Users/94248/Desktop/output/DL-12/Sciurus_carolinensis,DL-12__2025-10-30__06-43-32(1).JPG,2
161,DL-12,Sciurus_carolinensis,30/10/2025 07:22,30/10/2025,07:22:10,2318,38.6,0.6,0,C:/Users/94248/Desktop/output/DL-12/Sciurus_carolinensis,DL-12__2025-10-30__07-22-10(1).JPG,4
162,DL-12,Sciurus_carolinensis,30/10/2025 08:22,30/10/2025,08:22:10,3600,60,1,0,C:/Users/94248/Desktop/output/DL-12/Sciurus_carolinensis,DL-12__2025-10-30__08-22-10(1).JPG,2
163,DL-12,Sciurus_carolinensis,30/10/2025 12:12,30/10/2025,12:12:13,13803,230.1,3.8,0.2,C:/Users/94248/Desktop/output/DL-12/Sciurus_carolinensis,DL-12__2025-10-30__12-12-13(1).JPG,3
164,DL-12,Sciurus_carolinensis,30/10/2025 12:53,30/10/2025,12:53:34,2481,41.4,0.7,0,C:/Users/94248/Desktop/output/DL-12/Sciurus_carolinensis,DL-12__2025-10-30__12-53-34(1).JPG,8
165,DL-12,Sciurus_carolinensis,30/10/2025 15:39,30/10/2025,15:39:25,9951,165.8,2.8,0.1,C:/Users/94248/Desktop/output/DL-12/Sciurus_carolinensis,DL-12__2025-10-30__15-39-25(1).JPG,7
166,DL-12,Sciurus_carolinensis,31/10/2025 12:31,31/10/2025,12:31:36,75131,1252.2,20.9,0.9,C:/Users/94248/Desktop/output/DL-12/Sciurus_carolinensis,DL-12__2025-10-31__12-31-36(1).JPG,11
167,DL-12,Sciurus_carolinensis,01/11/2025 13:12,01/11/2025,13:12:11,88835,1480.6,24.7,1,C:/Users/94248/Desktop/output/DL-12/Sciurus_carolinensis,DL-12__2025-11-01__13-12-11(1).JPG,1
168,DL-12,Sciurus_carolinensis,02/11/2025 07:35,02/11/2025,07:35:07,66176,1102.9,18.4,0.8,C:/Users/94248/Desktop/output/DL-12/Sciurus_carolinensis,DL-12__2025-11-02__07-35-07(1).JPG,2
169,DL-12,Sciurus_carolinensis,02/11/2025 10:16,02/11/2025,10:16:22,9675,161.2,2.7,0.1,C:/Users/94248/Desktop/output/DL-12/Sciurus_carolinensis,DL-12__2025-11-02__10-16-22(1).JPG,7
170,DL-12,Sciurus_carolinensis,02/11/2025 14:51,02/11/2025,14:51:21,16499,275,4.6,0.2,C:/Users/94248/Desktop/output/DL-12/Sciurus_carolinensis,DL-12__2025-11-02__14-51-21(1).JPG,2
171,DL-12,Sciurus_carolinensis,04/11/2025 08:13,04/11/2025,08:13:05,148904,2481.7,41.4,1.7,C:/Users/94248/Desktop/output/DL-12/Sciurus_carolinensis,DL-12__2025-11-04__08-13-05(1).JPG,6
172,DL-12,Sciurus_carolinensis,05/11/2025 15:53,05/11/2025,15:53:39,114034,1900.6,31.7,1.3,C:/Users/94248/Desktop/output/DL-12/Sciurus_carolinensis,DL-12__2025-11-05__15-53-39(1).JPG,2
173,DL-12,Sciurus_carolinensis,06/11/2025 09:29,06/11/2025,09:29:14,63335,1055.6,17.6,0.7,C:/Users/94248/Desktop/output/DL-12/Sciurus_carolinensis,DL-12__2025-11-06__09-29-14(1).JPG,10
174,DL-12,Sciurus_carolinensis,06/11/2025 14:56,06/11/2025,14:56:15,19621,327,5.4,0.2,C:/Users/94248/Desktop/output/DL-12/Sciurus_carolinensis,DL-12__2025-11-06__14-56-15(1).JPG,2
175,DL-12,Sciurus_carolinensis,07/11/2025 10:21,07/11/2025,10:21:01,0,0,0,0,C:/Users/asus/Desktop/IC_R/assessment3/camera/DL-12/DL-12/Sciurus_carolinensis,DL-12__2025-11-07__10-21-01(1).JPG,2
176,DL-12,Sciurus_carolinensis,07/11/2025 14:05,07/11/2025,14:05:54,13493,224.9,3.7,0.2,C:/Users/asus/Desktop/IC_R/assessment3/camera/DL-12/DL-12/Sciurus_carolinensis,DL-12__2025-11-07__14-05-54(1).JPG,2
177,DL-12,Sciurus_carolinensis,09/11/2025 11:58,09/11/2025,11:58:00,165126,2752.1,45.9,1.9,C:/Users/asus/Desktop/IC_R/assessment3/camera/DL-12/DL-12/Sciurus_carolinensis,DL-12__2025-11-09__11-58-00(1).JPG,12
178,DL-12,Sciurus_carolinensis,09/11/2025 12:32,09/11/2025,12:32:27,2067,34.5,0.6,0,C:/Users/asus/Desktop/IC_R/assessment3/camera/DL-12/DL-12/Sciurus_carolinensis,DL-12__2025-11-09__12-32-27(1).JPG,16
179,DL-12,Sciurus_carolinensis,09/11/2025 15:53,09/11/2025,15:53:07,12040,200.7,3.3,0.1,C:/Users/asus/Desktop/IC_R/assessment3/camera/DL-12/DL-12/Sciurus_carolinensis,DL-12__2025-11-09__15-53-07(1).JPG,2
180,DL-12,Sciurus_carolinensis,12/11/2025 14:44,12/11/2025,14:44:23,255076,4251.3,70.9,3,C:/Users/asus/Desktop/IC_R/assessment3/camera/DL-12/DL-12/Sciurus_carolinensis,DL-12__2025-11-12__14-44-23(1).JPG,2
181,DL-12,Sciurus_carolinensis,13/11/2025 07:21,13/11/2025,07:21:30,59827,997.1,16.6,0.7,C:/Users/asus/Desktop/IC_R/assessment3/camera/DL-12/DL-12/Sciurus_carolinensis,DL-12__2025-11-13__07-21-30(1).JPG,2
182,DL-12,Sciurus_carolinensis,13/11/2025 08:08,13/11/2025,08:08:15,2805,46.8,0.8,0,C:/Users/asus/Desktop/IC_R/assessment3/camera/DL-12/DL-12/Sciurus_carolinensis,DL-12__2025-11-13__08-08-15(1).JPG,4
183,DL-12,Sciurus_carolinensis,13/11/2025 11:53,13/11/2025,11:53:28,13513,225.2,3.8,0.2,C:/Users/asus/Desktop/IC_R/assessment3/camera/DL-12/DL-12/Sciurus_carolinensis,DL-12__2025-11-13__11-53-28(1).JPG,2
184,DL-12,Sciurus_carolinensis,13/11/2025 15:20,13/11/2025,15:20:16,12408,206.8,3.4,0.1,C:/Users/asus/Desktop/IC_R/assessment3/camera/DL-12/DL-12/Sciurus_carolinensis,DL-12__2025-11-13__15-20-16(1).JPG,4
185,DL-12,Sciurus_carolinensis,15/11/2025 08:01,15/11/2025,08:01:36,146480,2441.3,40.7,1.7,C:/Users/asus/Desktop/IC_R/assessment3/camera/DL-12/DL-12/Sciurus_carolinensis,DL-12__2025-11-15__08-01-36(1).JPG,3
186,DL-12,Sciurus_carolinensis,16/11/2025 10:19,16/11/2025,10:19:13,94657,1577.6,26.3,1.1,C:/Users/asus/Desktop/IC_R/assessment3/camera/DL-12/DL-12/Sciurus_carolinensis,DL-12__2025-11-16__10-19-13(1).JPG,2
187,DL-12,Vulpes_vulpes,12/10/2025 18:35,12/10/2025,18:35:27,0,0,0,0,C:/Users/Home/Downloads/DL-12/Vulpes_vulpes,DL-12__2025-10-12__18-35-27(1).JPG,2
188,DL-12,Vulpes_vulpes,18/10/2025 04:24,18/10/2025,04:24:38,467351,7789.2,129.8,5.4,C:/Users/Home/Downloads/DL-12/Vulpes_vulpes,DL-12__2025-10-18__04-24-38(1).JPG,2
189,DL-12,Vulpes_vulpes,29/10/2025 16:59,29/10/2025,16:59:20,0,0,0,0,C:/Users/94248/Desktop/output/DL-12/Vulpes_vulpes,DL-12__2025-10-29__16-59-20(1).JPG,2
190,DL-12,Vulpes_vulpes,10/11/2025 17:20,10/11/2025,17:20:20,0,0,0,0,C:/Users/asus/Desktop/IC_R/assessment3/camera/DL-12/DL-12/Vulpes_vulpes,DL-12__2025-11-10__17-20-20(1).JPG,2
191,DL-12,Vulpes_vulpes,14/11/2025 08:45,14/11/2025,08:45:06,314686,5244.8,87.4,3.6,C:/Users/asus/Desktop/IC_R/assessment3/camera/DL-12/DL-12/Vulpes_vulpes,DL-12__2025-11-14__08-45-06(1).JPG,2
192,DL-12,Vulpes_vulpes,16/11/2025 04:55,16/11/2025,04:55:26,159020,2650.3,44.2,1.8,C:/Users/asus/Desktop/IC_R/assessment3/camera/DL-12/DL-12/Vulpes_vulpes,DL-12__2025-11-16__04-55-26(1).JPG,2
