"","start","end","scientific_name","common_name","confidence","file"
"1",0,3,"Zonotrichia leucophrys","White-crowned Sparrow",0.166376978158951,"20240802_054502.wav"
"2",0,3,"Salpinctes obsoletus","Rock Wren",0.126898065209389,"20240802_054502.wav"
"3",3,6,NA,NA,NA,"20240802_054502.wav"
"4",6,9,NA,NA,NA,"20240802_054502.wav"
"5",9,12,"Columba palumbus","Common Wood-Pigeon",0.993455588817596,"20240802_054502.wav"
"6",12,15,"Columba palumbus","Common Wood-Pigeon",0.992685437202454,"20240802_054502.wav"
"7",15,18,"Columba palumbus","Common Wood-Pigeon",0.987524628639221,"20240802_054502.wav"
"8",18,21,"Columba palumbus","Common Wood-Pigeon",0.838654100894928,"20240802_054502.wav"
"9",21,24,"Phoenicurus phoenicurus","Common Redstart",0.156930387020111,"20240802_054502.wav"
"10",21,24,"Phylloscopus trochilus","Willow Warbler",0.109010279178619,"20240802_054502.wav"
"11",24,27,"Phoenicurus phoenicurus","Common Redstart",0.177618160843849,"20240802_054502.wav"
"12",27,30,"Columba oenas","Stock Dove",0.154425486922264,"20240802_054502.wav"
"13",30,33,"Palmeria dolei","Akohekohe",0.363885462284088,"20240802_054502.wav"
"14",30,33,"Malacocincla sepiaria","Horsfield's Babbler",0.178237020969391,"20240802_054502.wav"
"15",30,33,"Phoenicurus phoenicurus","Common Redstart",0.114613473415375,"20240802_054502.wav"
"16",33,36,"Palmeria dolei","Akohekohe",0.652425110340118,"20240802_054502.wav"
"17",33,36,"Iole viridescens","Olive Bulbul",0.370544344186783,"20240802_054502.wav"
"18",33,36,"Pseudonestor xanthophrys","Maui Parrotbill",0.165924176573753,"20240802_054502.wav"
"19",33,36,"Phoenicurus phoenicurus","Common Redstart",0.10988325625658,"20240802_054502.wav"
"20",36,39,"Phylloscopus trochilus","Willow Warbler",0.445082932710648,"20240802_054502.wav"
"21",36,39,"Palmeria dolei","Akohekohe",0.24775230884552,"20240802_054502.wav"
"22",36,39,"Pseudonestor xanthophrys","Maui Parrotbill",0.227372735738754,"20240802_054502.wav"
"23",39,42,"Palmeria dolei","Akohekohe",0.306138128042221,"20240802_054502.wav"
"24",39,42,"Phoenicurus phoenicurus","Common Redstart",0.121815629303455,"20240802_054502.wav"
"25",42,45,"Palmeria dolei","Akohekohe",0.251308888196945,"20240802_054502.wav"
"26",42,45,"Pseudonestor xanthophrys","Maui Parrotbill",0.125210836529732,"20240802_054502.wav"
"27",45,48,"Phylloscopus collybita","Common Chiffchaff",0.250774025917053,"20240802_054502.wav"
"28",45,48,"Phoenicurus phoenicurus","Common Redstart",0.205134719610214,"20240802_054502.wav"
"29",45,48,"Palmeria dolei","Akohekohe",0.170344904065132,"20240802_054502.wav"
"30",45,48,"Carpodacus erythrinus","Common Rosefinch",0.123902827501297,"20240802_054502.wav"
"31",48,51,"Columba oenas","Stock Dove",0.67560076713562,"20240802_054502.wav"
"32",48,51,"Columba palumbus","Common Wood-Pigeon",0.500361859798431,"20240802_054502.wav"
"33",48,51,"Troglodytes troglodytes","Eurasian Wren",0.113012611865997,"20240802_054502.wav"
"34",51,54,"Columba palumbus","Common Wood-Pigeon",0.282513201236725,"20240802_054502.wav"
"35",51,54,"Columba oenas","Stock Dove",0.147943094372749,"20240802_054502.wav"
"36",54,57,NA,NA,NA,"20240802_054502.wav"
"37",57,60,"Columba palumbus","Common Wood-Pigeon",0.128065079450607,"20240802_054502.wav"
"38",0,3,"Turdus merula","Eurasian Blackbird",0.340750277042389,"20240802_055002.wav"
"39",3,6,"Columba palumbus","Common Wood-Pigeon",0.939586520195007,"20240802_055002.wav"
"40",3,6,"Thripadectes ignobilis","Uniform Treehunter",0.190722584724426,"20240802_055002.wav"
"41",3,6,"Turdus merula","Eurasian Blackbird",0.111362338066101,"20240802_055002.wav"
"42",6,9,NA,NA,NA,"20240802_055002.wav"
"43",9,12,"Columba palumbus","Common Wood-Pigeon",0.570976316928864,"20240802_055002.wav"
"44",9,12,"Turdus merula","Eurasian Blackbird",0.172027230262756,"20240802_055002.wav"
"45",9,12,"Dendrocopos major","Great Spotted Woodpecker",0.116031810641289,"20240802_055002.wav"
"46",12,15,"Columba palumbus","Common Wood-Pigeon",0.929253160953522,"20240802_055002.wav"
"47",12,15,"Turdus merula","Eurasian Blackbird",0.11605416983366,"20240802_055002.wav"
"48",15,18,"Columba palumbus","Common Wood-Pigeon",0.945254683494568,"20240802_055002.wav"
"49",15,18,"Turdus merula","Eurasian Blackbird",0.20367069542408,"20240802_055002.wav"
"50",18,21,"Columba palumbus","Common Wood-Pigeon",0.897010684013367,"20240802_055002.wav"
"51",18,21,"Turdus merula","Eurasian Blackbird",0.137822329998016,"20240802_055002.wav"
"52",21,24,"Columba palumbus","Common Wood-Pigeon",0.99314683675766,"20240802_055002.wav"
"53",24,27,"Columba palumbus","Common Wood-Pigeon",0.997488260269165,"20240802_055002.wav"
"54",27,30,"Columba palumbus","Common Wood-Pigeon",0.995685696601868,"20240802_055002.wav"
"55",30,33,"Columba palumbus","Common Wood-Pigeon",0.992241501808167,"20240802_055002.wav"
"56",33,36,"Columba livia","Rock Pigeon",0.892238318920135,"20240802_055002.wav"
"57",33,36,"Columba palumbus","Common Wood-Pigeon",0.813872337341309,"20240802_055002.wav"
"58",36,39,"Columba palumbus","Common Wood-Pigeon",0.360120922327042,"20240802_055002.wav"
"59",36,39,"Turdus merula","Eurasian Blackbird",0.185456603765488,"20240802_055002.wav"
"60",39,42,"Columba palumbus","Common Wood-Pigeon",0.925428330898285,"20240802_055002.wav"
"61",42,45,NA,NA,NA,"20240802_055002.wav"
"62",45,48,"Columba palumbus","Common Wood-Pigeon",0.811312735080719,"20240802_055002.wav"
"63",48,51,"Columba palumbus","Common Wood-Pigeon",0.880944311618805,"20240802_055002.wav"
"64",51,54,"Columba palumbus","Common Wood-Pigeon",0.546688437461853,"20240802_055002.wav"
"65",51,54,"Turdus merula","Eurasian Blackbird",0.118898004293442,"20240802_055002.wav"
"66",54,57,"Columba palumbus","Common Wood-Pigeon",0.934914290904999,"20240802_055002.wav"
"67",57,60,"Columba palumbus","Common Wood-Pigeon",0.904560208320618,"20240802_055002.wav"
"68",0,3,NA,NA,NA,"20240802_055503.wav"
"69",3,6,"Linaria cannabina","Eurasian Linnet",0.965332925319672,"20240802_055503.wav"
"70",6,9,NA,NA,NA,"20240802_055503.wav"
"71",9,12,"Palmeria dolei","Akohekohe",0.608004629611969,"20240802_055503.wav"
"72",9,12,"Pseudonestor xanthophrys","Maui Parrotbill",0.1636623442173,"20240802_055503.wav"
"73",12,15,"Linaria cannabina","Eurasian Linnet",0.854373633861542,"20240802_055503.wav"
"74",15,18,"Palmeria dolei","Akohekohe",0.141517892479897,"20240802_055503.wav"
"75",18,21,NA,NA,NA,"20240802_055503.wav"
"76",21,24,"Linaria cannabina","Eurasian Linnet",0.392304182052612,"20240802_055503.wav"
"77",24,27,"Linaria cannabina","Eurasian Linnet",0.927051782608032,"20240802_055503.wav"
"78",27,30,NA,NA,NA,"20240802_055503.wav"
"79",30,33,"Linaria cannabina","Eurasian Linnet",0.814826428890228,"20240802_055503.wav"
"80",33,36,"Sialia mexicana","Western Bluebird",0.695899248123169,"20240802_055503.wav"
"81",33,36,"Linaria cannabina","Eurasian Linnet",0.394993871450424,"20240802_055503.wav"
"82",36,39,"Linaria cannabina","Eurasian Linnet",0.346024036407471,"20240802_055503.wav"
"83",39,42,"Palmeria dolei","Akohekohe",0.131651684641838,"20240802_055503.wav"
"84",42,45,"Linaria cannabina","Eurasian Linnet",0.768510282039642,"20240802_055503.wav"
"85",42,45,"Sialia mexicana","Western Bluebird",0.150610610842705,"20240802_055503.wav"
"86",45,48,NA,NA,NA,"20240802_055503.wav"
"87",48,51,"Linaria cannabina","Eurasian Linnet",0.555355131626129,"20240802_055503.wav"
"88",51,54,"Calicalicus madagascariensis","Red-tailed Vanga",0.140859380364418,"20240802_055503.wav"
"89",54,57,"Linaria cannabina","Eurasian Linnet",0.628934442996979,"20240802_055503.wav"
"90",57,60,NA,NA,NA,"20240802_055503.wav"
"91",0,3,"Linaria cannabina","Eurasian Linnet",0.889281153678894,"20240802_060002.wav"
"92",3,6,"Linaria cannabina","Eurasian Linnet",0.762170195579529,"20240802_060002.wav"
"93",6,9,"Linaria cannabina","Eurasian Linnet",0.616239130496979,"20240802_060002.wav"
"94",9,12,"Linaria cannabina","Eurasian Linnet",0.871290385723114,"20240802_060002.wav"
"95",12,15,"Linaria cannabina","Eurasian Linnet",0.67166656255722,"20240802_060002.wav"
"96",15,18,NA,NA,NA,"20240802_060002.wav"
"97",18,21,"Linaria cannabina","Eurasian Linnet",0.918245017528534,"20240802_060002.wav"
"98",21,24,"Linaria cannabina","Eurasian Linnet",0.742318093776703,"20240802_060002.wav"
"99",24,27,"Linaria cannabina","Eurasian Linnet",0.943424940109253,"20240802_060002.wav"
"100",27,30,"Fringilla coelebs","Common Chaffinch",0.179924681782722,"20240802_060002.wav"
"101",30,33,"Myornis senilis","Ash-colored Tapaculo",0.943672955036163,"20240802_060002.wav"
"102",30,33,"Fringilla coelebs","Common Chaffinch",0.173205688595772,"20240802_060002.wav"
"103",33,36,"Linaria cannabina","Eurasian Linnet",0.480040162801743,"20240802_060002.wav"
"104",36,39,"Linaria cannabina","Eurasian Linnet",0.815580129623413,"20240802_060002.wav"
"105",36,39,"Curaeus curaeus","Austral Blackbird",0.294611096382141,"20240802_060002.wav"
"106",39,42,"Fringilla coelebs","Common Chaffinch",0.481863975524902,"20240802_060002.wav"
"107",39,42,"Dryobates minor","Lesser Spotted Woodpecker",0.174344673752785,"20240802_060002.wav"
"108",42,45,"Linaria cannabina","Eurasian Linnet",0.541456282138824,"20240802_060002.wav"
"109",42,45,"Sylvia atricapilla","Eurasian Blackcap",0.182659491896629,"20240802_060002.wav"
"110",42,45,"Galerida theklae","Thekla's Lark",0.14458079636097,"20240802_060002.wav"
"111",45,48,"Cettia cetti","Cetti's Warbler",0.173146173357964,"20240802_060002.wav"
"112",48,51,"Dryobates minor","Lesser Spotted Woodpecker",0.262119352817535,"20240802_060002.wav"
"113",51,54,"Linaria cannabina","Eurasian Linnet",0.820871829986572,"20240802_060002.wav"
"114",51,54,"Pseudonestor xanthophrys","Maui Parrotbill",0.21851159632206,"20240802_060002.wav"
"115",54,57,"Linaria cannabina","Eurasian Linnet",0.564742505550385,"20240802_060002.wav"
"116",54,57,"Pseudonestor xanthophrys","Maui Parrotbill",0.255196243524551,"20240802_060002.wav"
"117",54,57,"Paroreomyza montana","Maui Alauahio",0.143583312630653,"20240802_060002.wav"
"118",57,60,"Alaudala cheleensis","Asian Short-toed Lark",0.10327884554863,"20240802_060002.wav"
"119",0,3,"Fulica atra","Eurasian Coot",0.107521057128906,"20240802_060502.wav"
"120",3,6,"Turdus pilaris","Fieldfare",0.223864316940308,"20240802_060502.wav"
"121",6,9,"Troglodytes troglodytes","Eurasian Wren",0.26608869433403,"20240802_060502.wav"
"122",9,12,"Pseudonestor xanthophrys","Maui Parrotbill",0.280439972877502,"20240802_060502.wav"
"123",9,12,"Muscicapa striata","Spotted Flycatcher",0.224373087286949,"20240802_060502.wav"
"124",9,12,"Palmeria dolei","Akohekohe",0.131832629442215,"20240802_060502.wav"
"125",12,15,"Turdus merula","Eurasian Blackbird",0.208798363804817,"20240802_060502.wav"
"126",12,15,"Bombycilla cedrorum","Cedar Waxwing",0.111980691552162,"20240802_060502.wav"
"127",15,18,"Odocoileus virginianus","White-tailed Deer",0.274611920118332,"20240802_060502.wav"
"128",18,21,NA,NA,NA,"20240802_060502.wav"
"129",21,24,NA,NA,NA,"20240802_060502.wav"
"130",24,27,NA,NA,NA,"20240802_060502.wav"
"131",27,30,NA,NA,NA,"20240802_060502.wav"
"132",30,33,"Linaria cannabina","Eurasian Linnet",0.751644968986511,"20240802_060502.wav"
"133",33,36,NA,NA,NA,"20240802_060502.wav"
"134",36,39,"Acrocephalus dumetorum","Blyth's Reed Warbler",0.138768449425697,"20240802_060502.wav"
"135",36,39,"Linaria cannabina","Eurasian Linnet",0.116823710501194,"20240802_060502.wav"
"136",39,42,"Canis lupus","Gray Wolf",0.106657966971397,"20240802_060502.wav"
"137",42,45,NA,NA,NA,"20240802_060502.wav"
"138",45,48,NA,NA,NA,"20240802_060502.wav"
"139",48,51,"Muscicapa striata","Spotted Flycatcher",0.257274031639099,"20240802_060502.wav"
"140",48,51,"Erithacus rubecula","European Robin",0.126706928014755,"20240802_060502.wav"
"141",48,51,"Linaria cannabina","Eurasian Linnet",0.108162865042686,"20240802_060502.wav"
"142",51,54,"Linaria cannabina","Eurasian Linnet",0.189189359545708,"20240802_060502.wav"
"143",51,54,"Pseudonestor xanthophrys","Maui Parrotbill",0.187047243118286,"20240802_060502.wav"
"144",54,57,"Linaria cannabina","Eurasian Linnet",0.187114804983139,"20240802_060502.wav"
"145",54,57,"Acrocephalus dumetorum","Blyth's Reed Warbler",0.126057848334312,"20240802_060502.wav"
"146",57,60,"Turdus pilaris","Fieldfare",0.108923606574535,"20240802_060502.wav"
"147",0,3,"Turdus merula","Eurasian Blackbird",0.969995319843292,"20240802_061002.wav"
"148",3,6,"Turdus merula","Eurasian Blackbird",0.974632441997528,"20240802_061002.wav"
"149",6,9,"Turdus merula","Eurasian Blackbird",0.953756392002106,"20240802_061002.wav"
"150",9,12,"Turdus merula","Eurasian Blackbird",0.879789412021637,"20240802_061002.wav"
"151",12,15,"Turdus merula","Eurasian Blackbird",0.754107892513275,"20240802_061002.wav"
"152",15,18,"Turdus merula","Eurasian Blackbird",0.878838181495667,"20240802_061002.wav"
"153",15,18,"Tringa ochropus","Green Sandpiper",0.137822017073631,"20240802_061002.wav"
"154",18,21,"Turdus merula","Eurasian Blackbird",0.866337895393372,"20240802_061002.wav"
"155",21,24,"Turdus merula","Eurasian Blackbird",0.897364020347595,"20240802_061002.wav"
"156",24,27,"Turdus merula","Eurasian Blackbird",0.902225732803345,"20240802_061002.wav"
"157",24,27,"Tringa ochropus","Green Sandpiper",0.207764834165573,"20240802_061002.wav"
"158",24,27,"Troglodytes troglodytes","Eurasian Wren",0.196251451969147,"20240802_061002.wav"
"159",27,30,NA,NA,NA,"20240802_061002.wav"
"160",30,33,"Turdus merula","Eurasian Blackbird",0.817300021648407,"20240802_061002.wav"
"161",30,33,"Tringa ochropus","Green Sandpiper",0.132900878787041,"20240802_061002.wav"
"162",33,36,"Turdus merula","Eurasian Blackbird",0.829138517379761,"20240802_061002.wav"
"163",33,36,"Tringa ochropus","Green Sandpiper",0.230177119374275,"20240802_061002.wav"
"164",36,39,"Turdus merula","Eurasian Blackbird",0.513585925102234,"20240802_061002.wav"
"165",36,39,"Agapornis roseicollis","Rosy-faced Lovebird",0.228915318846703,"20240802_061002.wav"
"166",39,42,"Turdus merula","Eurasian Blackbird",0.885260283946991,"20240802_061002.wav"
"167",42,45,"Turdus merula","Eurasian Blackbird",0.744967103004456,"20240802_061002.wav"
"168",42,45,"Lophotriccus galeatus","Helmeted Pygmy-Tyrant",0.334117978811264,"20240802_061002.wav"
"169",45,48,"Turdus merula","Eurasian Blackbird",0.554615557193756,"20240802_061002.wav"
"170",45,48,"Lophotriccus galeatus","Helmeted Pygmy-Tyrant",0.234765470027924,"20240802_061002.wav"
"171",45,48,"Lophotriccus eulophotes","Long-crested Pygmy-Tyrant",0.195164024829865,"20240802_061002.wav"
"172",48,51,"Turdus merula","Eurasian Blackbird",0.93121600151062,"20240802_061002.wav"
"173",51,54,"Turdus merula","Eurasian Blackbird",0.977748036384583,"20240802_061002.wav"
"174",54,57,"Turdus merula","Eurasian Blackbird",0.792319774627686,"20240802_061002.wav"
"175",57,60,"Turdus merula","Eurasian Blackbird",0.169203341007233,"20240802_061002.wav"
"176",0,3,"Linaria cannabina","Eurasian Linnet",0.595912754535675,"20240802_061502.wav"
"177",3,6,"Pseudonestor xanthophrys","Maui Parrotbill",0.297721207141876,"20240802_061502.wav"
"178",3,6,"Palmeria dolei","Akohekohe",0.235599771142006,"20240802_061502.wav"
"179",6,9,"Linaria cannabina","Eurasian Linnet",0.672387003898621,"20240802_061502.wav"
"180",9,12,"Linaria cannabina","Eurasian Linnet",0.788774490356445,"20240802_061502.wav"
"181",12,15,"Linaria cannabina","Eurasian Linnet",0.892284452915192,"20240802_061502.wav"
"182",15,18,"Linaria cannabina","Eurasian Linnet",0.61912739276886,"20240802_061502.wav"
"183",18,21,"Linaria cannabina","Eurasian Linnet",0.843665540218353,"20240802_061502.wav"
"184",21,24,"Linaria cannabina","Eurasian Linnet",0.944133341312408,"20240802_061502.wav"
"185",24,27,"Linaria cannabina","Eurasian Linnet",0.922733068466187,"20240802_061502.wav"
"186",27,30,"Linaria cannabina","Eurasian Linnet",0.786994099617004,"20240802_061502.wav"
"187",30,33,"Sayornis saya","Say's Phoebe",0.22318808734417,"20240802_061502.wav"
"188",30,33,"Troglodytes troglodytes","Eurasian Wren",0.141187027096748,"20240802_061502.wav"
"189",33,36,"Linaria cannabina","Eurasian Linnet",0.95488166809082,"20240802_061502.wav"
"190",36,39,"Linaria cannabina","Eurasian Linnet",0.346816182136536,"20240802_061502.wav"
"191",39,42,"Linaria cannabina","Eurasian Linnet",0.79456102848053,"20240802_061502.wav"
"192",42,45,"Columba palumbus","Common Wood-Pigeon",0.117914311587811,"20240802_061502.wav"
"193",45,48,"Linaria cannabina","Eurasian Linnet",0.718192160129547,"20240802_061502.wav"
"194",48,51,"Linaria cannabina","Eurasian Linnet",0.421270221471786,"20240802_061502.wav"
"195",51,54,"Linaria cannabina","Eurasian Linnet",0.437772899866104,"20240802_061502.wav"
"196",54,57,"Linaria cannabina","Eurasian Linnet",0.62234628200531,"20240802_061502.wav"
"197",57,60,"Linaria cannabina","Eurasian Linnet",0.790328145027161,"20240802_061502.wav"
"198",0,3,"Luscinia svecica","Bluethroat",0.276757597923279,"20240802_062002.wav"
"199",3,6,"Chlorospingus flavopectus","Common Chlorospingus",0.188275307416916,"20240802_062002.wav"
"200",6,9,"Luscinia svecica","Bluethroat",0.394025593996048,"20240802_062002.wav"
"201",6,9,"Carpodacus sibiricus","Long-tailed Rosefinch",0.102284759283066,"20240802_062002.wav"
"202",9,12,NA,NA,NA,"20240802_062002.wav"
"203",12,15,NA,NA,NA,"20240802_062002.wav"
"204",15,18,"Linaria cannabina","Eurasian Linnet",0.456737637519836,"20240802_062002.wav"
"205",18,21,"Linaria cannabina","Eurasian Linnet",0.792401969432831,"20240802_062002.wav"
"206",21,24,NA,NA,NA,"20240802_062002.wav"
"207",24,27,"Pseudonestor xanthophrys","Maui Parrotbill",0.34307011961937,"20240802_062002.wav"
"208",24,27,"Palmeria dolei","Akohekohe",0.113706059753895,"20240802_062002.wav"
"209",27,30,"Luscinia svecica","Bluethroat",0.521809995174408,"20240802_062002.wav"
"210",27,30,"Carpodacus sibiricus","Long-tailed Rosefinch",0.14941394329071,"20240802_062002.wav"
"211",27,30,"Tarsiger indicus","White-browed Bush-Robin",0.103935956954956,"20240802_062002.wav"
"212",30,33,"Luscinia svecica","Bluethroat",0.208632558584213,"20240802_062002.wav"
"213",33,36,"Phylloscopus collybita","Common Chiffchaff",0.153578355908394,"20240802_062002.wav"
"214",36,39,"Luscinia svecica","Bluethroat",0.22147311270237,"20240802_062002.wav"
"215",36,39,"Tarsiger indicus","White-browed Bush-Robin",0.124170452356339,"20240802_062002.wav"
"216",36,39,"Luscinia megarhynchos","Common Nightingale",0.107927270233631,"20240802_062002.wav"
"217",39,42,"Myiarchus sagrae","La Sagra's Flycatcher",0.40904626250267,"20240802_062002.wav"
"218",39,42,"Luscinia svecica","Bluethroat",0.12088318169117,"20240802_062002.wav"
"219",42,45,"Carpodacus sibiricus","Long-tailed Rosefinch",0.135164752602577,"20240802_062002.wav"
"220",42,45,"Luscinia svecica","Bluethroat",0.12352429330349,"20240802_062002.wav"
"221",45,48,"Luscinia svecica","Bluethroat",0.144248679280281,"20240802_062002.wav"
"222",45,48,"Tarsiger indicus","White-browed Bush-Robin",0.126842483878136,"20240802_062002.wav"
"223",48,51,NA,NA,NA,"20240802_062002.wav"
"224",51,54,"Fringilla coelebs","Common Chaffinch",0.10513536632061,"20240802_062002.wav"
"225",54,57,"Luscinia svecica","Bluethroat",0.447575241327286,"20240802_062002.wav"
"226",57,60,"Luscinia svecica","Bluethroat",0.323814779520035,"20240802_062002.wav"
"227",0,3,"Pseudonestor xanthophrys","Maui Parrotbill",0.136375695466995,"20240802_062502.wav"
"228",0,3,"Dryobates minor","Lesser Spotted Woodpecker",0.104406893253326,"20240802_062502.wav"
"229",3,6,NA,NA,NA,"20240802_062502.wav"
"230",6,9,NA,NA,NA,"20240802_062502.wav"
"231",9,12,NA,NA,NA,"20240802_062502.wav"
"232",12,15,NA,NA,NA,"20240802_062502.wav"
"233",15,18,"Pica pica","Eurasian Magpie",0.157893016934395,"20240802_062502.wav"
"234",18,21,NA,NA,NA,"20240802_062502.wav"
"235",21,24,NA,NA,NA,"20240802_062502.wav"
"236",24,27,NA,NA,NA,"20240802_062502.wav"
"237",27,30,"Porzana porzana","Spotted Crake",0.186520516872406,"20240802_062502.wav"
"238",30,33,"Porzana porzana","Spotted Crake",0.16553321480751,"20240802_062502.wav"
"239",33,36,"Pica pica","Eurasian Magpie",0.49593585729599,"20240802_062502.wav"
"240",33,36,"Nucifraga caryocatactes","Eurasian Nutcracker",0.109863966703415,"20240802_062502.wav"
"241",36,39,NA,NA,NA,"20240802_062502.wav"
"242",39,42,NA,NA,NA,"20240802_062502.wav"
"243",42,45,"Columba palumbus","Common Wood-Pigeon",0.214681431651115,"20240802_062502.wav"
"244",45,48,"Columba palumbus","Common Wood-Pigeon",0.1551463752985,"20240802_062502.wav"
"245",48,51,"Columba palumbus","Common Wood-Pigeon",0.310013800859451,"20240802_062502.wav"
"246",48,51,"Streptopelia decaocto","Eurasian Collared-Dove",0.17602464556694,"20240802_062502.wav"
"247",51,54,"Streptopelia decaocto","Eurasian Collared-Dove",0.269649803638458,"20240802_062502.wav"
"248",51,54,"Columba palumbus","Common Wood-Pigeon",0.201156690716743,"20240802_062502.wav"
"249",54,57,NA,NA,NA,"20240802_062502.wav"
"250",57,60,"Picus sharpei","Iberian Green Woodpecker",0.234927162528038,"20240802_062502.wav"
"251",0,3,NA,NA,NA,"20240802_063003.wav"
"252",3,6,NA,NA,NA,"20240802_063003.wav"
"253",6,9,"Engine","Engine",0.230702638626099,"20240802_063003.wav"
"254",9,12,"Prunella modularis","Dunnock",0.166430279612541,"20240802_063003.wav"
"255",12,15,"Troglodytes troglodytes","Eurasian Wren",0.111159577965736,"20240802_063003.wav"
"256",12,15,"Prunella modularis","Dunnock",0.103522449731827,"20240802_063003.wav"
"257",15,18,NA,NA,NA,"20240802_063003.wav"
"258",18,21,"Troglodytes troglodytes","Eurasian Wren",0.218059167265892,"20240802_063003.wav"
"259",21,24,"Prunella modularis","Dunnock",0.182655692100525,"20240802_063003.wav"
"260",21,24,"Troglodytes troglodytes","Eurasian Wren",0.10406181961298,"20240802_063003.wav"
"261",24,27,NA,NA,NA,"20240802_063003.wav"
"262",27,30,NA,NA,NA,"20240802_063003.wav"
"263",30,33,NA,NA,NA,"20240802_063003.wav"
"264",33,36,NA,NA,NA,"20240802_063003.wav"
"265",36,39,NA,NA,NA,"20240802_063003.wav"
"266",39,42,"Troglodytes troglodytes","Eurasian Wren",0.424180716276169,"20240802_063003.wav"
"267",42,45,NA,NA,NA,"20240802_063003.wav"
"268",45,48,"Engine","Engine",0.785417020320892,"20240802_063003.wav"
"269",48,51,"Linaria cannabina","Eurasian Linnet",0.838337242603302,"20240802_063003.wav"
"270",51,54,"Troglodytes troglodytes","Eurasian Wren",0.149796098470688,"20240802_063003.wav"
"271",51,54,"Cyanistes caeruleus","Eurasian Blue Tit",0.118267819285393,"20240802_063003.wav"
"272",54,57,NA,NA,NA,"20240802_063003.wav"
"273",57,60,"Turdus merula","Eurasian Blackbird",0.170787796378136,"20240802_063003.wav"
"274",57,60,"Turdus pilaris","Fieldfare",0.164968624711037,"20240802_063003.wav"
"275",0,3,"Cardellina pusilla","Wilson's Warbler",0.103644318878651,"20240802_063502.wav"
"276",3,6,"Porzana porzana","Spotted Crake",0.487088173627853,"20240802_063502.wav"
"277",6,9,"Zonotrichia leucophrys","White-crowned Sparrow",0.176117241382599,"20240802_063502.wav"
"278",9,12,"Troglodytes troglodytes","Eurasian Wren",0.124619498848915,"20240802_063502.wav"
"279",12,15,"Linaria cannabina","Eurasian Linnet",0.66156804561615,"20240802_063502.wav"
"280",15,18,"Troglodytes troglodytes","Eurasian Wren",0.525554239749908,"20240802_063502.wav"
"281",18,21,"Cyanistes caeruleus","Eurasian Blue Tit",0.101733542978764,"20240802_063502.wav"
"282",21,24,"Troglodytes troglodytes","Eurasian Wren",0.351072371006012,"20240802_063502.wav"
"283",24,27,"Troglodytes troglodytes","Eurasian Wren",0.260371834039688,"20240802_063502.wav"
"284",27,30,"Troglodytes troglodytes","Eurasian Wren",0.865829646587372,"20240802_063502.wav"
"285",30,33,NA,NA,NA,"20240802_063502.wav"
"286",33,36,"Engine","Engine",0.347833395004272,"20240802_063502.wav"
"287",36,39,NA,NA,NA,"20240802_063502.wav"
"288",39,42,NA,NA,NA,"20240802_063502.wav"
"289",42,45,"Linaria cannabina","Eurasian Linnet",0.216284364461899,"20240802_063502.wav"
"290",42,45,"Hemitriccus margaritaceiventer","Pearly-vented Tody-Tyrant",0.155888289213181,"20240802_063502.wav"
"291",42,45,"Troglodytes troglodytes","Eurasian Wren",0.142135590314865,"20240802_063502.wav"
"292",45,48,"Linaria cannabina","Eurasian Linnet",0.39207062125206,"20240802_063502.wav"
"293",48,51,"Scytalopus argentifrons","Silvery-fronted Tapaculo",0.291387051343918,"20240802_063502.wav"
"294",48,51,"Linaria cannabina","Eurasian Linnet",0.249456107616425,"20240802_063502.wav"
"295",48,51,"Scytalopus parkeri","Chusquea Tapaculo",0.160899877548218,"20240802_063502.wav"
"296",51,54,"Linaria cannabina","Eurasian Linnet",0.893401801586151,"20240802_063502.wav"
"297",54,57,"Linaria cannabina","Eurasian Linnet",0.934095799922943,"20240802_063502.wav"
"298",57,60,"Linaria cannabina","Eurasian Linnet",0.523887872695923,"20240802_063502.wav"
"299",0,3,"Pseudonestor xanthophrys","Maui Parrotbill",0.58719789981842,"20240802_064002.wav"
"300",0,3,"Palmeria dolei","Akohekohe",0.325651466846466,"20240802_064002.wav"
"301",3,6,NA,NA,NA,"20240802_064002.wav"
"302",6,9,"Alauda arvensis","Eurasian Skylark",0.102906465530396,"20240802_064002.wav"
"303",9,12,"Pseudonestor xanthophrys","Maui Parrotbill",0.11774592846632,"20240802_064002.wav"
"304",12,15,NA,NA,NA,"20240802_064002.wav"
"305",15,18,"Linaria cannabina","Eurasian Linnet",0.750328302383423,"20240802_064002.wav"
"306",18,21,"Columba palumbus","Common Wood-Pigeon",0.781623721122742,"20240802_064002.wav"
"307",21,24,"Linaria cannabina","Eurasian Linnet",0.761670112609863,"20240802_064002.wav"
"308",21,24,"Palmeria dolei","Akohekohe",0.20181679725647,"20240802_064002.wav"
"309",24,27,"Columba palumbus","Common Wood-Pigeon",0.322543978691101,"20240802_064002.wav"
"310",24,27,"Linaria cannabina","Eurasian Linnet",0.267956286668777,"20240802_064002.wav"
"311",27,30,"Palmeria dolei","Akohekohe",0.123180836439133,"20240802_064002.wav"
"312",27,30,"Pseudonestor xanthophrys","Maui Parrotbill",0.107583343982697,"20240802_064002.wav"
"313",30,33,"Columba palumbus","Common Wood-Pigeon",0.57356184720993,"20240802_064002.wav"
"314",30,33,"Pseudonestor xanthophrys","Maui Parrotbill",0.163534834980965,"20240802_064002.wav"
"315",33,36,NA,NA,NA,"20240802_064002.wav"
"316",36,39,"Columba palumbus","Common Wood-Pigeon",0.208368226885796,"20240802_064002.wav"
"317",39,42,"Salpinctes obsoletus","Rock Wren",0.163094580173492,"20240802_064002.wav"
"318",42,45,"Troglodytes troglodytes","Eurasian Wren",0.256359457969666,"20240802_064002.wav"
"319",42,45,"Columba palumbus","Common Wood-Pigeon",0.220263600349426,"20240802_064002.wav"
"320",45,48,NA,NA,NA,"20240802_064002.wav"
"321",48,51,"Spinus spinus","Eurasian Siskin",0.26813018321991,"20240802_064002.wav"
"322",51,54,"Troglodytes troglodytes","Eurasian Wren",0.365683943033218,"20240802_064002.wav"
"323",51,54,"Linaria cannabina","Eurasian Linnet",0.107370793819427,"20240802_064002.wav"
"324",54,57,"Linaria cannabina","Eurasian Linnet",0.164159938693047,"20240802_064002.wav"
"325",54,57,"Zosterops japonicus","Warbling White-eye",0.137442246079445,"20240802_064002.wav"
"326",54,57,"Palmeria dolei","Akohekohe",0.103691928088665,"20240802_064002.wav"
"327",54,57,"Pseudonestor xanthophrys","Maui Parrotbill",0.101015917956829,"20240802_064002.wav"
"328",57,60,"Pseudonestor xanthophrys","Maui Parrotbill",0.297453671693802,"20240802_064002.wav"
"329",0,3,NA,NA,NA,"20240802_064502.wav"
"330",3,6,"Leucosticte tephrocotis","Gray-crowned Rosy-Finch",0.131637752056122,"20240802_064502.wav"
"331",6,9,"Haemorhous mexicanus","House Finch",0.272778689861298,"20240802_064502.wav"
"332",9,12,NA,NA,NA,"20240802_064502.wav"
"333",12,15,"Columba palumbus","Common Wood-Pigeon",0.738568663597107,"20240802_064502.wav"
"334",15,18,"Pseudonestor xanthophrys","Maui Parrotbill",0.174503698945045,"20240802_064502.wav"
"335",15,18,"Palmeria dolei","Akohekohe",0.113944739103317,"20240802_064502.wav"
"336",18,21,"Corvus monedula","Eurasian Jackdaw",0.366277456283569,"20240802_064502.wav"
"337",18,21,"Porzana porzana","Spotted Crake",0.119076393544674,"20240802_064502.wav"
"338",21,24,"Corvus monedula","Eurasian Jackdaw",0.18446908891201,"20240802_064502.wav"
"339",24,27,NA,NA,NA,"20240802_064502.wav"
"340",27,30,NA,NA,NA,"20240802_064502.wav"
"341",30,33,NA,NA,NA,"20240802_064502.wav"
"342",33,36,NA,NA,NA,"20240802_064502.wav"
"343",36,39,"Troglodytes troglodytes","Eurasian Wren",0.808697044849396,"20240802_064502.wav"
"344",39,42,"Troglodytes troglodytes","Eurasian Wren",0.654765367507935,"20240802_064502.wav"
"345",42,45,NA,NA,NA,"20240802_064502.wav"
"346",45,48,NA,NA,NA,"20240802_064502.wav"
"347",48,51,NA,NA,NA,"20240802_064502.wav"
"348",51,54,NA,NA,NA,"20240802_064502.wav"
"349",54,57,NA,NA,NA,"20240802_064502.wav"
"350",57,60,NA,NA,NA,"20240802_064502.wav"
"351",0,3,"Turdus merula","Eurasian Blackbird",0.460168480873108,"20240802_065002.wav"
"352",3,6,NA,NA,NA,"20240802_065002.wav"
"353",6,9,"Sylvia atricapilla","Eurasian Blackcap",0.499927520751953,"20240802_065002.wav"
"354",9,12,NA,NA,NA,"20240802_065002.wav"
"355",12,15,"Turdus merula","Eurasian Blackbird",0.247326225042343,"20240802_065002.wav"
"356",12,15,"Turdus philomelos","Song Thrush",0.20903916656971,"20240802_065002.wav"
"357",15,18,"Turdus philomelos","Song Thrush",0.47406417131424,"20240802_065002.wav"
"358",15,18,"Turdus merula","Eurasian Blackbird",0.194710701704025,"20240802_065002.wav"
"359",15,18,"Troglodytes troglodytes","Eurasian Wren",0.128615140914917,"20240802_065002.wav"
"360",18,21,"Columba palumbus","Common Wood-Pigeon",0.869019448757172,"20240802_065002.wav"
"361",18,21,"Troglodytes troglodytes","Eurasian Wren",0.231542125344276,"20240802_065002.wav"
"362",21,24,"Columba palumbus","Common Wood-Pigeon",0.941326975822449,"20240802_065002.wav"
"363",24,27,"Columba palumbus","Common Wood-Pigeon",0.952401638031006,"20240802_065002.wav"
"364",27,30,"Troglodytes troglodytes","Eurasian Wren",0.256634712219238,"20240802_065002.wav"
"365",27,30,"Dendrocopos major","Great Spotted Woodpecker",0.132936626672745,"20240802_065002.wav"
"366",27,30,"Columba palumbus","Common Wood-Pigeon",0.124903738498688,"20240802_065002.wav"
"367",30,33,"Troglodytes troglodytes","Eurasian Wren",0.102483846247196,"20240802_065002.wav"
"368",33,36,NA,NA,NA,"20240802_065002.wav"
"369",36,39,"Engine","Engine",0.215663596987724,"20240802_065002.wav"
"370",39,42,"Catharus guttatus","Hermit Thrush",0.218963474035263,"20240802_065002.wav"
"371",39,42,"Turdus merula","Eurasian Blackbird",0.167298808693886,"20240802_065002.wav"
"372",42,45,NA,NA,NA,"20240802_065002.wav"
"373",45,48,"Linaria cannabina","Eurasian Linnet",0.606436431407928,"20240802_065002.wav"
"374",48,51,NA,NA,NA,"20240802_065002.wav"
"375",51,54,NA,NA,NA,"20240802_065002.wav"
"376",54,57,NA,NA,NA,"20240802_065002.wav"
"377",57,60,NA,NA,NA,"20240802_065002.wav"
"378",0,3,"Columba palumbus","Common Wood-Pigeon",0.120655424892902,"20240802_065502.wav"
"379",3,6,NA,NA,NA,"20240802_065502.wav"
"380",6,9,"Gallinula chloropus","Eurasian Moorhen",0.252559065818787,"20240802_065502.wav"
"381",9,12,NA,NA,NA,"20240802_065502.wav"
"382",12,15,NA,NA,NA,"20240802_065502.wav"
"383",15,18,NA,NA,NA,"20240802_065502.wav"
"384",18,21,NA,NA,NA,"20240802_065502.wav"
"385",21,24,NA,NA,NA,"20240802_065502.wav"
"386",24,27,"Bubo virginianus","Great Horned Owl",0.101716697216034,"20240802_065502.wav"
"387",27,30,NA,NA,NA,"20240802_065502.wav"
"388",30,33,NA,NA,NA,"20240802_065502.wav"
"389",33,36,NA,NA,NA,"20240802_065502.wav"
"390",36,39,"Pseudonestor xanthophrys","Maui Parrotbill",0.132447570562363,"20240802_065502.wav"
"391",36,39,"Palmeria dolei","Akohekohe",0.126323491334915,"20240802_065502.wav"
"392",39,42,NA,NA,NA,"20240802_065502.wav"
"393",42,45,NA,NA,NA,"20240802_065502.wav"
"394",45,48,"Corvus monedula","Eurasian Jackdaw",0.524799525737762,"20240802_065502.wav"
"395",48,51,"Corvus monedula","Eurasian Jackdaw",0.605982840061188,"20240802_065502.wav"
"396",51,54,"Corvus monedula","Eurasian Jackdaw",0.742953777313232,"20240802_065502.wav"
"397",54,57,"Troglodytes troglodytes","Eurasian Wren",0.185087457299232,"20240802_065502.wav"
"398",57,60,"Corvus monedula","Eurasian Jackdaw",0.259128987789154,"20240802_065502.wav"
"399",0,3,"Phasianus colchicus","Ring-necked Pheasant",0.978473842144012,"20240802_070002.wav"
"400",3,6,NA,NA,NA,"20240802_070002.wav"
"401",6,9,"Phasianus colchicus","Ring-necked Pheasant",0.998161375522614,"20240802_070002.wav"
"402",9,12,"Phasianus colchicus","Ring-necked Pheasant",0.991342127323151,"20240802_070002.wav"
"403",12,15,"Porzana porzana","Spotted Crake",0.411104798316956,"20240802_070002.wav"
"404",15,18,"Phasianus colchicus","Ring-necked Pheasant",0.9971524477005,"20240802_070002.wav"
"405",18,21,"Zonotrichia leucophrys","White-crowned Sparrow",0.549649715423584,"20240802_070002.wav"
"406",21,24,"Phasianus colchicus","Ring-necked Pheasant",0.997870564460754,"20240802_070002.wav"
"407",24,27,NA,NA,NA,"20240802_070002.wav"
"408",27,30,"Phasianus colchicus","Ring-necked Pheasant",0.995558857917786,"20240802_070002.wav"
"409",30,33,NA,NA,NA,"20240802_070002.wav"
"410",33,36,NA,NA,NA,"20240802_070002.wav"
"411",36,39,"Phasianus colchicus","Ring-necked Pheasant",0.996012330055237,"20240802_070002.wav"
"412",39,42,"Engine","Engine",0.322245568037033,"20240802_070002.wav"
"413",39,42,"Human vocal","Human vocal",0.105839654803276,"20240802_070002.wav"
"414",42,45,NA,NA,NA,"20240802_070002.wav"
"415",45,48,NA,NA,NA,"20240802_070002.wav"
"416",48,51,"Phasianus colchicus","Ring-necked Pheasant",0.993388056755066,"20240802_070002.wav"
"417",51,54,NA,NA,NA,"20240802_070002.wav"
"418",54,57,NA,NA,NA,"20240802_070002.wav"
"419",57,60,"Phasianus colchicus","Ring-necked Pheasant",0.996741473674774,"20240802_070002.wav"
"420",0,3,"Phasianus colchicus","Ring-necked Pheasant",0.998764157295227,"20240802_070503.wav"
"421",3,6,"Turdus merula","Eurasian Blackbird",0.847418546676636,"20240802_070503.wav"
"422",6,9,NA,NA,NA,"20240802_070503.wav"
"423",9,12,"Troglodytes troglodytes","Eurasian Wren",0.962357342243195,"20240802_070503.wav"
"424",12,15,"Phasianus colchicus","Ring-necked Pheasant",0.995261907577515,"20240802_070503.wav"
"425",15,18,"Turdus merula","Eurasian Blackbird",0.496104896068573,"20240802_070503.wav"
"426",15,18,"Catharus guttatus","Hermit Thrush",0.198306545615196,"20240802_070503.wav"
"427",18,21,"Phasianus colchicus","Ring-necked Pheasant",0.992801904678345,"20240802_070503.wav"
"428",21,24,NA,NA,NA,"20240802_070503.wav"
"429",24,27,"Troglodytes troglodytes","Eurasian Wren",0.907711565494537,"20240802_070503.wav"
"430",27,30,"Troglodytes troglodytes","Eurasian Wren",0.516487240791321,"20240802_070503.wav"
"431",30,33,NA,NA,NA,"20240802_070503.wav"
"432",33,36,NA,NA,NA,"20240802_070503.wav"
"433",36,39,"Phasianus colchicus","Ring-necked Pheasant",0.999004065990448,"20240802_070503.wav"
"434",39,42,"Troglodytes troglodytes","Eurasian Wren",0.617885708808899,"20240802_070503.wav"
"435",42,45,"Troglodytes troglodytes","Eurasian Wren",0.217032492160797,"20240802_070503.wav"
"436",45,48,"Turdus merula","Eurasian Blackbird",0.383127123117447,"20240802_070503.wav"
"437",48,51,"Troglodytes troglodytes","Eurasian Wren",0.877308666706085,"20240802_070503.wav"
"438",51,54,"Troglodytes troglodytes","Eurasian Wren",0.329688847064972,"20240802_070503.wav"
"439",51,54,"Columba palumbus","Common Wood-Pigeon",0.319780319929123,"20240802_070503.wav"
"440",54,57,"Prunella modularis","Dunnock",0.563163697719574,"20240802_070503.wav"
"441",54,57,"Troglodytes troglodytes","Eurasian Wren",0.282571882009506,"20240802_070503.wav"
"442",57,60,"Troglodytes troglodytes","Eurasian Wren",0.563597619533539,"20240802_070503.wav"
"443",0,3,"Palmeria dolei","Akohekohe",0.159588858485222,"20240802_071002.wav"
"444",3,6,NA,NA,NA,"20240802_071002.wav"
"445",6,9,"Scytalopus argentifrons","Silvery-fronted Tapaculo",0.828709125518799,"20240802_071002.wav"
"446",6,9,"Columba palumbus","Common Wood-Pigeon",0.259750992059708,"20240802_071002.wav"
"447",6,9,"Troglodytes troglodytes","Eurasian Wren",0.102433107793331,"20240802_071002.wav"
"448",9,12,"Linaria cannabina","Eurasian Linnet",0.374933421611786,"20240802_071002.wav"
"449",9,12,"Columba palumbus","Common Wood-Pigeon",0.238216444849968,"20240802_071002.wav"
"450",12,15,NA,NA,NA,"20240802_071002.wav"
"451",15,18,"Linaria cannabina","Eurasian Linnet",0.780663847923279,"20240802_071002.wav"
"452",18,21,"Linaria cannabina","Eurasian Linnet",0.83064067363739,"20240802_071002.wav"
"453",21,24,"Pseudonestor xanthophrys","Maui Parrotbill",0.137481778860092,"20240802_071002.wav"
"454",21,24,"Columba palumbus","Common Wood-Pigeon",0.101611167192459,"20240802_071002.wav"
"455",24,27,"Zonotrichia leucophrys","White-crowned Sparrow",0.111367359757423,"20240802_071002.wav"
"456",27,30,"Linaria cannabina","Eurasian Linnet",0.846676826477051,"20240802_071002.wav"
"457",30,33,"Nucifraga columbiana","Clark's Nutcracker",0.612482845783234,"20240802_071002.wav"
"458",33,36,"Linaria cannabina","Eurasian Linnet",0.722020626068115,"20240802_071002.wav"
"459",36,39,"Linaria cannabina","Eurasian Linnet",0.86596953868866,"20240802_071002.wav"
"460",39,42,NA,NA,NA,"20240802_071002.wav"
"461",42,45,"Columba palumbus","Common Wood-Pigeon",0.211601331830025,"20240802_071002.wav"
"462",45,48,"Linaria cannabina","Eurasian Linnet",0.625398457050323,"20240802_071002.wav"
"463",48,51,"Linaria cannabina","Eurasian Linnet",0.133758157491684,"20240802_071002.wav"
"464",51,54,"Linaria cannabina","Eurasian Linnet",0.58756947517395,"20240802_071002.wav"
"465",54,57,"Streptopelia decaocto","Eurasian Collared-Dove",0.218921363353729,"20240802_071002.wav"
"466",57,60,NA,NA,NA,"20240802_071002.wav"
"467",0,3,"Spinus spinus","Eurasian Siskin",0.773629724979401,"20240802_071502.wav"
"468",3,6,"Linaria cannabina","Eurasian Linnet",0.426815837621689,"20240802_071502.wav"
"469",3,6,"Spinus spinus","Eurasian Siskin",0.113332934677601,"20240802_071502.wav"
"470",6,9,NA,NA,NA,"20240802_071502.wav"
"471",9,12,NA,NA,NA,"20240802_071502.wav"
"472",12,15,NA,NA,NA,"20240802_071502.wav"
"473",15,18,"Linaria cannabina","Eurasian Linnet",0.369971454143524,"20240802_071502.wav"
"474",18,21,"Linaria cannabina","Eurasian Linnet",0.520123243331909,"20240802_071502.wav"
"475",21,24,"Linaria cannabina","Eurasian Linnet",0.883118987083435,"20240802_071502.wav"
"476",24,27,"Linaria cannabina","Eurasian Linnet",0.968046724796295,"20240802_071502.wav"
"477",27,30,"Catharus bicknelli","Bicknell's Thrush",0.140736803412437,"20240802_071502.wav"
"478",30,33,"Linaria cannabina","Eurasian Linnet",0.711630702018738,"20240802_071502.wav"
"479",33,36,NA,NA,NA,"20240802_071502.wav"
"480",36,39,NA,NA,NA,"20240802_071502.wav"
"481",39,42,NA,NA,NA,"20240802_071502.wav"
"482",42,45,"Zonotrichia leucophrys","White-crowned Sparrow",0.203635811805725,"20240802_071502.wav"
"483",42,45,"Porzana porzana","Spotted Crake",0.109220638871193,"20240802_071502.wav"
"484",45,48,"Linaria cannabina","Eurasian Linnet",0.990414619445801,"20240802_071502.wav"
"485",48,51,"Palmeria dolei","Akohekohe",0.105444259941578,"20240802_071502.wav"
"486",51,54,"Pseudonestor xanthophrys","Maui Parrotbill",0.154018342494965,"20240802_071502.wav"
"487",54,57,"Leucosticte tephrocotis","Gray-crowned Rosy-Finch",0.386324971914291,"20240802_071502.wav"
"488",57,60,"Leucosticte tephrocotis","Gray-crowned Rosy-Finch",0.11405448615551,"20240802_071502.wav"
"489",0,3,NA,NA,NA,"20240802_072002.wav"
"490",3,6,"Troglodytes troglodytes","Eurasian Wren",0.519339919090271,"20240802_072002.wav"
"491",6,9,"Porzana porzana","Spotted Crake",0.330765068531036,"20240802_072002.wav"
"492",9,12,NA,NA,NA,"20240802_072002.wav"
"493",12,15,"Corvus monedula","Eurasian Jackdaw",0.156104028224945,"20240802_072002.wav"
"494",12,15,"Troglodytes troglodytes","Eurasian Wren",0.14749401807785,"20240802_072002.wav"
"495",15,18,NA,NA,NA,"20240802_072002.wav"
"496",18,21,"Troglodytes troglodytes","Eurasian Wren",0.222494900226593,"20240802_072002.wav"
"497",21,24,"Turdus merula","Eurasian Blackbird",0.15297743678093,"20240802_072002.wav"
"498",24,27,"Troglodytes troglodytes","Eurasian Wren",0.134679287672043,"20240802_072002.wav"
"499",27,30,"Junco hyemalis","Dark-eyed Junco",0.179729446768761,"20240802_072002.wav"
"500",27,30,"Emberiza citrinella","Yellowhammer",0.13357001543045,"20240802_072002.wav"
"501",30,33,"Zonotrichia leucophrys","White-crowned Sparrow",0.136016204953194,"20240802_072002.wav"
"502",33,36,"Troglodytes troglodytes","Eurasian Wren",0.645496129989624,"20240802_072002.wav"
"503",36,39,"Porzana porzana","Spotted Crake",0.13095198571682,"20240802_072002.wav"
"504",39,42,"Rhipidura albiscapa","Gray Fantail",0.179417684674263,"20240802_072002.wav"
"505",42,45,"Troglodytes troglodytes","Eurasian Wren",0.206782281398773,"20240802_072002.wav"
"506",45,48,"Turdus migratorius","American Robin",0.149668097496033,"20240802_072002.wav"
"507",45,48,"Turdus merula","Eurasian Blackbird",0.146662309765816,"20240802_072002.wav"
"508",48,51,NA,NA,NA,"20240802_072002.wav"
"509",51,54,NA,NA,NA,"20240802_072002.wav"
"510",54,57,NA,NA,NA,"20240802_072002.wav"
"511",57,60,"Troglodytes troglodytes","Eurasian Wren",0.258014142513275,"20240802_072002.wav"
"512",0,3,NA,NA,NA,"20240802_072502.wav"
"513",3,6,"Columba palumbus","Common Wood-Pigeon",0.947004437446594,"20240802_072502.wav"
"514",6,9,"Columba palumbus","Common Wood-Pigeon",0.929149806499481,"20240802_072502.wav"
"515",9,12,"Columba palumbus","Common Wood-Pigeon",0.989877164363861,"20240802_072502.wav"
"516",9,12,"Streptopelia decaocto","Eurasian Collared-Dove",0.119500659406185,"20240802_072502.wav"
"517",12,15,"Columba palumbus","Common Wood-Pigeon",0.323516428470612,"20240802_072502.wav"
"518",15,18,NA,NA,NA,"20240802_072502.wav"
"519",18,21,"Columba palumbus","Common Wood-Pigeon",0.962399065494537,"20240802_072502.wav"
"520",21,24,"Columba palumbus","Common Wood-Pigeon",0.986765027046204,"20240802_072502.wav"
"521",24,27,"Columba palumbus","Common Wood-Pigeon",0.990487277507782,"20240802_072502.wav"
"522",27,30,"Columba palumbus","Common Wood-Pigeon",0.849128901958466,"20240802_072502.wav"
"523",30,33,"Columba palumbus","Common Wood-Pigeon",0.10895698517561,"20240802_072502.wav"
"524",33,36,"Palmeria dolei","Akohekohe",0.135490402579308,"20240802_072502.wav"
"525",36,39,"Palmeria dolei","Akohekohe",0.155415087938309,"20240802_072502.wav"
"526",39,42,NA,NA,NA,"20240802_072502.wav"
"527",42,45,NA,NA,NA,"20240802_072502.wav"
"528",45,48,"Columba palumbus","Common Wood-Pigeon",0.673264980316162,"20240802_072502.wav"
"529",45,48,"Pterodroma sandwichensis","Hawaiian Petrel",0.128435716032982,"20240802_072502.wav"
"530",48,51,"Sylvia atricapilla","Eurasian Blackcap",0.147114545106888,"20240802_072502.wav"
"531",51,54,"Sylvia atricapilla","Eurasian Blackcap",0.449885308742523,"20240802_072502.wav"
"532",54,57,NA,NA,NA,"20240802_072502.wav"
"533",57,60,NA,NA,NA,"20240802_072502.wav"
"534",0,3,NA,NA,NA,"20240802_073003.wav"
"535",3,6,NA,NA,NA,"20240802_073003.wav"
"536",6,9,"Columba palumbus","Common Wood-Pigeon",0.111063905060291,"20240802_073003.wav"
"537",9,12,NA,NA,NA,"20240802_073003.wav"
"538",12,15,"Palmeria dolei","Akohekohe",0.430520534515381,"20240802_073003.wav"
"539",12,15,"Pseudonestor xanthophrys","Maui Parrotbill",0.2226632386446,"20240802_073003.wav"
"540",15,18,"Pseudonestor xanthophrys","Maui Parrotbill",0.175117701292038,"20240802_073003.wav"
"541",15,18,"Palmeria dolei","Akohekohe",0.125258639454842,"20240802_073003.wav"
"542",18,21,NA,NA,NA,"20240802_073003.wav"
"543",21,24,"Columba palumbus","Common Wood-Pigeon",0.116480901837349,"20240802_073003.wav"
"544",24,27,"Bubo virginianus","Great Horned Owl",0.379430532455444,"20240802_073003.wav"
"545",24,27,"Psiloscops flammeolus","Flammulated Owl",0.101327776908875,"20240802_073003.wav"
"546",27,30,NA,NA,NA,"20240802_073003.wav"
"547",30,33,NA,NA,NA,"20240802_073003.wav"
"548",33,36,"Columba palumbus","Common Wood-Pigeon",0.247147142887115,"20240802_073003.wav"
"549",36,39,NA,NA,NA,"20240802_073003.wav"
"550",39,42,NA,NA,NA,"20240802_073003.wav"
"551",42,45,"Engine","Engine",0.139796435832977,"20240802_073003.wav"
"552",45,48,NA,NA,NA,"20240802_073003.wav"
"553",48,51,NA,NA,NA,"20240802_073003.wav"
"554",51,54,NA,NA,NA,"20240802_073003.wav"
"555",54,57,NA,NA,NA,"20240802_073003.wav"
"556",57,60,"Bubo bubo","Eurasian Eagle-Owl",0.126404523849487,"20240802_073003.wav"
"557",0,3,"Corvus monedula","Eurasian Jackdaw",0.180340886116028,"20240802_073502.wav"
"558",3,6,"Strix varia","Barred Owl",0.298098891973495,"20240802_073502.wav"
"559",6,9,NA,NA,NA,"20240802_073502.wav"
"560",9,12,NA,NA,NA,"20240802_073502.wav"
"561",12,15,"Euphagus cyanocephalus","Brewer's Blackbird",0.125144064426422,"20240802_073502.wav"
"562",15,18,"Sylvia atricapilla","Eurasian Blackcap",0.751163959503174,"20240802_073502.wav"
"563",15,18,"Curruca iberiae","Western Subalpine Warbler",0.25299072265625,"20240802_073502.wav"
"564",18,21,"Nesillas typica","Malagasy Brush-Warbler",0.174547016620636,"20240802_073502.wav"
"565",18,21,"Sylvia atricapilla","Eurasian Blackcap",0.141206577420235,"20240802_073502.wav"
"566",21,24,"Curruca iberiae","Western Subalpine Warbler",0.382962912321091,"20240802_073502.wav"
"567",21,24,"Sylvia atricapilla","Eurasian Blackcap",0.336903125047684,"20240802_073502.wav"
"568",24,27,NA,NA,NA,"20240802_073502.wav"
"569",27,30,NA,NA,NA,"20240802_073502.wav"
"570",30,33,"Curruca iberiae","Western Subalpine Warbler",0.279158890247345,"20240802_073502.wav"
"571",30,33,"Sylvia atricapilla","Eurasian Blackcap",0.236507818102837,"20240802_073502.wav"
"572",30,33,"Arundinax aedon","Thick-billed Warbler",0.117183424532413,"20240802_073502.wav"
"573",33,36,"Curruca iberiae","Western Subalpine Warbler",0.420358121395111,"20240802_073502.wav"
"574",33,36,"Sylvia atricapilla","Eurasian Blackcap",0.412914782762527,"20240802_073502.wav"
"575",33,36,"Nesillas typica","Malagasy Brush-Warbler",0.101569779217243,"20240802_073502.wav"
"576",36,39,"Curruca iberiae","Western Subalpine Warbler",0.338893473148346,"20240802_073502.wav"
"577",36,39,"Sylvia atricapilla","Eurasian Blackcap",0.164111271500587,"20240802_073502.wav"
"578",39,42,"Phrygilus patagonicus","Patagonian Sierra Finch",0.354952067136765,"20240802_073502.wav"
"579",39,42,"Sylvia atricapilla","Eurasian Blackcap",0.19814196228981,"20240802_073502.wav"
"580",39,42,"Nesillas typica","Malagasy Brush-Warbler",0.19673652946949,"20240802_073502.wav"
"581",39,42,"Iduna rama","Sykes's Warbler",0.108057171106339,"20240802_073502.wav"
"582",42,45,"Sylvia atricapilla","Eurasian Blackcap",0.326738595962524,"20240802_073502.wav"
"583",42,45,"Iduna rama","Sykes's Warbler",0.215578585863113,"20240802_073502.wav"
"584",42,45,"Curruca iberiae","Western Subalpine Warbler",0.190065234899521,"20240802_073502.wav"
"585",45,48,"Iduna rama","Sykes's Warbler",0.241244733333588,"20240802_073502.wav"
"586",45,48,"Curruca iberiae","Western Subalpine Warbler",0.19904151558876,"20240802_073502.wav"
"587",45,48,"Nesillas typica","Malagasy Brush-Warbler",0.102820836007595,"20240802_073502.wav"
"588",48,51,"Nesillas typica","Malagasy Brush-Warbler",0.259071439504623,"20240802_073502.wav"
"589",48,51,"Curruca iberiae","Western Subalpine Warbler",0.195958003401756,"20240802_073502.wav"
"590",48,51,"Iduna rama","Sykes's Warbler",0.109692439436913,"20240802_073502.wav"
"591",51,54,"Sylvia atricapilla","Eurasian Blackcap",0.322868525981903,"20240802_073502.wav"
"592",51,54,"Curruca iberiae","Western Subalpine Warbler",0.221930265426636,"20240802_073502.wav"
"593",54,57,"Curruca iberiae","Western Subalpine Warbler",0.141747742891312,"20240802_073502.wav"
"594",54,57,"Iduna rama","Sykes's Warbler",0.112739898264408,"20240802_073502.wav"
"595",57,60,"Iduna rama","Sykes's Warbler",0.142771050333977,"20240802_073502.wav"
"596",57,60,"Curruca iberiae","Western Subalpine Warbler",0.101553827524185,"20240802_073502.wav"
"597",57,60,"Sylvia atricapilla","Eurasian Blackcap",0.101341143250465,"20240802_073502.wav"
"598",0,3,NA,NA,NA,"20240802_074003.wav"
"599",3,6,"Human vocal","Human vocal",0.522850871086121,"20240802_074003.wav"
"600",6,9,"Engine","Engine",0.418198138475418,"20240802_074003.wav"
"601",9,12,"Columba palumbus","Common Wood-Pigeon",0.298931032419205,"20240802_074003.wav"
"602",9,12,"Engine","Engine",0.13035874068737,"20240802_074003.wav"
"603",12,15,"Columba palumbus","Common Wood-Pigeon",0.376319885253906,"20240802_074003.wav"
"604",12,15,"Engine","Engine",0.122340999543667,"20240802_074003.wav"
"605",15,18,"Engine","Engine",0.64599871635437,"20240802_074003.wav"
"606",18,21,"Human vocal","Human vocal",0.284051418304443,"20240802_074003.wav"
"607",18,21,"Engine","Engine",0.136413842439651,"20240802_074003.wav"
"608",21,24,"Engine","Engine",0.269986808300018,"20240802_074003.wav"
"609",24,27,"Columba palumbus","Common Wood-Pigeon",0.438403904438019,"20240802_074003.wav"
"610",24,27,"Pterodroma sandwichensis","Hawaiian Petrel",0.409592092037201,"20240802_074003.wav"
"611",24,27,"Engine","Engine",0.135823875665665,"20240802_074003.wav"
"612",27,30,NA,NA,NA,"20240802_074003.wav"
"613",30,33,"Engine","Engine",0.270946443080902,"20240802_074003.wav"
"614",33,36,NA,NA,NA,"20240802_074003.wav"
"615",36,39,"Salpinctes obsoletus","Rock Wren",0.103469207882881,"20240802_074003.wav"
"616",39,42,NA,NA,NA,"20240802_074003.wav"
"617",42,45,NA,NA,NA,"20240802_074003.wav"
"618",45,48,NA,NA,NA,"20240802_074003.wav"
"619",48,51,NA,NA,NA,"20240802_074003.wav"
"620",51,54,"Erithacus rubecula","European Robin",0.275444895029068,"20240802_074003.wav"
"621",54,57,"Erithacus rubecula","European Robin",0.965267598628998,"20240802_074003.wav"
"622",57,60,"Erithacus rubecula","European Robin",0.804906010627747,"20240802_074003.wav"
"623",57,60,"Coccothraustes coccothraustes","Hawfinch",0.115862853825092,"20240802_074003.wav"
"624",0,3,NA,NA,NA,"20240802_074502.wav"
"625",3,6,"Salpinctes obsoletus","Rock Wren",0.172065690159798,"20240802_074502.wav"
"626",6,9,NA,NA,NA,"20240802_074502.wav"
"627",9,12,"Linaria cannabina","Eurasian Linnet",0.769113302230835,"20240802_074502.wav"
"628",9,12,"Archilochus colubris","Ruby-throated Hummingbird",0.20824921131134,"20240802_074502.wav"
"629",12,15,"Linaria cannabina","Eurasian Linnet",0.374988526105881,"20240802_074502.wav"
"630",15,18,"Linaria cannabina","Eurasian Linnet",0.692576825618744,"20240802_074502.wav"
"631",18,21,NA,NA,NA,"20240802_074502.wav"
"632",21,24,"Linaria cannabina","Eurasian Linnet",0.779628217220306,"20240802_074502.wav"
"633",24,27,"Linaria cannabina","Eurasian Linnet",0.918676912784576,"20240802_074502.wav"
"634",27,30,NA,NA,NA,"20240802_074502.wav"
"635",30,33,NA,NA,NA,"20240802_074502.wav"
"636",33,36,"Pseudonestor xanthophrys","Maui Parrotbill",0.124562308192253,"20240802_074502.wav"
"637",36,39,"Engine","Engine",0.296097844839096,"20240802_074502.wav"
"638",39,42,NA,NA,NA,"20240802_074502.wav"
"639",42,45,"Rallus aquaticus","Water Rail",0.338945001363754,"20240802_074502.wav"
"640",45,48,"Linaria cannabina","Eurasian Linnet",0.706030666828156,"20240802_074502.wav"
"641",48,51,NA,NA,NA,"20240802_074502.wav"
"642",51,54,NA,NA,NA,"20240802_074502.wav"
"643",54,57,"Linaria cannabina","Eurasian Linnet",0.210985720157623,"20240802_074502.wav"
"644",57,60,"Human vocal","Human vocal",0.234651207923889,"20240802_074502.wav"
"645",0,3,"Linaria cannabina","Eurasian Linnet",0.482232391834259,"20240802_075002.wav"
"646",3,6,"Linaria cannabina","Eurasian Linnet",0.530597388744354,"20240802_075002.wav"
"647",6,9,"Linaria cannabina","Eurasian Linnet",0.883489549160004,"20240802_075002.wav"
"648",9,12,"Pica pica","Eurasian Magpie",0.136041894555092,"20240802_075002.wav"
"649",12,15,"Bubo virginianus","Great Horned Owl",0.103441454470158,"20240802_075002.wav"
"650",15,18,NA,NA,NA,"20240802_075002.wav"
"651",18,21,"Salpinctes obsoletus","Rock Wren",0.164931610226631,"20240802_075002.wav"
"652",21,24,"Ortalis vetula","Plain Chachalaca",0.111828856170177,"20240802_075002.wav"
"653",24,27,"Salpinctes obsoletus","Rock Wren",0.168643727898598,"20240802_075002.wav"
"654",24,27,"Bubo virginianus","Great Horned Owl",0.109327599406242,"20240802_075002.wav"
"655",27,30,"Leucosticte tephrocotis","Gray-crowned Rosy-Finch",0.109440498054028,"20240802_075002.wav"
"656",30,33,"Linaria cannabina","Eurasian Linnet",0.811843276023865,"20240802_075002.wav"
"657",30,33,"Pica pica","Eurasian Magpie",0.17995747923851,"20240802_075002.wav"
"658",33,36,NA,NA,NA,"20240802_075002.wav"
"659",36,39,"Linaria cannabina","Eurasian Linnet",0.134777754545212,"20240802_075002.wav"
"660",39,42,"Linaria cannabina","Eurasian Linnet",0.148553356528282,"20240802_075002.wav"
"661",39,42,"Megascops kennicottii","Western Screech-Owl",0.115278750658035,"20240802_075002.wav"
"662",42,45,NA,NA,NA,"20240802_075002.wav"
"663",45,48,"Linaria cannabina","Eurasian Linnet",0.236860603094101,"20240802_075002.wav"
"664",48,51,"Pica pica","Eurasian Magpie",0.190872550010681,"20240802_075002.wav"
"665",48,51,"Linaria cannabina","Eurasian Linnet",0.102029971778393,"20240802_075002.wav"
"666",51,54,"Linaria cannabina","Eurasian Linnet",0.774086117744446,"20240802_075002.wav"
"667",54,57,"Linaria cannabina","Eurasian Linnet",0.630776286125183,"20240802_075002.wav"
"668",57,60,"Salpinctes obsoletus","Rock Wren",0.667262315750122,"20240802_075002.wav"
"669",0,3,"Corvus monedula","Eurasian Jackdaw",0.556943237781525,"20240802_075502.wav"
"670",3,6,"Corvus monedula","Eurasian Jackdaw",0.981724619865417,"20240802_075502.wav"
"671",6,9,"Corvus monedula","Eurasian Jackdaw",0.947104096412659,"20240802_075502.wav"
"672",9,12,NA,NA,NA,"20240802_075502.wav"
"673",12,15,NA,NA,NA,"20240802_075502.wav"
"674",15,18,"Strix varia","Barred Owl",0.138205632567406,"20240802_075502.wav"
"675",18,21,"Strix varia","Barred Owl",0.199483469128609,"20240802_075502.wav"
"676",18,21,"Bubo virginianus","Great Horned Owl",0.111689142882824,"20240802_075502.wav"
"677",21,24,"Mimus dorsalis","Brown-backed Mockingbird",0.319573283195496,"20240802_075502.wav"
"678",24,27,"Linaria cannabina","Eurasian Linnet",0.221140936017036,"20240802_075502.wav"
"679",24,27,"Columba palumbus","Common Wood-Pigeon",0.156622171401978,"20240802_075502.wav"
"680",27,30,NA,NA,NA,"20240802_075502.wav"
"681",30,33,"Myiarchus cinerascens","Ash-throated Flycatcher",0.432417929172516,"20240802_075502.wav"
"682",33,36,"Corvus monedula","Eurasian Jackdaw",0.157118514180183,"20240802_075502.wav"
"683",36,39,"Corvus monedula","Eurasian Jackdaw",0.654868841171265,"20240802_075502.wav"
"684",39,42,"Linaria cannabina","Eurasian Linnet",0.505703210830688,"20240802_075502.wav"
"685",42,45,NA,NA,NA,"20240802_075502.wav"
"686",45,48,"Linaria cannabina","Eurasian Linnet",0.911924183368683,"20240802_075502.wav"
"687",48,51,"Linaria cannabina","Eurasian Linnet",0.112469390034676,"20240802_075502.wav"
"688",51,54,"Troglodytes troglodytes","Eurasian Wren",0.147817581892014,"20240802_075502.wav"
"689",54,57,NA,NA,NA,"20240802_075502.wav"
"690",57,60,NA,NA,NA,"20240802_075502.wav"
"691",0,3,"Progne subis","Purple Martin",0.276290148496628,"20240802_080002.wav"
"692",3,6,"Bubo virginianus","Great Horned Owl",0.175931796431541,"20240802_080002.wav"
"693",6,9,"Pipilo chlorurus","Green-tailed Towhee",0.331165164709091,"20240802_080002.wav"
"694",6,9,"Sitta krueperi","Krüper's Nuthatch",0.10081359744072,"20240802_080002.wav"
"695",9,12,NA,NA,NA,"20240802_080002.wav"
"696",12,15,"Sialia mexicana","Western Bluebird",0.564259827136993,"20240802_080002.wav"
"697",15,18,NA,NA,NA,"20240802_080002.wav"
"698",18,21,NA,NA,NA,"20240802_080002.wav"
"699",21,24,"Megascops kennicottii","Western Screech-Owl",0.463156998157501,"20240802_080002.wav"
"700",24,27,"Megascops kennicottii","Western Screech-Owl",0.242417797446251,"20240802_080002.wav"
"701",24,27,"Salpinctes obsoletus","Rock Wren",0.140226736664772,"20240802_080002.wav"
"702",27,30,NA,NA,NA,"20240802_080002.wav"
"703",30,33,"Salpinctes obsoletus","Rock Wren",0.268105447292328,"20240802_080002.wav"
"704",33,36,"Salpinctes obsoletus","Rock Wren",0.100913166999817,"20240802_080002.wav"
"705",36,39,"Salpinctes obsoletus","Rock Wren",0.212132275104523,"20240802_080002.wav"
"706",36,39,"Bubo virginianus","Great Horned Owl",0.20827753841877,"20240802_080002.wav"
"707",39,42,"Bubo virginianus","Great Horned Owl",0.127453953027725,"20240802_080002.wav"
"708",42,45,"Salpinctes obsoletus","Rock Wren",0.289558559656143,"20240802_080002.wav"
"709",45,48,"Bubo virginianus","Great Horned Owl",0.403010994195938,"20240802_080002.wav"
"710",45,48,"Psiloscops flammeolus","Flammulated Owl",0.111841954290867,"20240802_080002.wav"
"711",48,51,"Bubo virginianus","Great Horned Owl",0.28107824921608,"20240802_080002.wav"
"712",48,51,"Psiloscops flammeolus","Flammulated Owl",0.116352766752243,"20240802_080002.wav"
"713",48,51,"Salpinctes obsoletus","Rock Wren",0.109107069671154,"20240802_080002.wav"
"714",51,54,"Psiloscops flammeolus","Flammulated Owl",0.350127607584,"20240802_080002.wav"
"715",51,54,"Bubo virginianus","Great Horned Owl",0.24000871181488,"20240802_080002.wav"
"716",54,57,NA,NA,NA,"20240802_080002.wav"
"717",57,60,"Corvus monedula","Eurasian Jackdaw",0.854246556758881,"20240802_080002.wav"
"718",0,3,"Corvus monedula","Eurasian Jackdaw",0.139132082462311,"20240802_080502.wav"
"719",3,6,"Troglodytes troglodytes","Eurasian Wren",0.972006678581238,"20240802_080502.wav"
"720",6,9,"Motacilla flava","Western Yellow Wagtail",0.157395482063293,"20240802_080502.wav"
"721",9,12,"Bubo virginianus","Great Horned Owl",0.212965711951256,"20240802_080502.wav"
"722",12,15,"Troglodytes troglodytes","Eurasian Wren",0.676219880580902,"20240802_080502.wav"
"723",15,18,"Troglodytes troglodytes","Eurasian Wren",0.746244609355927,"20240802_080502.wav"
"724",18,21,"Scytalopus micropterus","Long-tailed Tapaculo",0.442241728305817,"20240802_080502.wav"
"725",18,21,"Corvus monedula","Eurasian Jackdaw",0.377434968948364,"20240802_080502.wav"
"726",21,24,"Columba palumbus","Common Wood-Pigeon",0.155723243951797,"20240802_080502.wav"
"727",21,24,"Psiloscops flammeolus","Flammulated Owl",0.112837366759777,"20240802_080502.wav"
"728",24,27,"Columba palumbus","Common Wood-Pigeon",0.611453592777252,"20240802_080502.wav"
"729",27,30,"Columba palumbus","Common Wood-Pigeon",0.636026740074158,"20240802_080502.wav"
"730",30,33,"Psiloscops flammeolus","Flammulated Owl",0.224177569150925,"20240802_080502.wav"
"731",33,36,"Rallus crepitans","Clapper Rail",0.127263635396957,"20240802_080502.wav"
"732",33,36,"Circus hudsonius","Northern Harrier",0.111862316727638,"20240802_080502.wav"
"733",36,39,"Troglodytes troglodytes","Eurasian Wren",0.105559147894382,"20240802_080502.wav"
"734",36,39,"Setophaga occidentalis","Hermit Warbler",0.103105984628201,"20240802_080502.wav"
"735",39,42,NA,NA,NA,"20240802_080502.wav"
"736",42,45,"Bubo virginianus","Great Horned Owl",0.314915597438812,"20240802_080502.wav"
"737",45,48,"Bubo virginianus","Great Horned Owl",0.137412518262863,"20240802_080502.wav"
"738",45,48,"Salpinctes obsoletus","Rock Wren",0.10218595713377,"20240802_080502.wav"
"739",48,51,"Megascops kennicottii","Western Screech-Owl",0.13740336894989,"20240802_080502.wav"
"740",51,54,"Salpinctes obsoletus","Rock Wren",0.10196653008461,"20240802_080502.wav"
"741",54,57,"Salpinctes obsoletus","Rock Wren",0.141146093606949,"20240802_080502.wav"
"742",57,60,NA,NA,NA,"20240802_080502.wav"
"743",0,3,"Corvus monedula","Eurasian Jackdaw",0.680076837539673,"20240802_081002.wav"
"744",3,6,"Salpinctes obsoletus","Rock Wren",0.127128735184669,"20240802_081002.wav"
"745",3,6,"Psiloscops flammeolus","Flammulated Owl",0.101247623562813,"20240802_081002.wav"
"746",6,9,NA,NA,NA,"20240802_081002.wav"
"747",9,12,"Bubo virginianus","Great Horned Owl",0.192758664488792,"20240802_081002.wav"
"748",12,15,"Bubo virginianus","Great Horned Owl",0.231176570057869,"20240802_081002.wav"
"749",15,18,"Bubo virginianus","Great Horned Owl",0.129214271903038,"20240802_081002.wav"
"750",18,21,"Troglodytes troglodytes","Eurasian Wren",0.107562057673931,"20240802_081002.wav"
"751",21,24,"Leiothlypis celata","Orange-crowned Warbler",0.467564702033997,"20240802_081002.wav"
"752",21,24,"Zonotrichia leucophrys","White-crowned Sparrow",0.178921550512314,"20240802_081002.wav"
"753",24,27,"Bubo virginianus","Great Horned Owl",0.20633764564991,"20240802_081002.wav"
"754",24,27,"Salpinctes obsoletus","Rock Wren",0.118440374732018,"20240802_081002.wav"
"755",27,30,"Salpinctes obsoletus","Rock Wren",0.287860840559006,"20240802_081002.wav"
"756",30,33,NA,NA,NA,"20240802_081002.wav"
"757",33,36,NA,NA,NA,"20240802_081002.wav"
"758",36,39,"Salpinctes obsoletus","Rock Wren",0.432799309492111,"20240802_081002.wav"
"759",39,42,NA,NA,NA,"20240802_081002.wav"
"760",42,45,"Bubo virginianus","Great Horned Owl",0.224760442972183,"20240802_081002.wav"
"761",45,48,NA,NA,NA,"20240802_081002.wav"
"762",48,51,"Salpinctes obsoletus","Rock Wren",0.175279721617699,"20240802_081002.wav"
"763",48,51,"Cyanocitta stelleri","Steller's Jay",0.147762134671211,"20240802_081002.wav"
"764",51,54,"Bubo virginianus","Great Horned Owl",0.166949898004532,"20240802_081002.wav"
"765",51,54,"Psiloscops flammeolus","Flammulated Owl",0.112490460276604,"20240802_081002.wav"
"766",54,57,NA,NA,NA,"20240802_081002.wav"
"767",57,60,NA,NA,NA,"20240802_081002.wav"
"768",0,3,"Corvus monedula","Eurasian Jackdaw",0.291685104370117,"20240802_081503.wav"
"769",3,6,"Corvus monedula","Eurasian Jackdaw",0.428289294242859,"20240802_081503.wav"
"770",6,9,"Salpinctes obsoletus","Rock Wren",0.146523401141167,"20240802_081503.wav"
"771",9,12,"Salpinctes obsoletus","Rock Wren",0.419144093990326,"20240802_081503.wav"
"772",12,15,"Bubo virginianus","Great Horned Owl",0.17579972743988,"20240802_081503.wav"
"773",12,15,"Salpinctes obsoletus","Rock Wren",0.102003425359726,"20240802_081503.wav"
"774",15,18,NA,NA,NA,"20240802_081503.wav"
"775",18,21,"Bubo virginianus","Great Horned Owl",0.167020350694656,"20240802_081503.wav"
"776",21,24,"Bubo virginianus","Great Horned Owl",0.202987879514694,"20240802_081503.wav"
"777",21,24,"Salpinctes obsoletus","Rock Wren",0.122178830206394,"20240802_081503.wav"
"778",24,27,"Bubo virginianus","Great Horned Owl",0.232014685869217,"20240802_081503.wav"
"779",27,30,"Salpinctes obsoletus","Rock Wren",0.110630840063095,"20240802_081503.wav"
"780",30,33,"Bubo virginianus","Great Horned Owl",0.204472288489342,"20240802_081503.wav"
"781",33,36,"Bubo virginianus","Great Horned Owl",0.18967978656292,"20240802_081503.wav"
"782",36,39,"Bubo virginianus","Great Horned Owl",0.178291320800781,"20240802_081503.wav"
"783",39,42,"Salpinctes obsoletus","Rock Wren",0.165856227278709,"20240802_081503.wav"
"784",39,42,"Bubo virginianus","Great Horned Owl",0.157202333211899,"20240802_081503.wav"
"785",42,45,NA,NA,NA,"20240802_081503.wav"
"786",45,48,"Corvus monedula","Eurasian Jackdaw",0.869262635707855,"20240802_081503.wav"
"787",48,51,"Corvus monedula","Eurasian Jackdaw",0.134467035531998,"20240802_081503.wav"
"788",51,54,"Bubo virginianus","Great Horned Owl",0.220837131142616,"20240802_081503.wav"
"789",54,57,"Corvus monedula","Eurasian Jackdaw",0.595149278640747,"20240802_081503.wav"
"790",57,60,"Asio otus","Long-eared Owl",0.234102129936218,"20240802_081503.wav"
"791",57,60,"Strix varia","Barred Owl",0.202100336551666,"20240802_081503.wav"
"792",57,60,"Psiloscops flammeolus","Flammulated Owl",0.190330371260643,"20240802_081503.wav"
"793",57,60,"Bubo virginianus","Great Horned Owl",0.186257064342499,"20240802_081503.wav"
"794",0,3,"Salpinctes obsoletus","Rock Wren",0.248341843485832,"20240802_082002.wav"
"795",3,6,NA,NA,NA,"20240802_082002.wav"
"796",6,9,NA,NA,NA,"20240802_082002.wav"
"797",9,12,"Salpinctes obsoletus","Rock Wren",0.126662462949753,"20240802_082002.wav"
"798",12,15,NA,NA,NA,"20240802_082002.wav"
"799",15,18,"Pica pica","Eurasian Magpie",0.81694507598877,"20240802_082002.wav"
"800",18,21,"Salpinctes obsoletus","Rock Wren",0.17396205663681,"20240802_082002.wav"
"801",21,24,NA,NA,NA,"20240802_082002.wav"
"802",24,27,"Bubo virginianus","Great Horned Owl",0.106252826750278,"20240802_082002.wav"
"803",27,30,"Salpinctes obsoletus","Rock Wren",0.125489845871925,"20240802_082002.wav"
"804",30,33,NA,NA,NA,"20240802_082002.wav"
"805",33,36,"Salpinctes obsoletus","Rock Wren",0.140539065003395,"20240802_082002.wav"
"806",36,39,"Salpinctes obsoletus","Rock Wren",0.164779216051102,"20240802_082002.wav"
"807",39,42,NA,NA,NA,"20240802_082002.wav"
"808",42,45,NA,NA,NA,"20240802_082002.wav"
"809",45,48,"Bubo virginianus","Great Horned Owl",0.117151528596878,"20240802_082002.wav"
"810",48,51,"Strix aluco","Tawny Owl",0.109812490642071,"20240802_082002.wav"
"811",51,54,NA,NA,NA,"20240802_082002.wav"
"812",54,57,NA,NA,NA,"20240802_082002.wav"
"813",57,60,"Pica pica","Eurasian Magpie",0.852974653244019,"20240802_082002.wav"
"814",0,3,"Salpinctes obsoletus","Rock Wren",0.142887637019157,"20240802_082502.wav"
"815",3,6,"Salpinctes obsoletus","Rock Wren",0.117400929331779,"20240802_082502.wav"
"816",6,9,"Salpinctes obsoletus","Rock Wren",0.147503346204758,"20240802_082502.wav"
"817",9,12,"Salpinctes obsoletus","Rock Wren",0.133609429001808,"20240802_082502.wav"
"818",12,15,"Salpinctes obsoletus","Rock Wren",0.12612184882164,"20240802_082502.wav"
"819",15,18,"Bubo virginianus","Great Horned Owl",0.172210171818733,"20240802_082502.wav"
"820",18,21,NA,NA,NA,"20240802_082502.wav"
"821",21,24,NA,NA,NA,"20240802_082502.wav"
"822",24,27,"Bubo virginianus","Great Horned Owl",0.145293653011322,"20240802_082502.wav"
"823",27,30,"Salpinctes obsoletus","Rock Wren",0.1160783842206,"20240802_082502.wav"
"824",30,33,"Salpinctes obsoletus","Rock Wren",0.119294226169586,"20240802_082502.wav"
"825",33,36,NA,NA,NA,"20240802_082502.wav"
"826",36,39,"Salpinctes obsoletus","Rock Wren",0.11447910964489,"20240802_082502.wav"
"827",39,42,"Bubo virginianus","Great Horned Owl",0.213392898440361,"20240802_082502.wav"
"828",42,45,"Bubo virginianus","Great Horned Owl",0.141478300094604,"20240802_082502.wav"
"829",45,48,"Bubo virginianus","Great Horned Owl",0.110428772866726,"20240802_082502.wav"
"830",48,51,"Bubo virginianus","Great Horned Owl",0.16991563141346,"20240802_082502.wav"
"831",51,54,"Bubo virginianus","Great Horned Owl",0.182505190372467,"20240802_082502.wav"
"832",54,57,"Bubo virginianus","Great Horned Owl",0.181238576769829,"20240802_082502.wav"
"833",57,60,"Bubo virginianus","Great Horned Owl",0.36269548535347,"20240802_082502.wav"
"834",57,60,"Psiloscops flammeolus","Flammulated Owl",0.227470606565475,"20240802_082502.wav"
"835",0,3,"Bubo virginianus","Great Horned Owl",0.174567446112633,"20240802_083002.wav"
"836",3,6,"Bubo virginianus","Great Horned Owl",0.167904049158096,"20240802_083002.wav"
"837",6,9,NA,NA,NA,"20240802_083002.wav"
"838",9,12,"Bubo virginianus","Great Horned Owl",0.217703804373741,"20240802_083002.wav"
"839",12,15,NA,NA,NA,"20240802_083002.wav"
"840",15,18,"Salpinctes obsoletus","Rock Wren",0.134269997477531,"20240802_083002.wav"
"841",18,21,"Salpinctes obsoletus","Rock Wren",0.16515439748764,"20240802_083002.wav"
"842",21,24,NA,NA,NA,"20240802_083002.wav"
"843",24,27,NA,NA,NA,"20240802_083002.wav"
"844",27,30,NA,NA,NA,"20240802_083002.wav"
"845",30,33,NA,NA,NA,"20240802_083002.wav"
"846",33,36,NA,NA,NA,"20240802_083002.wav"
"847",36,39,NA,NA,NA,"20240802_083002.wav"
"848",39,42,NA,NA,NA,"20240802_083002.wav"
"849",42,45,NA,NA,NA,"20240802_083002.wav"
"850",45,48,"Psiloscops flammeolus","Flammulated Owl",0.172391682863235,"20240802_083002.wav"
"851",45,48,"Bubo bubo","Eurasian Eagle-Owl",0.128593504428864,"20240802_083002.wav"
"852",45,48,"Strix varia","Barred Owl",0.124905109405518,"20240802_083002.wav"
"853",48,51,"Bubo virginianus","Great Horned Owl",0.192000329494476,"20240802_083002.wav"
"854",51,54,"Bubo virginianus","Great Horned Owl",0.104285821318626,"20240802_083002.wav"
"855",54,57,NA,NA,NA,"20240802_083002.wav"
"856",57,60,"Bubo virginianus","Great Horned Owl",0.105827681720257,"20240802_083002.wav"
"857",0,3,NA,NA,NA,"20240802_083502.wav"
"858",3,6,NA,NA,NA,"20240802_083502.wav"
"859",6,9,"Neoconocephalus retusus","Round-tipped Conehead",0.151736989617348,"20240802_083502.wav"
"860",9,12,"Neoconocephalus retusus","Round-tipped Conehead",0.253715753555298,"20240802_083502.wav"
"861",12,15,"Campephilus magellanicus","Magellanic Woodpecker",0.152939051389694,"20240802_083502.wav"
"862",15,18,"Troglodytes troglodytes","Eurasian Wren",0.119024649262428,"20240802_083502.wav"
"863",18,21,NA,NA,NA,"20240802_083502.wav"
"864",21,24,NA,NA,NA,"20240802_083502.wav"
"865",24,27,NA,NA,NA,"20240802_083502.wav"
"866",27,30,"Troglodytes troglodytes","Eurasian Wren",0.235824331641197,"20240802_083502.wav"
"867",30,33,"Troglodytes troglodytes","Eurasian Wren",0.528674304485321,"20240802_083502.wav"
"868",33,36,"Troglodytes troglodytes","Eurasian Wren",0.109602868556976,"20240802_083502.wav"
"869",36,39,NA,NA,NA,"20240802_083502.wav"
"870",39,42,NA,NA,NA,"20240802_083502.wav"
"871",42,45,"Troglodytes troglodytes","Eurasian Wren",0.148021444678307,"20240802_083502.wav"
"872",42,45,"Salpinctes obsoletus","Rock Wren",0.113649182021618,"20240802_083502.wav"
"873",45,48,"Zonotrichia leucophrys","White-crowned Sparrow",0.359323441982269,"20240802_083502.wav"
"874",48,51,"Calcarius ornatus","Chestnut-collared Longspur",0.119806423783302,"20240802_083502.wav"
"875",51,54,NA,NA,NA,"20240802_083502.wav"
"876",54,57,"Linaria cannabina","Eurasian Linnet",0.881063222885132,"20240802_083502.wav"
"877",57,60,"Zonotrichia leucophrys","White-crowned Sparrow",0.153047814965248,"20240802_083502.wav"
"878",0,3,"Bubo virginianus","Great Horned Owl",0.147285878658295,"20240802_084002.wav"
"879",0,3,"Psiloscops flammeolus","Flammulated Owl",0.127190217375755,"20240802_084002.wav"
"880",3,6,NA,NA,NA,"20240802_084002.wav"
"881",6,9,NA,NA,NA,"20240802_084002.wav"
"882",9,12,"Psiloscops flammeolus","Flammulated Owl",0.150234371423721,"20240802_084002.wav"
"883",12,15,"Fulica atra","Eurasian Coot",0.263942301273346,"20240802_084002.wav"
"884",12,15,"Megascops kennicottii","Western Screech-Owl",0.114978261291981,"20240802_084002.wav"
"885",15,18,"Bubo virginianus","Great Horned Owl",0.155103459954262,"20240802_084002.wav"
"886",18,21,"Bubo virginianus","Great Horned Owl",0.233993321657181,"20240802_084002.wav"
"887",21,24,NA,NA,NA,"20240802_084002.wav"
"888",24,27,NA,NA,NA,"20240802_084002.wav"
"889",27,30,NA,NA,NA,"20240802_084002.wav"
"890",30,33,"Salpinctes obsoletus","Rock Wren",0.232225596904755,"20240802_084002.wav"
"891",30,33,"Pooecetes gramineus","Vesper Sparrow",0.105895072221756,"20240802_084002.wav"
"892",33,36,NA,NA,NA,"20240802_084002.wav"
"893",36,39,"Salpinctes obsoletus","Rock Wren",0.191086709499359,"20240802_084002.wav"
"894",36,39,"Catharus guttatus","Hermit Thrush",0.126336231827736,"20240802_084002.wav"
"895",39,42,"Cyanoramphus novaezelandiae","Red-crowned Parakeet",0.140185341238976,"20240802_084002.wav"
"896",42,45,NA,NA,NA,"20240802_084002.wav"
"897",45,48,"Bubo virginianus","Great Horned Owl",0.119635909795761,"20240802_084002.wav"
"898",48,51,NA,NA,NA,"20240802_084002.wav"
"899",51,54,"Bubo virginianus","Great Horned Owl",0.152468919754028,"20240802_084002.wav"
"900",54,57,"Bubo virginianus","Great Horned Owl",0.109434969723225,"20240802_084002.wav"
"901",57,60,"Bubo virginianus","Great Horned Owl",0.140038669109344,"20240802_084002.wav"
"902",0,3,"Salpinctes obsoletus","Rock Wren",0.163973525166512,"20240802_084502.wav"
"903",3,6,"Salpinctes obsoletus","Rock Wren",0.151232197880745,"20240802_084502.wav"
"904",6,9,NA,NA,NA,"20240802_084502.wav"
"905",9,12,"Neoconocephalus retusus","Round-tipped Conehead",0.123295970261097,"20240802_084502.wav"
"906",12,15,NA,NA,NA,"20240802_084502.wav"
"907",15,18,NA,NA,NA,"20240802_084502.wav"
"908",18,21,NA,NA,NA,"20240802_084502.wav"
"909",21,24,NA,NA,NA,"20240802_084502.wav"
"910",24,27,NA,NA,NA,"20240802_084502.wav"
"911",27,30,NA,NA,NA,"20240802_084502.wav"
"912",30,33,"Actitis macularius","Spotted Sandpiper",0.276083022356033,"20240802_084502.wav"
"913",33,36,NA,NA,NA,"20240802_084502.wav"
"914",36,39,NA,NA,NA,"20240802_084502.wav"
"915",39,42,NA,NA,NA,"20240802_084502.wav"
"916",42,45,NA,NA,NA,"20240802_084502.wav"
"917",45,48,NA,NA,NA,"20240802_084502.wav"
"918",48,51,NA,NA,NA,"20240802_084502.wav"
"919",51,54,NA,NA,NA,"20240802_084502.wav"
"920",54,57,"Actitis macularius","Spotted Sandpiper",0.244433790445328,"20240802_084502.wav"
"921",57,60,"Actitis macularius","Spotted Sandpiper",0.102952942252159,"20240802_084502.wav"
"922",0,3,NA,NA,NA,"20240802_085003.wav"
"923",3,6,"Phylloscopus collybita","Common Chiffchaff",0.418660223484039,"20240802_085003.wav"
"924",6,9,NA,NA,NA,"20240802_085003.wav"
"925",9,12,NA,NA,NA,"20240802_085003.wav"
"926",12,15,NA,NA,NA,"20240802_085003.wav"
"927",15,18,NA,NA,NA,"20240802_085003.wav"
"928",18,21,NA,NA,NA,"20240802_085003.wav"
"929",21,24,"Linaria cannabina","Eurasian Linnet",0.564233183860779,"20240802_085003.wav"
"930",21,24,"Linaria flavirostris","Twite",0.153664469718933,"20240802_085003.wav"
"931",24,27,"Linaria cannabina","Eurasian Linnet",0.348039209842682,"20240802_085003.wav"
"932",24,27,"Acanthis flammea","Common Redpoll",0.215610578656197,"20240802_085003.wav"
"933",27,30,"Gerygone igata","Gray Gerygone",0.160267874598503,"20240802_085003.wav"
"934",30,33,"Rhipidura fuliginosa","New Zealand Fantail",0.126741543412209,"20240802_085003.wav"
"935",30,33,"Gerygone igata","Gray Gerygone",0.118807882070541,"20240802_085003.wav"
"936",33,36,NA,NA,NA,"20240802_085003.wav"
"937",36,39,NA,NA,NA,"20240802_085003.wav"
"938",39,42,"Salpinctes obsoletus","Rock Wren",0.103639401495457,"20240802_085003.wav"
"939",42,45,NA,NA,NA,"20240802_085003.wav"
"940",45,48,"Actitis macularius","Spotted Sandpiper",0.108918979763985,"20240802_085003.wav"
"941",48,51,"Phylloscopus collybita","Common Chiffchaff",0.679552853107452,"20240802_085003.wav"
"942",48,51,"Myiarchus sagrae","La Sagra's Flycatcher",0.16503332555294,"20240802_085003.wav"
"943",51,54,"Actitis macularius","Spotted Sandpiper",0.311129093170166,"20240802_085003.wav"
"944",54,57,"Phylloscopus collybita","Common Chiffchaff",0.156897604465485,"20240802_085003.wav"
"945",54,57,"Actitis macularius","Spotted Sandpiper",0.139562577009201,"20240802_085003.wav"
"946",57,60,"Actitis macularius","Spotted Sandpiper",0.465672820806503,"20240802_085003.wav"
"947",57,60,"Phylloscopus collybita","Common Chiffchaff",0.240703627467155,"20240802_085003.wav"
"948",0,3,"Phylloscopus collybita","Common Chiffchaff",0.579012334346771,"20240802_085502.wav"
"949",3,6,"Actitis macularius","Spotted Sandpiper",0.349469661712646,"20240802_085502.wav"
"950",6,9,"Phylloscopus collybita","Common Chiffchaff",0.56636917591095,"20240802_085502.wav"
"951",9,12,"Actitis macularius","Spotted Sandpiper",0.37709566950798,"20240802_085502.wav"
"952",9,12,"Contopus caribaeus","Cuban Pewee",0.152886122465134,"20240802_085502.wav"
"953",9,12,"Phylloscopus collybita","Common Chiffchaff",0.112335838377476,"20240802_085502.wav"
"954",12,15,"Actitis macularius","Spotted Sandpiper",0.42936047911644,"20240802_085502.wav"
"955",15,18,"Phylloscopus collybita","Common Chiffchaff",0.146176218986511,"20240802_085502.wav"
"956",18,21,"Phylloscopus collybita","Common Chiffchaff",0.583317399024963,"20240802_085502.wav"
"957",21,24,"Phylloscopus collybita","Common Chiffchaff",0.173139721155167,"20240802_085502.wav"
"958",24,27,NA,NA,NA,"20240802_085502.wav"
"959",27,30,NA,NA,NA,"20240802_085502.wav"
"960",30,33,NA,NA,NA,"20240802_085502.wav"
"961",33,36,"Empidonax oberholseri","Dusky Flycatcher",0.248919352889061,"20240802_085502.wav"
"962",33,36,"Leucosticte tephrocotis","Gray-crowned Rosy-Finch",0.156692653894424,"20240802_085502.wav"
"963",36,39,NA,NA,NA,"20240802_085502.wav"
"964",39,42,NA,NA,NA,"20240802_085502.wav"
"965",42,45,"Leucosticte tephrocotis","Gray-crowned Rosy-Finch",0.163862600922585,"20240802_085502.wav"
"966",45,48,"Leucosticte tephrocotis","Gray-crowned Rosy-Finch",0.233986347913742,"20240802_085502.wav"
"967",48,51,"Leucosticte tephrocotis","Gray-crowned Rosy-Finch",0.145460695028305,"20240802_085502.wav"
"968",51,54,NA,NA,NA,"20240802_085502.wav"
"969",54,57,"Columba palumbus","Common Wood-Pigeon",0.165228366851807,"20240802_085502.wav"
"970",57,60,"Columba palumbus","Common Wood-Pigeon",0.188029274344444,"20240802_085502.wav"
"971",0,3,"Bubo virginianus","Great Horned Owl",0.118708588182926,"20240802_090002.wav"
"972",3,6,"Corvus monedula","Eurasian Jackdaw",0.84611701965332,"20240802_090002.wav"
"973",6,9,NA,NA,NA,"20240802_090002.wav"
"974",9,12,NA,NA,NA,"20240802_090002.wav"
"975",12,15,NA,NA,NA,"20240802_090002.wav"
"976",15,18,NA,NA,NA,"20240802_090002.wav"
"977",18,21,"Bubo virginianus","Great Horned Owl",0.130413204431534,"20240802_090002.wav"
"978",21,24,"Bubo virginianus","Great Horned Owl",0.13401997089386,"20240802_090002.wav"
"979",24,27,"Bubo virginianus","Great Horned Owl",0.24548751115799,"20240802_090002.wav"
"980",27,30,NA,NA,NA,"20240802_090002.wav"
"981",30,33,NA,NA,NA,"20240802_090002.wav"
"982",33,36,"Bubo virginianus","Great Horned Owl",0.145926177501678,"20240802_090002.wav"
"983",33,36,"Neoconocephalus retusus","Round-tipped Conehead",0.102006189525127,"20240802_090002.wav"
"984",36,39,"Bubo virginianus","Great Horned Owl",0.158383712172508,"20240802_090002.wav"
"985",39,42,"Bubo virginianus","Great Horned Owl",0.224099442362785,"20240802_090002.wav"
"986",42,45,"Bubo virginianus","Great Horned Owl",0.163433149456978,"20240802_090002.wav"
"987",45,48,"Bubo virginianus","Great Horned Owl",0.175568655133247,"20240802_090002.wav"
"988",48,51,"Bubo virginianus","Great Horned Owl",0.248769298195839,"20240802_090002.wav"
"989",51,54,"Bubo virginianus","Great Horned Owl",0.132155612111092,"20240802_090002.wav"
"990",54,57,NA,NA,NA,"20240802_090002.wav"
"991",57,60,"Bubo virginianus","Great Horned Owl",0.249157533049583,"20240802_090002.wav"
"992",57,60,"Salpinctes obsoletus","Rock Wren",0.127989321947098,"20240802_090002.wav"
"993",0,3,"Strix varia","Barred Owl",0.350219577550888,"20240802_090502.wav"
"994",0,3,"Asio otus","Long-eared Owl",0.16306160390377,"20240802_090502.wav"
"995",0,3,"Bubo bubo","Eurasian Eagle-Owl",0.111040815711021,"20240802_090502.wav"
"996",3,6,NA,NA,NA,"20240802_090502.wav"
"997",6,9,"Neoconocephalus retusus","Round-tipped Conehead",0.107258141040802,"20240802_090502.wav"
"998",9,12,"Neoconocephalus retusus","Round-tipped Conehead",0.294562101364136,"20240802_090502.wav"
"999",9,12,"Bubo virginianus","Great Horned Owl",0.120684780180454,"20240802_090502.wav"
"1000",12,15,NA,NA,NA,"20240802_090502.wav"
"1001",15,18,NA,NA,NA,"20240802_090502.wav"
"1002",18,21,"Neoconocephalus retusus","Round-tipped Conehead",0.14220817387104,"20240802_090502.wav"
"1003",21,24,NA,NA,NA,"20240802_090502.wav"
"1004",24,27,NA,NA,NA,"20240802_090502.wav"
"1005",27,30,NA,NA,NA,"20240802_090502.wav"
"1006",30,33,"Psiloscops flammeolus","Flammulated Owl",0.1221714168787,"20240802_090502.wav"
"1007",30,33,"Bubo virginianus","Great Horned Owl",0.101401679217815,"20240802_090502.wav"
"1008",33,36,NA,NA,NA,"20240802_090502.wav"
"1009",36,39,NA,NA,NA,"20240802_090502.wav"
"1010",39,42,"Corvus monedula","Eurasian Jackdaw",0.427411884069443,"20240802_090502.wav"
"1011",42,45,NA,NA,NA,"20240802_090502.wav"
"1012",45,48,"Corvus monedula","Eurasian Jackdaw",0.374391406774521,"20240802_090502.wav"
"1013",45,48,"Coccyzus minor","Mangrove Cuckoo",0.104034386575222,"20240802_090502.wav"
"1014",48,51,NA,NA,NA,"20240802_090502.wav"
"1015",51,54,"Corvus monedula","Eurasian Jackdaw",0.324390113353729,"20240802_090502.wav"
"1016",54,57,NA,NA,NA,"20240802_090502.wav"
"1017",57,60,"Psiloscops flammeolus","Flammulated Owl",0.232269033789635,"20240802_090502.wav"
"1018",0,3,"Bubo virginianus","Great Horned Owl",0.172934547066689,"20240802_091002.wav"
"1019",3,6,"Bubo virginianus","Great Horned Owl",0.196781381964684,"20240802_091002.wav"
"1020",3,6,"Neoconocephalus retusus","Round-tipped Conehead",0.123617492616177,"20240802_091002.wav"
"1021",6,9,"Neoconocephalus retusus","Round-tipped Conehead",0.151060074567795,"20240802_091002.wav"
"1022",6,9,"Bubo virginianus","Great Horned Owl",0.109414331614971,"20240802_091002.wav"
"1023",9,12,NA,NA,NA,"20240802_091002.wav"
"1024",12,15,NA,NA,NA,"20240802_091002.wav"
"1025",15,18,"Neoconocephalus retusus","Round-tipped Conehead",0.108487322926521,"20240802_091002.wav"
"1026",18,21,"Bubo virginianus","Great Horned Owl",0.106569454073906,"20240802_091002.wav"
"1027",21,24,"Bubo virginianus","Great Horned Owl",0.139168530702591,"20240802_091002.wav"
"1028",24,27,"Bubo virginianus","Great Horned Owl",0.167467385530472,"20240802_091002.wav"
"1029",27,30,"Bubo virginianus","Great Horned Owl",0.126137420535088,"20240802_091002.wav"
"1030",30,33,"Bubo virginianus","Great Horned Owl",0.184813424944878,"20240802_091002.wav"
"1031",33,36,"Bubo virginianus","Great Horned Owl",0.147219181060791,"20240802_091002.wav"
"1032",36,39,NA,NA,NA,"20240802_091002.wav"
"1033",39,42,"Bubo virginianus","Great Horned Owl",0.260366022586823,"20240802_091002.wav"
"1034",39,42,"Neoconocephalus retusus","Round-tipped Conehead",0.103949189186096,"20240802_091002.wav"
"1035",42,45,"Bubo virginianus","Great Horned Owl",0.128897666931152,"20240802_091002.wav"
"1036",45,48,"Bubo virginianus","Great Horned Owl",0.121440351009369,"20240802_091002.wav"
"1037",48,51,"Bubo virginianus","Great Horned Owl",0.175205007195473,"20240802_091002.wav"
"1038",51,54,"Bubo virginianus","Great Horned Owl",0.155355080962181,"20240802_091002.wav"
"1039",54,57,"Bubo virginianus","Great Horned Owl",0.119949445128441,"20240802_091002.wav"
"1040",57,60,"Bubo virginianus","Great Horned Owl",0.244163006544113,"20240802_091002.wav"
"1041",0,3,"Bubo virginianus","Great Horned Owl",0.199454545974731,"20240802_091502.wav"
"1042",3,6,"Bubo virginianus","Great Horned Owl",0.161690637469292,"20240802_091502.wav"
"1043",6,9,"Bubo virginianus","Great Horned Owl",0.136514440178871,"20240802_091502.wav"
"1044",9,12,"Bubo virginianus","Great Horned Owl",0.101602807641029,"20240802_091502.wav"
"1045",12,15,"Bubo virginianus","Great Horned Owl",0.200291886925697,"20240802_091502.wav"
"1046",15,18,"Bubo virginianus","Great Horned Owl",0.130894124507904,"20240802_091502.wav"
"1047",18,21,"Bubo virginianus","Great Horned Owl",0.167763084173203,"20240802_091502.wav"
"1048",21,24,"Bubo virginianus","Great Horned Owl",0.194421052932739,"20240802_091502.wav"
"1049",24,27,"Bubo virginianus","Great Horned Owl",0.150503441691399,"20240802_091502.wav"
"1050",27,30,NA,NA,NA,"20240802_091502.wav"
"1051",30,33,"Salpinctes obsoletus","Rock Wren",0.114322870969772,"20240802_091502.wav"
"1052",33,36,"Salpinctes obsoletus","Rock Wren",0.227886602282524,"20240802_091502.wav"
"1053",36,39,"Bubo virginianus","Great Horned Owl",0.143885582685471,"20240802_091502.wav"
"1054",39,42,"Bubo virginianus","Great Horned Owl",0.148100957274437,"20240802_091502.wav"
"1055",42,45,"Bubo virginianus","Great Horned Owl",0.239517822861671,"20240802_091502.wav"
"1056",45,48,"Bubo virginianus","Great Horned Owl",0.166182443499565,"20240802_091502.wav"
"1057",48,51,"Bubo virginianus","Great Horned Owl",0.109576314687729,"20240802_091502.wav"
"1058",51,54,NA,NA,NA,"20240802_091502.wav"
"1059",54,57,NA,NA,NA,"20240802_091502.wav"
"1060",57,60,NA,NA,NA,"20240802_091502.wav"
"1061",0,3,NA,NA,NA,"20240802_092002.wav"
"1062",3,6,"Atlanticus testaceus","Protean Shieldback",0.171597123146057,"20240802_092002.wav"
"1063",3,6,"Neoconocephalus retusus","Round-tipped Conehead",0.147876068949699,"20240802_092002.wav"
"1064",3,6,"Conocephalus fasciatus","Slender Meadow Katydid",0.13200768828392,"20240802_092002.wav"
"1065",3,6,"Amblycorypha alexanderi","Clicker Round-winged Katydid",0.100658304989338,"20240802_092002.wav"
"1066",6,9,"Atlanticus testaceus","Protean Shieldback",0.252475172281265,"20240802_092002.wav"
"1067",6,9,"Neoconocephalus retusus","Round-tipped Conehead",0.171960160136223,"20240802_092002.wav"
"1068",9,12,"Neoconocephalus retusus","Round-tipped Conehead",0.117454372346401,"20240802_092002.wav"
"1069",12,15,"Atlanticus testaceus","Protean Shieldback",0.149058371782303,"20240802_092002.wav"
"1070",12,15,"Amblycorypha alexanderi","Clicker Round-winged Katydid",0.1237613260746,"20240802_092002.wav"
"1071",12,15,"Neoconocephalus retusus","Round-tipped Conehead",0.12287750095129,"20240802_092002.wav"
"1072",15,18,"Neoconocephalus retusus","Round-tipped Conehead",0.119606055319309,"20240802_092002.wav"
"1073",18,21,NA,NA,NA,"20240802_092002.wav"
"1074",21,24,"Neoconocephalus retusus","Round-tipped Conehead",0.134723275899887,"20240802_092002.wav"
"1075",24,27,"Atlanticus testaceus","Protean Shieldback",0.540461838245392,"20240802_092002.wav"
"1076",24,27,"Neoconocephalus retusus","Round-tipped Conehead",0.185825601220131,"20240802_092002.wav"
"1077",24,27,"Psiloscops flammeolus","Flammulated Owl",0.13227578997612,"20240802_092002.wav"
"1078",24,27,"Amblycorypha alexanderi","Clicker Round-winged Katydid",0.104460880160332,"20240802_092002.wav"
"1079",27,30,"Atlanticus testaceus","Protean Shieldback",0.212511271238327,"20240802_092002.wav"
"1080",27,30,"Conocephalus brevipennis","Short-winged Meadow Katydid",0.188866093754768,"20240802_092002.wav"
"1081",30,33,"Atlanticus testaceus","Protean Shieldback",0.603391349315643,"20240802_092002.wav"
"1082",30,33,"Neoconocephalus retusus","Round-tipped Conehead",0.215854674577713,"20240802_092002.wav"
"1083",30,33,"Amblycorypha alexanderi","Clicker Round-winged Katydid",0.129988610744476,"20240802_092002.wav"
"1084",33,36,"Neoconocephalus retusus","Round-tipped Conehead",0.170738592743874,"20240802_092002.wav"
"1085",33,36,"Amblycorypha alexanderi","Clicker Round-winged Katydid",0.150342285633087,"20240802_092002.wav"
"1086",33,36,"Atlanticus testaceus","Protean Shieldback",0.116228975355625,"20240802_092002.wav"
"1087",36,39,"Neoconocephalus retusus","Round-tipped Conehead",0.155662178993225,"20240802_092002.wav"
"1088",36,39,"Atlanticus testaceus","Protean Shieldback",0.134676620364189,"20240802_092002.wav"
"1089",36,39,"Orchelimum agile","Agile Meadow Katydid",0.113630339503288,"20240802_092002.wav"
"1090",36,39,"Amblycorypha alexanderi","Clicker Round-winged Katydid",0.10365778952837,"20240802_092002.wav"
"1091",39,42,"Neoconocephalus retusus","Round-tipped Conehead",0.253627806901932,"20240802_092002.wav"
"1092",39,42,"Amblycorypha alexanderi","Clicker Round-winged Katydid",0.131377086043358,"20240802_092002.wav"
"1093",42,45,"Neoconocephalus retusus","Round-tipped Conehead",0.113951452076435,"20240802_092002.wav"
"1094",42,45,"Amblycorypha alexanderi","Clicker Round-winged Katydid",0.100389420986176,"20240802_092002.wav"
"1095",45,48,"Atlanticus testaceus","Protean Shieldback",0.315031290054321,"20240802_092002.wav"
"1096",45,48,"Neoconocephalus retusus","Round-tipped Conehead",0.170777603983879,"20240802_092002.wav"
"1097",45,48,"Amblycorypha alexanderi","Clicker Round-winged Katydid",0.144756525754929,"20240802_092002.wav"
"1098",48,51,"Atlanticus testaceus","Protean Shieldback",0.476352214813232,"20240802_092002.wav"
"1099",48,51,"Neoconocephalus retusus","Round-tipped Conehead",0.322223305702209,"20240802_092002.wav"
"1100",51,54,"Atlanticus testaceus","Protean Shieldback",0.322944134473801,"20240802_092002.wav"
"1101",51,54,"Amblycorypha alexanderi","Clicker Round-winged Katydid",0.163943111896515,"20240802_092002.wav"
"1102",51,54,"Conocephalus brevipennis","Short-winged Meadow Katydid",0.10801137983799,"20240802_092002.wav"
"1103",54,57,NA,NA,NA,"20240802_092002.wav"
"1104",57,60,"Salpinctes obsoletus","Rock Wren",0.383752167224884,"20240802_092002.wav"
"1105",0,3,"Salpinctes obsoletus","Rock Wren",0.102055333554745,"20240802_092503.wav"
"1106",3,6,NA,NA,NA,"20240802_092503.wav"
"1107",6,9,"Ninox boobook","Southern Boobook",0.133070468902588,"20240802_092503.wav"
"1108",6,9,"Strix chacoensis","Chaco Owl",0.103060461580753,"20240802_092503.wav"
"1109",9,12,"Columba palumbus","Common Wood-Pigeon",0.903545796871185,"20240802_092503.wav"
"1110",9,12,"Strix chacoensis","Chaco Owl",0.154286563396454,"20240802_092503.wav"
"1111",12,15,"Columba palumbus","Common Wood-Pigeon",0.972392916679382,"20240802_092503.wav"
"1112",15,18,"Columba palumbus","Common Wood-Pigeon",0.967141568660736,"20240802_092503.wav"
"1113",18,21,"Strix varia","Barred Owl",0.479493916034698,"20240802_092503.wav"
"1114",18,21,"Psiloscops flammeolus","Flammulated Owl",0.301213026046753,"20240802_092503.wav"
"1115",18,21,"Bubo virginianus","Great Horned Owl",0.206141412258148,"20240802_092503.wav"
"1116",21,24,"Regulus satrapa","Golden-crowned Kinglet",0.139172747731209,"20240802_092503.wav"
"1117",24,27,"Leiothlypis celata","Orange-crowned Warbler",0.101575620472431,"20240802_092503.wav"
"1118",27,30,"Psiloscops flammeolus","Flammulated Owl",0.862008333206177,"20240802_092503.wav"
"1119",27,30,"Bubo virginianus","Great Horned Owl",0.384495437145233,"20240802_092503.wav"
"1120",30,33,"Psiloscops flammeolus","Flammulated Owl",0.959236443042755,"20240802_092503.wav"
"1121",30,33,"Bubo virginianus","Great Horned Owl",0.556749403476715,"20240802_092503.wav"
"1122",33,36,"Bubo virginianus","Great Horned Owl",0.319168031215668,"20240802_092503.wav"
"1123",33,36,"Psiloscops flammeolus","Flammulated Owl",0.196454003453255,"20240802_092503.wav"
"1124",33,36,"Conocephalus brevipennis","Short-winged Meadow Katydid",0.103878542780876,"20240802_092503.wav"
"1125",36,39,"Setophaga occidentalis","Hermit Warbler",0.324297368526459,"20240802_092503.wav"
"1126",36,39,"Regulus satrapa","Golden-crowned Kinglet",0.131835326552391,"20240802_092503.wav"
"1127",39,42,"Psiloscops flammeolus","Flammulated Owl",0.217493817210197,"20240802_092503.wav"
"1128",39,42,"Troglodytes troglodytes","Eurasian Wren",0.181476444005966,"20240802_092503.wav"
"1129",42,45,"Bubo virginianus","Great Horned Owl",0.13804329931736,"20240802_092503.wav"
"1130",45,48,"Bubo virginianus","Great Horned Owl",0.292048841714859,"20240802_092503.wav"
"1131",45,48,"Psiloscops flammeolus","Flammulated Owl",0.135310292243958,"20240802_092503.wav"
"1132",48,51,NA,NA,NA,"20240802_092503.wav"
"1133",51,54,"Salpinctes obsoletus","Rock Wren",0.122138813138008,"20240802_092503.wav"
"1134",54,57,"Bubo virginianus","Great Horned Owl",0.269826769828796,"20240802_092503.wav"
"1135",57,60,"Psiloscops flammeolus","Flammulated Owl",0.885958611965179,"20240802_092503.wav"
"1136",57,60,"Columba oenas","Stock Dove",0.133490949869156,"20240802_092503.wav"
"1137",0,3,"Bubo virginianus","Great Horned Owl",0.107808195054531,"20240802_093002.wav"
"1138",3,6,NA,NA,NA,"20240802_093002.wav"
"1139",6,9,"Salpinctes obsoletus","Rock Wren",0.186782762408257,"20240802_093002.wav"
"1140",9,12,"Bubo virginianus","Great Horned Owl",0.165072739124298,"20240802_093002.wav"
"1141",9,12,"Salpinctes obsoletus","Rock Wren",0.139996841549873,"20240802_093002.wav"
"1142",12,15,"Salpinctes obsoletus","Rock Wren",0.230339273810387,"20240802_093002.wav"
"1143",15,18,"Salpinctes obsoletus","Rock Wren",0.270132571458817,"20240802_093002.wav"
"1144",18,21,"Salpinctes obsoletus","Rock Wren",0.197932630777359,"20240802_093002.wav"
"1145",21,24,"Salpinctes obsoletus","Rock Wren",0.183981075882912,"20240802_093002.wav"
"1146",24,27,"Salpinctes obsoletus","Rock Wren",0.132134899497032,"20240802_093002.wav"
"1147",27,30,NA,NA,NA,"20240802_093002.wav"
"1148",30,33,"Strix rufipes","Rufous-legged Owl",0.209080308675766,"20240802_093002.wav"
"1149",30,33,"Campephilus magellanicus","Magellanic Woodpecker",0.203692555427551,"20240802_093002.wav"
"1150",30,33,"Bonasa umbellus","Ruffed Grouse",0.15458370745182,"20240802_093002.wav"
"1151",33,36,NA,NA,NA,"20240802_093002.wav"
"1152",36,39,"Salpinctes obsoletus","Rock Wren",0.117056041955948,"20240802_093002.wav"
"1153",36,39,"Bubo virginianus","Great Horned Owl",0.113553360104561,"20240802_093002.wav"
"1154",39,42,NA,NA,NA,"20240802_093002.wav"
"1155",42,45,NA,NA,NA,"20240802_093002.wav"
"1156",45,48,NA,NA,NA,"20240802_093002.wav"
"1157",48,51,NA,NA,NA,"20240802_093002.wav"
"1158",51,54,NA,NA,NA,"20240802_093002.wav"
"1159",54,57,NA,NA,NA,"20240802_093002.wav"
"1160",57,60,NA,NA,NA,"20240802_093002.wav"
