species,date,time,camera,grid
Muntiacus_reevesi,2025-10-25,17:00,2,97
Muntiacus_reevesi,2025-10-28,7:00,2,97
Muntiacus_reevesi,2025-11-01,8:00,2,97
Muntiacus_reevesi,2025-11-03,22:00,2,97
Muntiacus_reevesi,2025-11-06,3:00,2,97
Muntiacus_reevesi,2025-11-06,16:00,2,97
Muntiacus_reevesi,2025-11-08,6:00,2,97
Buteo_buteo,03/11/2025,11:00,3,85
Homo_sapiens,09/10/2025,11:00,3,85
Homo_sapiens,11/10/2025,15:00,3,85
Muntiacus_reevesi,11/10/2025,7:00,3,85
Muntiacus_reevesi,16/10/2025,8:00,3,85
Muntiacus_reevesi,16/10/2025,22:00,3,85
Muntiacus_reevesi,25/10/2025,7:00,3,85
Muntiacus_reevesi,28/10/2025,7:00,3,85
Muntiacus_reevesi,28/10/2025,18:00,3,85
Muntiacus_reevesi,06/11/2025,7:00,3,85
Muntiacus_reevesi,06/11/2025,23:00,3,85
Muntiacus_reevesi,11/11/2025,17:00,3,85
Muntiacus_reevesi,12/11/2025,17:00,3,85
Muntiacus_reevesi,14/11/2025,16:00,3,85
Muntiacus_reevesi,15/11/2025,8:00,3,85
Muntiacus_reevesi,19/11/2025,13:00,3,85
Muntiacus_reevesi,24/11/2025,11:00,3,85
Phasianus_colchicus,10/10/2025,8:00,3,85
Sciurus_carolinensis,18/10/2025,14:00,3,85
Sciurus_carolinensis,19/10/2025,10:00,3,85
Sciurus_carolinensis,21/10/2025,10:00,3,85
Sciurus_carolinensis,21/10/2025,11:00,3,85
Sciurus_carolinensis,23/10/2025,14:00,3,85
Sciurus_carolinensis,24/10/2025,10:00,3,85
Sciurus_carolinensis,26/10/2025,8:00,3,85
Sciurus_carolinensis,28/10/2025,9:00,3,85
Sciurus_carolinensis,29/10/2025,9:00,3,85
Sciurus_carolinensis,30/10/2025,11:00,3,85
Sciurus_carolinensis,30/10/2025,14:00,3,85
Sciurus_carolinensis,02/11/2025,11:00,3,85
Sciurus_carolinensis,08/11/2025,16:00,3,85
Sciurus_carolinensis,12/11/2025,15:00,3,85
Sciurus_carolinensis,13/11/2025,14:00,3,85
Vulpes_vulpes,24/10/2025,10:00,3,85
Vulpes_vulpes,23/11/2025,22:00,3,85
Vulpes_vulpes,23/11/2025,23:00,3,85
Capreolus_capreolus,2025-10-11,8:00,4,68
Capreolus_capreolus,2025-10-11,9:00,4,68
Capreolus_capreolus,2025-10-11,20:00,4,68
Capreolus_capreolus,2025-10-11,21:00,4,68
Capreolus_capreolus,2025-10-11,22:00,4,68
Capreolus_capreolus,2025-10-11,23:00,4,68
Capreolus_capreolus,2025-10-12,1:00,4,68
Capreolus_capreolus,2025-10-12,5:00,4,68
Capreolus_capreolus,2025-10-12,7:00,4,68
Capreolus_capreolus,2025-10-12,19:00,4,68
Capreolus_capreolus,2025-10-12,24:00,4,68
Capreolus_capreolus,2025-10-14,1:00,4,68
Capreolus_capreolus,2025-10-14,2:00,4,68
Capreolus_capreolus,2025-10-15,1:00,4,68
Capreolus_capreolus,2025-10-15,21:00,4,68
Capreolus_capreolus,2025-10-15,23:00,4,68
Capreolus_capreolus,2025-10-16,19:00,4,68
Capreolus_capreolus,2025-10-17,8:00,4,68
Capreolus_capreolus,2025-10-17,8:00,4,68
Capreolus_capreolus,2025-10-17,19:00,4,68
Capreolus_capreolus,2025-10-18,0:00,4,68
Capreolus_capreolus,2025-10-18,1:00,4,68
Capreolus_capreolus,2025-10-19,2:00,4,68
Capreolus_capreolus,2025-10-23,8:00,4,68
Capreolus_capreolus,2025-10-23,9:00,4,68
Capreolus_capreolus,2025-10-23,18:00,4,68
Capreolus_capreolus,2025-10-24,19:00,4,68
Capreolus_capreolus,2025-10-25,10:00,4,68
Capreolus_capreolus,2025-10-25,19:00,4,68
Capreolus_capreolus,2025-10-28,9:00,4,68
Capreolus_capreolus,2025-10-28,15:00,4,68
Capreolus_capreolus,2025-10-28,21:00,4,68
Capreolus_capreolus,2025-10-30,13:00,4,68
Capreolus_capreolus,2025-10-31,4:00,4,68
Capreolus_capreolus,2025-10-31,9:00,4,68
Capreolus_capreolus,2025-11-02,19:00,4,68
Capreolus_capreolus,2025-11-06,1:00,4,68
Capreolus_capreolus,2025-11-09,22:00,4,68
Capreolus_capreolus,2025-11-10,9:00,4,68
Capreolus_capreolus,2025-11-17,10:00,4,68
Capreolus_capreolus,2025-11-21,18:00,4,68
Columba_palumbus,2025-11-16,13:00,4,68
Columba_palumbus,2025-11-17,10:00,4,68
Columba_palumbus,2025-11-21,15:00,4,68
Columba_palumbus,2025-11-23,15:00,4,68
Garrulus_glandarius,2025-11-21,14:00,4,68
Homo_sapiens,2025-06-20,12:00,4,68
Homo_sapiens,2025-10-08,11:00,4,68
Homo_sapiens,2025-11-02,11:00,4,68
Homo_sapiens,2025-11-24,11:00,4,68
Muntiacus_reevesi,2025-10-09,1:00,4,68
Muntiacus_reevesi,2025-10-09,3:00,4,68
Muntiacus_reevesi,2025-10-10,8:00,4,68
Muntiacus_reevesi,2025-10-10,12:00,4,68
Muntiacus_reevesi,2025-10-11,8:00,4,68
Muntiacus_reevesi,2025-10-12,7:00,4,68
Muntiacus_reevesi,2025-10-12,8:00,4,68
Muntiacus_reevesi,2025-10-12,18:00,4,68
Muntiacus_reevesi,2025-10-14,3:00,4,68
Muntiacus_reevesi,2025-10-14,7:00,4,68
Muntiacus_reevesi,2025-10-14,19:00,4,68
Muntiacus_reevesi,2025-10-14,22:00,4,68
Muntiacus_reevesi,2025-10-14,23:00,4,68
Muntiacus_reevesi,2025-10-15,2:00,4,68
Muntiacus_reevesi,2025-10-15,18:00,4,68
Muntiacus_reevesi,2025-10-15,20:00,4,68
Muntiacus_reevesi,2025-10-16,7:00,4,68
Muntiacus_reevesi,2025-10-16,14:00,4,68
Muntiacus_reevesi,2025-10-17,4:00,4,68
Muntiacus_reevesi,2025-10-17,10:00,4,68
Muntiacus_reevesi,2025-10-18,8:00,4,68
Muntiacus_reevesi,2025-10-18,21:00,4,68
Muntiacus_reevesi,2025-10-19,7:00,4,68
Muntiacus_reevesi,2025-10-19,17:00,4,68
Muntiacus_reevesi,2025-10-20,22:00,4,68
Muntiacus_reevesi,2025-10-20,22:00,4,68
Muntiacus_reevesi,2025-10-21,22:00,4,68
Muntiacus_reevesi,2025-10-22,8:00,4,68
Muntiacus_reevesi,2025-10-22,10:00,4,68
Muntiacus_reevesi,2025-10-22,13:00,4,68
Muntiacus_reevesi,2025-10-23,2:00,4,68
Muntiacus_reevesi,2025-10-23,18:00,4,68
Muntiacus_reevesi,2025-10-24,18:00,4,68
Muntiacus_reevesi,2025-10-25,3:00,4,68
Muntiacus_reevesi,2025-10-25,10:00,4,68
Muntiacus_reevesi,2025-10-25,18:00,4,68
Muntiacus_reevesi,2025-10-25,19:00,4,68
Muntiacus_reevesi,2025-10-25,24:00,4,68
Muntiacus_reevesi,2025-10-26,18:00,4,68
Muntiacus_reevesi,2025-10-27,6:00,4,68
Muntiacus_reevesi,2025-10-27,7:00,4,68
Muntiacus_reevesi,2025-10-27,18:00,4,68
Muntiacus_reevesi,2025-10-28,21:00,4,68
Muntiacus_reevesi,2025-10-28,24:00,4,68
Muntiacus_reevesi,2025-10-30,8:00,4,68
Muntiacus_reevesi,2025-10-30,9:00,4,68
Muntiacus_reevesi,2025-10-30,10:00,4,68
Muntiacus_reevesi,2025-10-30,17:00,4,68
Muntiacus_reevesi,2025-10-30,21:00,4,68
Muntiacus_reevesi,2025-10-30,23:00,4,68
Muntiacus_reevesi,2025-10-30,24:00,4,68
Muntiacus_reevesi,2025-10-31,7:00,4,68
Muntiacus_reevesi,2025-10-31,8:00,4,68
Muntiacus_reevesi,2025-10-31,9:00,4,68
Muntiacus_reevesi,2025-11-01,1:00,4,68
Muntiacus_reevesi,2025-11-01,4:00,4,68
Muntiacus_reevesi,2025-11-01,8:00,4,68
Muntiacus_reevesi,2025-11-01,8:00,4,68
Muntiacus_reevesi,2025-11-01,23:00,4,68
Muntiacus_reevesi,2025-11-02,6:00,4,68
Muntiacus_reevesi,2025-11-02,9:00,4,68
Muntiacus_reevesi,2025-11-02,9:00,4,68
Muntiacus_reevesi,2025-11-02,18:00,4,68
Muntiacus_reevesi,2025-11-02,19:00,4,68
Muntiacus_reevesi,2025-11-02,23:00,4,68
Muntiacus_reevesi,2025-11-03,5:00,4,68
Muntiacus_reevesi,2025-11-03,5:00,4,68
Muntiacus_reevesi,2025-11-03,7:00,4,68
Muntiacus_reevesi,2025-11-04,0:00,4,68
Muntiacus_reevesi,2025-11-05,7:00,4,68
Muntiacus_reevesi,2025-11-05,8:00,4,68
Muntiacus_reevesi,2025-11-05,8:00,4,68
Muntiacus_reevesi,2025-11-05,9:00,4,68
Muntiacus_reevesi,2025-11-05,18:00,4,68
Muntiacus_reevesi,2025-11-05,19:00,4,68
Muntiacus_reevesi,2025-11-05,24:00,4,68
Muntiacus_reevesi,2025-11-06,3:00,4,68
Muntiacus_reevesi,2025-11-06,18:00,4,68
Muntiacus_reevesi,2025-11-06,18:00,4,68
Muntiacus_reevesi,2025-11-07,2:00,4,68
Muntiacus_reevesi,2025-11-07,18:00,4,68
Muntiacus_reevesi,2025-11-07,20:00,4,68
Muntiacus_reevesi,2025-11-07,23:00,4,68
Muntiacus_reevesi,2025-11-08,1:00,4,68
Muntiacus_reevesi,2025-11-08,3:00,4,68
Muntiacus_reevesi,2025-11-08,7:00,4,68
Muntiacus_reevesi,2025-11-08,8:00,4,68
Muntiacus_reevesi,2025-11-08,8:00,4,68
Muntiacus_reevesi,2025-11-08,18:00,4,68
Muntiacus_reevesi,2025-11-08,23:00,4,68
Muntiacus_reevesi,2025-11-09,1:00,4,68
Muntiacus_reevesi,2025-11-09,2:00,4,68
Muntiacus_reevesi,2025-11-09,5:00,4,68
Muntiacus_reevesi,2025-11-09,9:00,4,68
Muntiacus_reevesi,2025-11-09,11:00,4,68
Muntiacus_reevesi,2025-11-09,20:00,4,68
Muntiacus_reevesi,2025-11-09,21:00,4,68
Muntiacus_reevesi,2025-11-10,3:00,4,68
Muntiacus_reevesi,2025-11-10,4:00,4,68
Muntiacus_reevesi,2025-11-10,7:00,4,68
Muntiacus_reevesi,2025-11-10,7:00,4,68
Muntiacus_reevesi,2025-11-10,8:00,4,68
Muntiacus_reevesi,2025-11-10,10:00,4,68
Muntiacus_reevesi,2025-11-10,23:00,4,68
Muntiacus_reevesi,2025-11-11,2:00,4,68
Muntiacus_reevesi,2025-11-11,17:00,4,68
Muntiacus_reevesi,2025-11-11,18:00,4,68
Muntiacus_reevesi,2025-11-11,20:00,4,68
Muntiacus_reevesi,2025-11-11,22:00,4,68
Muntiacus_reevesi,2025-11-11,23:00,4,68
Muntiacus_reevesi,2025-11-12,8:00,4,68
Muntiacus_reevesi,2025-11-12,9:00,4,68
Muntiacus_reevesi,2025-11-12,9:00,4,68
Muntiacus_reevesi,2025-11-13,2:00,4,68
Muntiacus_reevesi,2025-11-13,2:00,4,68
Muntiacus_reevesi,2025-11-13,6:00,4,68
Muntiacus_reevesi,2025-11-13,7:00,4,68
Muntiacus_reevesi,2025-11-13,8:00,4,68
Muntiacus_reevesi,2025-11-13,9:00,4,68
Muntiacus_reevesi,2025-11-13,23:00,4,68
Muntiacus_reevesi,2025-11-14,4:00,4,68
Muntiacus_reevesi,2025-11-14,5:00,4,68
Muntiacus_reevesi,2025-11-14,8:00,4,68
Muntiacus_reevesi,2025-11-14,9:00,4,68
Muntiacus_reevesi,2025-11-14,18:00,4,68
Muntiacus_reevesi,2025-11-14,20:00,4,68
Muntiacus_reevesi,2025-11-14,20:00,4,68
Muntiacus_reevesi,2025-11-14,22:00,4,68
Muntiacus_reevesi,2025-11-14,24:00,4,68
Muntiacus_reevesi,2025-11-15,6:00,4,68
Muntiacus_reevesi,2025-11-15,6:00,4,68
Muntiacus_reevesi,2025-11-15,7:00,4,68
Muntiacus_reevesi,2025-11-15,9:00,4,68
Muntiacus_reevesi,2025-11-15,12:00,4,68
Muntiacus_reevesi,2025-11-16,14:00,4,68
Muntiacus_reevesi,2025-11-16,16:00,4,68
Muntiacus_reevesi,2025-11-16,18:00,4,68
Muntiacus_reevesi,2025-11-17,4:00,4,68
Muntiacus_reevesi,2025-11-17,10:00,4,68
Muntiacus_reevesi,2025-11-17,17:00,4,68
Muntiacus_reevesi,2025-11-17,19:00,4,68
Muntiacus_reevesi,2025-11-17,24:00,4,68
Muntiacus_reevesi,2025-11-18,9:00,4,68
Muntiacus_reevesi,2025-11-18,16:00,4,68
Muntiacus_reevesi,2025-11-18,17:00,4,68
Muntiacus_reevesi,2025-11-18,19:00,4,68
Muntiacus_reevesi,2025-11-18,23:00,4,68
Muntiacus_reevesi,2025-11-19,0:00,4,68
Muntiacus_reevesi,2025-11-19,6:00,4,68
Muntiacus_reevesi,2025-11-19,8:00,4,68
Muntiacus_reevesi,2025-11-19,17:00,4,68
Muntiacus_reevesi,2025-11-19,18:00,4,68
Muntiacus_reevesi,2025-11-19,21:00,4,68
Muntiacus_reevesi,2025-11-20,3:00,4,68
Muntiacus_reevesi,2025-11-20,9:00,4,68
Muntiacus_reevesi,2025-11-20,17:00,4,68
Muntiacus_reevesi,2025-11-20,17:00,4,68
Muntiacus_reevesi,2025-11-20,21:00,4,68
Muntiacus_reevesi,2025-11-20,23:00,4,68
Muntiacus_reevesi,2025-11-21,5:00,4,68
Muntiacus_reevesi,2025-11-21,8:00,4,68
Muntiacus_reevesi,2025-11-21,11:00,4,68
Muntiacus_reevesi,2025-11-21,14:00,4,68
Muntiacus_reevesi,2025-11-21,18:00,4,68
Muntiacus_reevesi,2025-11-22,18:00,4,68
Muntiacus_reevesi,2025-11-22,19:00,4,68
Muntiacus_reevesi,2025-11-22,20:00,4,68
Muntiacus_reevesi,2025-11-23,0:00,4,68
Muntiacus_reevesi,2025-11-23,3:00,4,68
Muntiacus_reevesi,2025-11-23,10:00,4,68
Muntiacus_reevesi,2025-11-23,18:00,4,68
Muntiacus_reevesi,2025-11-23,24:00,4,68
Muntiacus_reevesi,2025-11-24,1:00,4,68
Muntiacus_reevesi,2025-11-24,5:00,4,68
Oryctolagus_cuniculus,2025-10-08,23:00,4,68
Oryctolagus_cuniculus,2025-10-09,3:00,4,68
Oryctolagus_cuniculus,2025-10-10,7:00,4,68
Oryctolagus_cuniculus,2025-10-10,19:00,4,68
Oryctolagus_cuniculus,2025-10-10,22:00,4,68
Oryctolagus_cuniculus,2025-10-11,4:00,4,68
Oryctolagus_cuniculus,2025-10-11,5:00,4,68
Oryctolagus_cuniculus,2025-10-12,1:00,4,68
Oryctolagus_cuniculus,2025-10-12,2:00,4,68
Oryctolagus_cuniculus,2025-10-13,22:00,4,68
Oryctolagus_cuniculus,2025-10-14,3:00,4,68
Oryctolagus_cuniculus,2025-10-14,4:00,4,68
Oryctolagus_cuniculus,2025-10-14,5:00,4,68
Oryctolagus_cuniculus,2025-10-15,4:00,4,68
Oryctolagus_cuniculus,2025-10-15,6:00,4,68
Oryctolagus_cuniculus,2025-10-15,20:00,4,68
Oryctolagus_cuniculus,2025-10-16,21:00,4,68
Oryctolagus_cuniculus,2025-10-16,23:00,4,68
Oryctolagus_cuniculus,2025-10-16,23:00,4,68
Oryctolagus_cuniculus,2025-10-17,24:00,4,68
Oryctolagus_cuniculus,2025-10-19,3:00,4,68
Oryctolagus_cuniculus,2025-10-20,2:00,4,68
Oryctolagus_cuniculus,2025-10-20,4:00,4,68
Oryctolagus_cuniculus,2025-10-20,5:00,4,68
Oryctolagus_cuniculus,2025-10-21,24:00,4,68
Oryctolagus_cuniculus,2025-10-22,2:00,4,68
Oryctolagus_cuniculus,2025-10-22,3:00,4,68
Oryctolagus_cuniculus,2025-10-22,5:00,4,68
Oryctolagus_cuniculus,2025-10-22,6:00,4,68
Oryctolagus_cuniculus,2025-10-24,3:00,4,68
Oryctolagus_cuniculus,2025-10-24,22:00,4,68
Oryctolagus_cuniculus,2025-10-25,5:00,4,68
Oryctolagus_cuniculus,2025-10-25,19:00,4,68
Oryctolagus_cuniculus,2025-10-25,21:00,4,68
Oryctolagus_cuniculus,2025-10-27,6:00,4,68
Oryctolagus_cuniculus,2025-10-27,7:00,4,68
Oryctolagus_cuniculus,2025-10-29,19:00,4,68
Oryctolagus_cuniculus,2025-10-29,20:00,4,68
Oryctolagus_cuniculus,2025-10-30,1:00,4,68
Oryctolagus_cuniculus,2025-10-30,4:00,4,68
Oryctolagus_cuniculus,2025-10-30,5:00,4,68
Oryctolagus_cuniculus,2025-10-30,5:00,4,68
Oryctolagus_cuniculus,2025-10-30,6:00,4,68
Oryctolagus_cuniculus,2025-10-30,7:00,4,68
Oryctolagus_cuniculus,2025-10-30,19:00,4,68
Oryctolagus_cuniculus,2025-10-30,19:00,4,68
Oryctolagus_cuniculus,2025-10-30,21:00,4,68
Oryctolagus_cuniculus,2025-11-01,23:00,4,68
Oryctolagus_cuniculus,2025-11-01,24:00,4,68
Oryctolagus_cuniculus,2025-11-02,1:00,4,68
Oryctolagus_cuniculus,2025-11-02,4:00,4,68
Oryctolagus_cuniculus,2025-11-02,5:00,4,68
Oryctolagus_cuniculus,2025-11-02,19:00,4,68
Oryctolagus_cuniculus,2025-11-03,3:00,4,68
Oryctolagus_cuniculus,2025-11-03,20:00,4,68
Oryctolagus_cuniculus,2025-11-04,4:00,4,68
Oryctolagus_cuniculus,2025-11-04,19:00,4,68
Oryctolagus_cuniculus,2025-11-05,3:00,4,68
Oryctolagus_cuniculus,2025-11-05,7:00,4,68
Oryctolagus_cuniculus,2025-11-07,7:00,4,68
Oryctolagus_cuniculus,2025-11-08,4:00,4,68
Oryctolagus_cuniculus,2025-11-08,7:00,4,68
Oryctolagus_cuniculus,2025-11-08,20:00,4,68
Oryctolagus_cuniculus,2025-11-08,24:00,4,68
Oryctolagus_cuniculus,2025-11-09,3:00,4,68
Oryctolagus_cuniculus,2025-11-09,7:00,4,68
Oryctolagus_cuniculus,2025-11-11,1:00,4,68
Oryctolagus_cuniculus,2025-11-11,3:00,4,68
Oryctolagus_cuniculus,2025-11-11,6:00,4,68
Oryctolagus_cuniculus,2025-11-11,19:00,4,68
Oryctolagus_cuniculus,2025-11-12,4:00,4,68
Oryctolagus_cuniculus,2025-11-12,19:00,4,68
Oryctolagus_cuniculus,2025-11-12,21:00,4,68
Oryctolagus_cuniculus,2025-11-13,2:00,4,68
Oryctolagus_cuniculus,2025-11-13,7:00,4,68
Oryctolagus_cuniculus,2025-11-14,2:00,4,68
Oryctolagus_cuniculus,2025-11-14,4:00,4,68
Oryctolagus_cuniculus,2025-11-15,8:00,4,68
Oryctolagus_cuniculus,2025-11-15,18:00,4,68
Oryctolagus_cuniculus,2025-11-16,4:00,4,68
Oryctolagus_cuniculus,2025-11-16,5:00,4,68
Oryctolagus_cuniculus,2025-11-18,2:00,4,68
Oryctolagus_cuniculus,2025-11-18,8:00,4,68
Oryctolagus_cuniculus,2025-11-19,21:00,4,68
Oryctolagus_cuniculus,2025-11-20,3:00,4,68
Oryctolagus_cuniculus,2025-11-21,6:00,4,68
Oryctolagus_cuniculus,2025-11-21,18:00,4,68
Oryctolagus_cuniculus,2025-11-21,24:00,4,68
Oryctolagus_cuniculus,2025-11-22,6:00,4,68
Oryctolagus_cuniculus,2025-11-23,1:00,4,68
Oryctolagus_cuniculus,2025-11-23,1:00,4,68
Phasianus_colchicus,2025-11-01,17:00,4,68
Sciurus_carolinensis,2025-10-09,8:00,4,68
Sciurus_carolinensis,2025-10-12,16:00,4,68
Sciurus_carolinensis,2025-10-20,17:00,4,68
Sciurus_carolinensis,2025-10-22,14:00,4,68
Sciurus_carolinensis,2025-10-24,8:00,4,68
Sciurus_carolinensis,2025-10-30,11:00,4,68
Sciurus_carolinensis,2025-10-31,9:00,4,68
Sciurus_carolinensis,2025-11-02,10:00,4,68
Sciurus_carolinensis,2025-11-04,18:00,4,68
Sciurus_carolinensis,2025-11-06,15:00,4,68
Sciurus_carolinensis,2025-11-08,9:00,4,68
Sciurus_carolinensis,2025-11-08,17:00,4,68
Sciurus_carolinensis,2025-11-12,8:00,4,68
Sciurus_carolinensis,2025-11-13,8:00,4,68
Sciurus_carolinensis,2025-11-13,10:00,4,68
Sciurus_carolinensis,2025-11-13,14:00,4,68
Sciurus_carolinensis,2025-11-13,15:00,4,68
Sciurus_carolinensis,2025-11-15,8:00,4,68
Sciurus_carolinensis,2025-11-17,17:00,4,68
Sciurus_carolinensis,2025-11-21,15:00,4,68
Sciurus_carolinensis,2025-11-21,16:00,4,68
Sciurus_carolinensis,2025-11-21,17:00,4,68
Vulpes_vulpes,2025-10-09,7:00,4,68
Vulpes_vulpes,2025-10-10,3:00,4,68
Vulpes_vulpes,2025-10-12,21:00,4,68
Vulpes_vulpes,2025-10-13,7:00,4,68
Vulpes_vulpes,2025-10-13,19:00,4,68
Vulpes_vulpes,2025-10-14,19:00,4,68
Vulpes_vulpes,2025-10-15,7:00,4,68
Vulpes_vulpes,2025-10-15,8:00,4,68
Vulpes_vulpes,2025-10-15,19:00,4,68
Vulpes_vulpes,2025-10-16,20:00,4,68
Vulpes_vulpes,2025-10-17,6:00,4,68
Vulpes_vulpes,2025-10-17,19:00,4,68
Vulpes_vulpes,2025-10-20,4:00,4,68
Vulpes_vulpes,2025-10-20,7:00,4,68
Vulpes_vulpes,2025-10-21,7:00,4,68
Vulpes_vulpes,2025-10-24,19:00,4,68
Vulpes_vulpes,2025-10-25,19:00,4,68
Vulpes_vulpes,2025-10-30,19:00,4,68
Vulpes_vulpes,2025-10-30,24:00,4,68
Vulpes_vulpes,2025-10-31,9:00,4,68
Vulpes_vulpes,2025-10-31,9:00,4,68
Vulpes_vulpes,2025-10-31,20:00,4,68
Vulpes_vulpes,2025-11-02,6:00,4,68
Vulpes_vulpes,2025-11-06,18:00,4,68
Vulpes_vulpes,2025-11-18,8:00,4,68
Vulpes_vulpes,2025-11-20,5:00,4,68
Homo_sapiens,2025-10-08,11:00,5,16
Muntiacus_reevesi,2025-10-09,7:00,5,16
Muntiacus_reevesi,2025-10-09,7:00,5,16
Muntiacus_reevesi,2025-10-10,8:00,5,16
Sciurus_carolinensis,2025-10-10,17:00,5,16
Muntiacus_reevesi,2025-10-11,9:00,5,16
Sciurus_carolinensis,2025-10-11,12:00,5,16
Muntiacus_reevesi,2025-10-11,14:00,5,16
Muntiacus_reevesi,2025-10-14,8:00,5,16
Sciurus_carolinensis,2025-10-14,13:00,5,16
Sciurus_carolinensis,2025-10-14,17:00,5,16
Muntiacus_reevesi,2025-10-15,17:00,5,16
Sciurus_carolinensis,2025-10-15,17:00,5,16
Sciurus_carolinensis,2025-10-16,13:00,5,16
Muntiacus_reevesi,2025-10-17,16:00,5,16
Muntiacus_reevesi,2025-10-17,23:00,5,16
Muntiacus_reevesi,2025-10-18,8:00,5,16
Muntiacus_reevesi,2025-10-18,18:00,5,16
Sciurus_carolinensis,2025-10-19,10:00,5,16
Sciurus_carolinensis,2025-10-22,11:00,5,16
Sciurus_carolinensis,2025-10-22,17:00,5,16
Muntiacus_reevesi,2025-10-23,12:00,5,16
Muntiacus_reevesi,2025-10-23,13:00,5,16
Sciurus_carolinensis,2025-10-23,13:00,5,16
Muntiacus_reevesi,2025/10/23,15:00,5,16
Muntiacus_reevesi,2025/10/23,15:00,5,16
Muntiacus_reevesi,2025/10/24,1:00,5,16
Muntiacus_reevesi,2025/10/24,9:00,5,16
Muntiacus_reevesi,2025/10/24,17:00,5,16
Muntiacus_reevesi,2025/10/24,18:00,5,16
Muntiacus_reevesi,2025/10/24,20:00,5,16
Muntiacus_reevesi,2025/10/25,6:00,5,16
Muntiacus_reevesi,2025/10/25,17:00,5,16
Muntiacus_reevesi,2025/10/25,18:00,5,16
Muntiacus_reevesi,2025/10/26,6:00,5,16
Muntiacus_reevesi,2025/10/26,11:00,5,16
Muntiacus_reevesi,2025/10/27,7:00,5,16
Sciurus_carolinensis,2025/10/28,10:00,5,16
Phasianus_colchicus,2025/10/28,11:00,5,16
Muntiacus_reevesi,2025/10/29,9:00,5,16
Muntiacus_reevesi,2025/10/29,9:00,5,16
Sciurus_carolinensis,2025/10/29,9:00,5,16
Muntiacus_reevesi,2025/10/29,10:00,5,16
Muntiacus_reevesi,2025/10/29,14:00,5,16
Muntiacus_reevesi,2025/10/29,18:00,5,16
Muntiacus_reevesi,2025/10/29,20:00,5,16
Muntiacus_reevesi,2025/10/29,23:00,5,16
Muntiacus_reevesi,2025/10/30,8:00,5,16
Muntiacus_reevesi,2025/10/30,10:00,5,16
Muntiacus_reevesi,2025/10/30,17:00,5,16
Muntiacus_reevesi,2025/10/30,22:00,5,16
Muntiacus_reevesi,2025/10/31,16:00,5,16
Sciurus_carolinensis,2025/11/1,10:00,5,16
Sciurus_carolinensis,2025/11/1,16:00,5,16
Muntiacus_reevesi,2025/11/2,17:00,5,16
Muntiacus_reevesi,2025/11/2,20:00,5,16
Phasianus_colchicus,2025/11/3,8:00,5,16
Muntiacus_reevesi,2025/11/3,8:00,5,16
Muntiacus_reevesi,2025/11/4,4:00,5,16
Muntiacus_reevesi,2025/11/4,8:00,5,16
Muntiacus_reevesi,2025/11/4,12:00,5,16
Muntiacus_reevesi,2025/11/4,17:00,5,16
Muntiacus_reevesi,2025/11/5,1:00,5,16
Muntiacus_reevesi,2025/11/5,8:00,5,16
Muntiacus_reevesi,2025/11/5,21:00,5,16
Muntiacus_reevesi,2025/11/6,3:00,5,16
Muntiacus_reevesi,2025/11/6,11:00,5,16
Sciurus_carolinensis,2025/11/6,16:00,5,16
Muntiacus_reevesi,2025/11/6,22:00,5,16
Muntiacus_reevesi,2025/11/6,23:00,5,16
Muntiacus_reevesi,2025/11/7,16:00,5,16
Muntiacus_reevesi,2025/11/7,18:00,5,16
Muntiacus_reevesi,2025/11/8,4:00,5,16
Muntiacus_reevesi,2025/11/8,8:00,5,16
Sciurus_carolinensis,2025/11/8,16:00,5,16
Muntiacus_reevesi,2025/11/8,23:00,5,16
Muntiacus_reevesi,2025/11/9,4:00,5,16
Muntiacus_reevesi,2025/11/9,8:00,5,16
Muntiacus_reevesi,2025/11/9,10:00,5,16
Sciurus_carolinensis,2025/11/9,17:00,5,16
Capreolus_capreolus,2025/11/10,6:00,5,16
Sciurus_carolinensis,2025/11/10,11:00,5,16
Sciurus_carolinensis,2025/11/10,12:00,5,16
Muntiacus_reevesi,2025/11/10,15:00,5,16
Muntiacus_reevesi,2025/11/10,18:00,5,16
Muntiacus_reevesi,2025/11/10,18:00,5,16
Muntiacus_reevesi,2025/11/10,24:00,5,16
Muntiacus_reevesi,2025/11/11,9:00,5,16
Muntiacus_reevesi,2025/11/11,15:00,5,16
Muntiacus_reevesi,2025/11/12,8:00,5,16
Sciurus_carolinensis,2025/11/12,11:00,5,16
Muntiacus_reevesi,2025/11/12,16:00,5,16
Muntiacus_reevesi,2025/11/13,3:00,5,16
Muntiacus_reevesi,2025/11/13,4:00,5,16
Muntiacus_reevesi,2025/11/13,9:00,5,16
Muntiacus_reevesi,2025/11/13,10:00,5,16
Muntiacus_reevesi,2025/11/13,16:00,5,16
Muntiacus_reevesi,2025/11/13,18:00,5,16
Muntiacus_reevesi,2025/11/14,5:00,5,16
Muntiacus_reevesi,2025/11/14,9:00,5,16
Sciurus_carolinensis,2025/11/14,16:00,5,16
Muntiacus_reevesi,2025/11/14,17:00,5,16
Muntiacus_reevesi,2025/11/15,10:00,5,16
Sciurus_carolinensis,2025/11/15,13:00,5,16
Sciurus_carolinensis,2025/11/15,14:00,5,16
Columba_palumbus,2025/11/15,16:00,5,16
Muntiacus_reevesi,2025/11/15,18:00,5,16
Muntiacus_reevesi,2025-11-16,2:00,5,16
Muntiacus_reevesi,2025-11-16,17:00,5,16
Muntiacus_reevesi,2025-11-16,18:00,5,16
Muntiacus_reevesi,2025-11-16,21:00,5,16
Muntiacus_reevesi,2025-11-17,2:00,5,16
Muntiacus_reevesi,2025-11-17,5:00,5,16
Muntiacus_reevesi,2025-11-17,6:00,5,16
Muntiacus_reevesi,2025-11-17,8:00,5,16
Muntiacus_reevesi,2025-11-17,9:00,5,16
Columba_palumbus,2025-11-17,12:00,5,16
Muntiacus_reevesi,2025-11-18,9:00,5,16
Muntiacus_reevesi,2025-11-18,10:00,5,16
Sciurus_carolinensis,2025-11-18,15:00,5,16
Muntiacus_reevesi,2025-11-18,17:00,5,16
Muntiacus_reevesi,2025-11-19,1:00,5,16
Capreolus_capreolus,2025-11-19,13:00,5,16
Muntiacus_reevesi,2025-11-19,18:00,5,16
Muntiacus_reevesi,2025-11-19,23:00,5,16
Muntiacus_reevesi,2025-11-19,24:00,5,16
Muntiacus_reevesi,2025-11-20,2:00,5,16
Muntiacus_reevesi,2025-11-20,8:00,5,16
Muntiacus_reevesi,2025-11-20,9:00,5,16
Sciurus_carolinensis,2025-11-20,10:00,5,16
Columba_palumbus,2025-11-20,11:00,5,16
Muntiacus_reevesi,2025-11-20,13:00,5,16
Muntiacus_reevesi,2025-11-20,17:00,5,16
Muntiacus_reevesi,2025-11-21,1:00,5,16
Muntiacus_reevesi,2025-11-21,12:00,5,16
Sciurus_carolinensis,2025-11-21,14:00,5,16
Muntiacus_reevesi,2025-11-21,18:00,5,16
Muntiacus_reevesi,2025-11-22,4:00,5,16
Muntiacus_reevesi,2025-11-22,8:00,5,16
Muntiacus_reevesi,2025-11-22,11:00,5,16
Muntiacus_reevesi,2025-11-22,15:00,5,16
Muntiacus_reevesi,2025-11-23,17:00,5,16
Muntiacus_reevesi,2025-11-24,1:00,5,16
Muntiacus_reevesi,2025-11-24,6:00,5,16
Homo_sapiens,2025-11-24,12:00,5,16
Muntiacus_reevesi,09/10/2025,7:00,5,16
Muntiacus_reevesi,09/10/2025,7:00,5,16
Muntiacus_reevesi,10/10/2025,8:00,5,16
Sciurus_carolinensis,10/10/2025,17:00,5,16
Muntiacus_reevesi,11/10/2025,9:00,5,16
Sciurus_carolinensis,11/10/2025,12:00,5,16
Muntiacus_reevesi,11/10/2025,14:00,5,16
Muntiacus_reevesi,14/10/2025,8:00,5,16
Sciurus_carolinensis,14/10/2025,13:00,5,16
Sciurus_carolinensis,14/10/2025,17:00,5,16
Muntiacus_reevesi,15/10/2025,17:00,5,16
Sciurus_carolinensis,15/10/2025,17:00,5,16
Sciurus_carolinensis,16/10/2025,13:00,5,16
Muntiacus_reevesi,17/10/2025,16:00,5,16
Muntiacus_reevesi,17/10/2025,23:00,5,16
Muntiacus_reevesi,18/10/2025,8:00,5,16
Muntiacus_reevesi,18/10/2025,18:00,5,16
Sciurus_carolinensis,19/10/2025,10:00,5,16
Sciurus_carolinensis,22/10/2025,11:00,5,16
Sciurus_carolinensis,22/10/2025,17:00,5,16
Muntiacus_reevesi,23/10/2025,12:00,5,16
Muntiacus_reevesi,23/10/2025,13:00,5,16
Sciurus_carolinensis,23/10/2025,13:00,5,16
Muntiacus_reevesi,23/10/2025,15:00,5,16
Muntiacus_reevesi,23/10/2025,15:00,5,16
Muntiacus_reevesi,24/10/2025,1:00,5,16
Muntiacus_reevesi,24/10/2025,9:00,5,16
Muntiacus_reevesi,24/10/2025,17:00,5,16
Muntiacus_reevesi,24/10/2025,18:00,5,16
Muntiacus_reevesi,24/10/2025,20:00,5,16
Muntiacus_reevesi,25/10/2025,6:00,5,16
Muntiacus_reevesi,25/10/2025,17:00,5,16
Muntiacus_reevesi,25/10/2025,18:00,5,16
Muntiacus_reevesi,26/10/2025,6:00,5,16
Muntiacus_reevesi,26/10/2025,11:00,5,16
Muntiacus_reevesi,27/10/2025,7:00,5,16
Sciurus_carolinensis,28/10/2025,10:00,5,16
Phasianus_colchicus,28/10/2025,11:00,5,16
Muntiacus_reevesi,29/10/2025,9:00,5,16
Muntiacus_reevesi,29/10/2025,9:00,5,16
Sciurus_carolinensis,29/10/2025,9:00,5,16
Muntiacus_reevesi,29/10/2025,10:00,5,16
Muntiacus_reevesi,29/10/2025,14:00,5,16
Muntiacus_reevesi,29/10/2025,18:00,5,16
Muntiacus_reevesi,29/10/2025,20:00,5,16
Muntiacus_reevesi,29/10/2025,23:00,5,16
Muntiacus_reevesi,30/10/2025,8:00,5,16
Muntiacus_reevesi,30/10/2025,10:00,5,16
Muntiacus_reevesi,30/10/2025,17:00,5,16
Muntiacus_reevesi,30/10/2025,22:00,5,16
Muntiacus_reevesi,31/10/2025,16:00,5,16
Sciurus_carolinensis,01/11/2025,10:00,5,16
Sciurus_carolinensis,01/11/2025,16:00,5,16
Muntiacus_reevesi,02/11/2025,17:00,5,16
Muntiacus_reevesi,02/11/2025,20:00,5,16
Phasianus_colchicus,03/11/2025,8:00,5,16
Muntiacus_reevesi,03/11/2025,8:00,5,16
Muntiacus_reevesi,04/11/2025,4:00,5,16
Muntiacus_reevesi,04/11/2025,8:00,5,16
Muntiacus_reevesi,04/11/2025,12:00,5,16
Muntiacus_reevesi,04/11/2025,17:00,5,16
Muntiacus_reevesi,05/11/2025,1:00,5,16
Muntiacus_reevesi,05/11/2025,8:00,5,16
Muntiacus_reevesi,05/11/2025,21:00,5,16
Muntiacus_reevesi,06/11/2025,3:00,5,16
Muntiacus_reevesi,06/11/2025,11:00,5,16
Sciurus_carolinensis,06/11/2025,16:00,5,16
Muntiacus_reevesi,06/11/2025,22:00,5,16
Muntiacus_reevesi,06/11/2025,23:00,5,16
Muntiacus_reevesi,07/11/2025,16:00,5,16
Muntiacus_reevesi,07/11/2025,18:00,5,16
Muntiacus_reevesi,08/11/2025,4:00,5,16
Muntiacus_reevesi,08/11/2025,8:00,5,16
Sciurus_carolinensis,08/11/2025,16:00,5,16
Muntiacus_reevesi,08/11/2025,23:00,5,16
Muntiacus_reevesi,09/11/2025,4:00,5,16
Muntiacus_reevesi,09/11/2025,8:00,5,16
Muntiacus_reevesi,09/11/2025,10:00,5,16
Sciurus_carolinensis,09/11/2025,17:00,5,16
Capreolus_capreolus,10/11/2025,6:00,5,16
Sciurus_carolinensis,10/11/2025,11:00,5,16
Sciurus_carolinensis,10/11/2025,12:00,5,16
Muntiacus_reevesi,10/11/2025,15:00,5,16
Muntiacus_reevesi,10/11/2025,18:00,5,16
Muntiacus_reevesi,10/11/2025,18:00,5,16
Muntiacus_reevesi,10/11/2025,24:00,5,16
Muntiacus_reevesi,11/11/2025,9:00,5,16
Muntiacus_reevesi,11/11/2025,15:00,5,16
Muntiacus_reevesi,12/11/2025,8:00,5,16
Sciurus_carolinensis,12/11/2025,11:00,5,16
Muntiacus_reevesi,12/11/2025,16:00,5,16
Muntiacus_reevesi,13/11/2025,3:00,5,16
Muntiacus_reevesi,13/11/2025,4:00,5,16
Muntiacus_reevesi,13/11/2025,9:00,5,16
Muntiacus_reevesi,13/11/2025,10:00,5,16
Muntiacus_reevesi,13/11/2025,16:00,5,16
Muntiacus_reevesi,13/11/2025,18:00,5,16
Muntiacus_reevesi,14/11/2025,5:00,5,16
Muntiacus_reevesi,14/11/2025,9:00,5,16
Sciurus_carolinensis,14/11/2025,16:00,5,16
Muntiacus_reevesi,14/11/2025,17:00,5,16
Muntiacus_reevesi,15/11/2025,10:00,5,16
Sciurus_carolinensis,15/11/2025,13:00,5,16
Sciurus_carolinensis,15/11/2025,14:00,5,16
Columba_palumbus,15/11/2025,16:00,5,16
Muntiacus_reevesi,15/11/2025,18:00,5,16
Muntiacus_reevesi,16/11/2025,2:00,5,16
Muntiacus_reevesi,16/11/2025,17:00,5,16
Muntiacus_reevesi,16/11/2025,18:00,5,16
Muntiacus_reevesi,16/11/2025,21:00,5,16
Muntiacus_reevesi,17/11/2025,2:00,5,16
Muntiacus_reevesi,17/11/2025,5:00,5,16
Muntiacus_reevesi,17/11/2025,6:00,5,16
Muntiacus_reevesi,17/11/2025,8:00,5,16
Muntiacus_reevesi,17/11/2025,9:00,5,16
Columba_palumbus,17/11/2025,12:00,5,16
Muntiacus_reevesi,18/11/2025,9:00,5,16
Muntiacus_reevesi,18/11/2025,10:00,5,16
Sciurus_carolinensis,18/11/2025,15:00,5,16
Muntiacus_reevesi,18/11/2025,17:00,5,16
Muntiacus_reevesi,19/11/2025,1:00,5,16
Capreolus_capreolus,19/11/2025,13:00,5,16
Muntiacus_reevesi,19/11/2025,18:00,5,16
Muntiacus_reevesi,19/11/2025,23:00,5,16
Muntiacus_reevesi,19/11/2025,24:00,5,16
Muntiacus_reevesi,20/11/2025,2:00,5,16
Muntiacus_reevesi,20/11/2025,8:00,5,16
Muntiacus_reevesi,20/11/2025,9:00,5,16
Sciurus_carolinensis,20/11/2025,10:00,5,16
Columba_palumbus,20/11/2025,11:00,5,16
Muntiacus_reevesi,20/11/2025,13:00,5,16
Muntiacus_reevesi,20/11/2025,17:00,5,16
Muntiacus_reevesi,21/11/2025,1:00,5,16
Muntiacus_reevesi,21/11/2025,12:00,5,16
Sciurus_carolinensis,21/11/2025,14:00,5,16
Muntiacus_reevesi,21/11/2025,18:00,5,16
Muntiacus_reevesi,22/11/2025,4:00,5,16
Muntiacus_reevesi,22/11/2025,8:00,5,16
Muntiacus_reevesi,22/11/2025,11:00,5,16
Muntiacus_reevesi,22/11/2025,15:00,5,16
Muntiacus_reevesi,23/11/2025,17:00,5,16
Muntiacus_reevesi,24/11/2025,1:00,5,16
Muntiacus_reevesi,24/11/2025,6:00,5,16
Capreolus_capreolus,2025-11-10,6:00,5,16
Columba_palumbus,2025-11-15,16:00,5,16
Muntiacus_reevesi,2025-11-05,21:00,5,16
Muntiacus_reevesi,2025-11-06,3:00,5,16
Muntiacus_reevesi,2025-11-06,11:00,5,16
Muntiacus_reevesi,2025-11-06,22:00,5,16
Muntiacus_reevesi,2025-11-06,23:00,5,16
Muntiacus_reevesi,2025-11-07,16:00,5,16
Muntiacus_reevesi,2025-11-07,18:00,5,16
Muntiacus_reevesi,2025-11-08,4:00,5,16
Muntiacus_reevesi,2025-11-08,8:00,5,16
Muntiacus_reevesi,2025-11-08,23:00,5,16
Muntiacus_reevesi,2025-11-09,4:00,5,16
Muntiacus_reevesi,2025-11-09,8:00,5,16
Muntiacus_reevesi,2025-11-09,10:00,5,16
Muntiacus_reevesi,2025-11-10,15:00,5,16
Muntiacus_reevesi,2025-11-10,18:00,5,16
Muntiacus_reevesi,2025-11-10,18:00,5,16
Muntiacus_reevesi,2025-11-10,24:00,5,16
Muntiacus_reevesi,2025-11-11,9:00,5,16
Muntiacus_reevesi,2025-11-11,15:00,5,16
Muntiacus_reevesi,2025-11-12,8:00,5,16
Muntiacus_reevesi,2025-11-12,16:00,5,16
Muntiacus_reevesi,2025-11-13,3:00,5,16
Muntiacus_reevesi,2025-11-13,4:00,5,16
Muntiacus_reevesi,2025-11-13,9:00,5,16
Muntiacus_reevesi,2025-11-13,10:00,5,16
Muntiacus_reevesi,2025-11-13,16:00,5,16
Muntiacus_reevesi,2025-11-13,18:00,5,16
Muntiacus_reevesi,2025-11-14,5:00,5,16
Muntiacus_reevesi,2025-11-14,9:00,5,16
Muntiacus_reevesi,2025-11-14,17:00,5,16
Muntiacus_reevesi,2025-11-15,10:00,5,16
Muntiacus_reevesi,2025-11-15,18:00,5,16
Sciurus_carolinensis,2025-11-06,16:00,5,16
Sciurus_carolinensis,2025-11-08,16:00,5,16
Sciurus_carolinensis,2025-11-09,17:00,5,16
Sciurus_carolinensis,2025-11-10,11:00,5,16
Sciurus_carolinensis,2025-11-10,12:00,5,16
Sciurus_carolinensis,2025-11-12,11:00,5,16
Sciurus_carolinensis,2025-11-14,16:00,5,16
Sciurus_carolinensis,2025-11-15,13:00,5,16
Sciurus_carolinensis,2025-11-15,14:00,5,16
Muntiacus_reevesi,2025-10-23,15:00,5,16
Muntiacus_reevesi,2025-10-23,15:00,5,16
Muntiacus_reevesi,2025-10-24,1:00,5,16
Muntiacus_reevesi,2025-10-24,9:00,5,16
Muntiacus_reevesi,2025-10-24,17:00,5,16
Muntiacus_reevesi,2025-10-24,18:00,5,16
Muntiacus_reevesi,2025-10-24,20:00,5,16
Muntiacus_reevesi,2025-10-25,6:00,5,16
Muntiacus_reevesi,2025-10-25,17:00,5,16
Muntiacus_reevesi,2025-10-25,18:00,5,16
Muntiacus_reevesi,2025-10-26,6:00,5,16
Muntiacus_reevesi,2025-10-26,11:00,5,16
Muntiacus_reevesi,2025-10-27,7:00,5,16
Muntiacus_reevesi,2025-10-29,9:00,5,16
Muntiacus_reevesi,2025-10-29,9:00,5,16
Muntiacus_reevesi,2025-10-29,10:00,5,16
Muntiacus_reevesi,2025-10-29,14:00,5,16
Muntiacus_reevesi,2025-10-29,18:00,5,16
Muntiacus_reevesi,2025-10-29,20:00,5,16
Muntiacus_reevesi,2025-10-29,23:00,5,16
Muntiacus_reevesi,2025-10-30,8:00,5,16
Muntiacus_reevesi,2025-10-30,10:00,5,16
Muntiacus_reevesi,2025-10-30,17:00,5,16
Muntiacus_reevesi,2025-10-30,22:00,5,16
Muntiacus_reevesi,2025-10-31,16:00,5,16
Muntiacus_reevesi,2025-11-02,17:00,5,16
Muntiacus_reevesi,2025-11-02,20:00,5,16
Muntiacus_reevesi,2025-11-03,8:00,5,16
Muntiacus_reevesi,2025-11-04,4:00,5,16
Muntiacus_reevesi,2025-11-04,8:00,5,16
Muntiacus_reevesi,2025-11-04,12:00,5,16
Muntiacus_reevesi,2025-11-04,17:00,5,16
Muntiacus_reevesi,2025-11-05,1:00,5,16
Muntiacus_reevesi,2025-11-05,8:00,5,16
Phasianus_colchicus,2025-10-28,11:00,5,16
Phasianus_colchicus,2025-11-03,8:00,5,16
Sciurus_carolinensis,2025-10-28,10:00,5,16
Sciurus_carolinensis,2025-10-29,9:00,5,16
Sciurus_carolinensis,2025-11-01,10:00,5,16
Sciurus_carolinensis,2025-11-01,16:00,5,16
Muntiacus_reevesi,2025-10-11,9:00,5,16
Muntiacus_reevesi,2025-10-11,14:00,5,16
Muntiacus_reevesi,2025-10-14,8:00,5,16
Muntiacus_reevesi,2025-10-15,17:00,5,16
Muntiacus_reevesi,2025-10-17,16:00,5,16
Muntiacus_reevesi,2025-10-17,23:00,5,16
Muntiacus_reevesi,2025-10-18,8:00,5,16
Muntiacus_reevesi,2025-10-18,18:00,5,16
Muntiacus_reevesi,2025-10-23,12:00,5,16
Muntiacus_reevesi,2025-10-23,13:00,5,16
Sciurus_carolinensis,2025-10-10,17:00,5,16
Sciurus_carolinensis,2025-10-11,12:00,5,16
Sciurus_carolinensis,2025-10-14,13:00,5,16
Sciurus_carolinensis,2025-10-14,17:00,5,16
Sciurus_carolinensis,2025-10-15,17:00,5,16
Sciurus_carolinensis,2025-10-16,13:00,5,16
Sciurus_carolinensis,2025-10-19,10:00,5,16
Sciurus_carolinensis,2025-10-22,11:00,5,16
Sciurus_carolinensis,2025-10-22,17:00,5,16
Capreolus_capreolus,2025-11-19,13:00,5,16
Columba_palumbus,2025-11-17,12:00,5,16
Columba_palumbus,2025-11-20,11:00,5,16
Homo_sapiens,2025-11-24,12:00,5,16
Muntiacus_reevesi,2025-11-16,2:00,5,16
Muntiacus_reevesi,2025-11-16,17:00,5,16
Muntiacus_reevesi,2025-11-16,18:00,5,16
Muntiacus_reevesi,2025-11-16,21:00,5,16
Muntiacus_reevesi,2025-11-17,2:00,5,16
Muntiacus_reevesi,2025-11-17,5:00,5,16
Muntiacus_reevesi,2025-11-17,6:00,5,16
Muntiacus_reevesi,2025-11-17,8:00,5,16
Muntiacus_reevesi,2025-11-17,9:00,5,16
Muntiacus_reevesi,2025-11-18,9:00,5,16
Muntiacus_reevesi,2025-11-18,10:00,5,16
Muntiacus_reevesi,2025-11-18,17:00,5,16
Muntiacus_reevesi,2025-11-19,1:00,5,16
Muntiacus_reevesi,2025-11-19,18:00,5,16
Muntiacus_reevesi,2025-11-19,23:00,5,16
Muntiacus_reevesi,2025-11-19,24:00,5,16
Muntiacus_reevesi,2025-11-20,2:00,5,16
Muntiacus_reevesi,2025-11-20,8:00,5,16
Muntiacus_reevesi,2025-11-20,9:00,5,16
Muntiacus_reevesi,2025-11-20,13:00,5,16
Muntiacus_reevesi,2025-11-20,17:00,5,16
Muntiacus_reevesi,2025-11-21,1:00,5,16
Muntiacus_reevesi,2025-11-21,12:00,5,16
Muntiacus_reevesi,2025-11-21,18:00,5,16
Muntiacus_reevesi,2025-11-22,4:00,5,16
Muntiacus_reevesi,2025-11-22,8:00,5,16
Muntiacus_reevesi,2025-11-22,11:00,5,16
Muntiacus_reevesi,2025-11-22,15:00,5,16
Muntiacus_reevesi,2025-11-23,17:00,5,16
Muntiacus_reevesi,2025-11-24,1:00,5,16
Muntiacus_reevesi,2025-11-24,6:00,5,16
Sciurus_carolinensis,2025-11-18,15:00,5,16
Sciurus_carolinensis,2025-11-20,10:00,5,16
Sciurus_carolinensis,2025-11-21,14:00,5,16
Capreolus_capreolus,2025-10-14,20:00,7,45
Capreolus_capreolus,2025-10-19,12:00,7,45
Capreolus_capreolus,2025-10-19,13:00,7,45
Capreolus_capreolus,2025-10-20,15:00,7,45
Capreolus_capreolus,2025-10-23,17:00,7,45
Capreolus_capreolus,2025-10-25,10:00,7,45
Capreolus_capreolus,2025-11-01,10:00,7,45
Capreolus_capreolus,2025-11-02,11:00,7,45
Columba_palumbus,2025-10-12,18:00,7,45
Columba_palumbus,2025-10-26,10:00,7,45
Columba_palumbus,2025-11-20,12:00,7,45
Muntiacus_reevesi,2025-10-08,19:00,7,45
Muntiacus_reevesi,2025-10-08,20:00,7,45
Muntiacus_reevesi,2025-10-09,3:00,7,45
Muntiacus_reevesi,2025-10-09,7:00,7,45
Muntiacus_reevesi,2025-10-09,18:00,7,45
Muntiacus_reevesi,2025-10-09,20:00,7,45
Muntiacus_reevesi,2025-10-10,9:00,7,45
Muntiacus_reevesi,2025-10-10,18:00,7,45
Muntiacus_reevesi,2025-10-11,9:00,7,45
Muntiacus_reevesi,2025-10-11,15:00,7,45
Muntiacus_reevesi,2025-10-11,19:00,7,45
Muntiacus_reevesi,2025-10-12,8:00,7,45
Muntiacus_reevesi,2025-10-12,9:00,7,45
Muntiacus_reevesi,2025-10-12,17:00,7,45
Muntiacus_reevesi,2025-10-12,18:00,7,45
Muntiacus_reevesi,2025-10-13,9:00,7,45
Muntiacus_reevesi,2025-10-13,12:00,7,45
Muntiacus_reevesi,2025-10-13,15:00,7,45
Muntiacus_reevesi,2025-10-14,4:00,7,45
Muntiacus_reevesi,2025-10-14,8:00,7,45
Muntiacus_reevesi,2025-10-14,9:00,7,45
Muntiacus_reevesi,2025-10-14,9:00,7,45
Muntiacus_reevesi,2025-10-15,20:00,7,45
Muntiacus_reevesi,2025-10-16,2:00,7,45
Muntiacus_reevesi,2025-10-16,7:00,7,45
Muntiacus_reevesi,2025-10-16,8:00,7,45
Muntiacus_reevesi,2025-10-16,17:00,7,45
Muntiacus_reevesi,2025-10-17,17:00,7,45
Muntiacus_reevesi,2025-10-18,14:00,7,45
Muntiacus_reevesi,2025-10-18,15:00,7,45
Muntiacus_reevesi,2025-10-18,16:00,7,45
Muntiacus_reevesi,2025-10-19,13:00,7,45
Muntiacus_reevesi,2025-10-20,17:00,7,45
Muntiacus_reevesi,2025-10-21,15:00,7,45
Muntiacus_reevesi,2025-10-21,15:00,7,45
Muntiacus_reevesi,2025-10-21,18:00,7,45
Muntiacus_reevesi,2025-10-22,1:00,7,45
Muntiacus_reevesi,2025-10-22,14:00,7,45
Muntiacus_reevesi,2025-10-22,17:00,7,45
Muntiacus_reevesi,2025-10-23,15:00,7,45
Muntiacus_reevesi,2025-10-27,9:00,7,45
Muntiacus_reevesi,2025-10-30,17:00,7,45
Muntiacus_reevesi,2025-11-02,11:00,7,45
Muntiacus_reevesi,2025-11-02,16:00,7,45
Muntiacus_reevesi,2025-11-03,9:00,7,45
Muntiacus_reevesi,2025-11-08,10:00,7,45
Muntiacus_reevesi,2025-11-09,9:00,7,45
Muntiacus_reevesi,2025-11-09,16:00,7,45
Muntiacus_reevesi,2025-11-10,15:00,7,45
Muntiacus_reevesi,2025-11-12,10:00,7,45
Muntiacus_reevesi,2025-11-13,13:00,7,45
Muntiacus_reevesi,2025-11-15,10:00,7,45
Muntiacus_reevesi,2025-11-18,16:00,7,45
Muntiacus_reevesi,2025-11-21,10:00,7,45
Muntiacus_reevesi,2025-11-21,11:00,7,45
Muntiacus_reevesi,2025-11-21,14:00,7,45
Muntiacus_reevesi,2025-11-22,15:00,7,45
Oryctolagus_cuniculus,2025-10-08,22:00,7,45
Oryctolagus_cuniculus,2025-10-10,4:00,7,45
Oryctolagus_cuniculus,2025-10-10,21:00,7,45
Oryctolagus_cuniculus,2025-10-11,24:00,7,45
Oryctolagus_cuniculus,2025-10-12,5:00,7,45
Oryctolagus_cuniculus,2025-10-12,21:00,7,45
Oryctolagus_cuniculus,2025-10-14,17:00,7,45
Oryctolagus_cuniculus,2025-10-19,5:00,7,45
Oryctolagus_cuniculus,2025-10-20,23:00,7,45
Oryctolagus_cuniculus,2025-10-21,7:00,7,45
Oryctolagus_cuniculus,2025-10-21,24:00,7,45
Oryctolagus_cuniculus,2025-10-23,15:00,7,45
Oryctolagus_cuniculus,2025-10-24,16:00,7,45
Oryctolagus_cuniculus,2025-10-25,16:00,7,45
Oryctolagus_cuniculus,2025-11-04,10:00,7,45
Oryctolagus_cuniculus,2025-11-08,9:00,7,45
Phasianus_colchicus,2025-10-08,12:00,7,45
Phasianus_colchicus,2025-10-08,15:00,7,45
Phasianus_colchicus,2025-10-09,14:00,7,45
Phasianus_colchicus,2025-10-09,18:00,7,45
Phasianus_colchicus,2025-10-12,17:00,7,45
Phasianus_colchicus,2025-10-14,8:00,7,45
Phasianus_colchicus,2025-10-15,17:00,7,45
Phasianus_colchicus,2025-10-16,8:00,7,45
Phasianus_colchicus,2025-10-16,17:00,7,45
Phasianus_colchicus,2025-10-17,15:00,7,45
Phasianus_colchicus,2025-10-17,18:00,7,45
Phasianus_colchicus,2025-10-20,17:00,7,45
Phasianus_colchicus,2025-10-22,15:00,7,45
Phasianus_colchicus,2025-10-23,13:00,7,45
Phasianus_colchicus,2025-10-23,13:00,7,45
Phasianus_colchicus,2025-10-23,15:00,7,45
Phasianus_colchicus,2025-10-24,14:00,7,45
Phasianus_colchicus,2025-10-24,16:00,7,45
Phasianus_colchicus,2025-10-25,9:00,7,45
Phasianus_colchicus,2025-10-26,14:00,7,45
Phasianus_colchicus,2025-10-26,16:00,7,45
Phasianus_colchicus,2025-10-30,12:00,7,45
Phasianus_colchicus,2025-10-31,15:00,7,45
Phasianus_colchicus,2025-11-01,13:00,7,45
Phasianus_colchicus,2025-11-01,16:00,7,45
Phasianus_colchicus,2025-11-02,11:00,7,45
Phasianus_colchicus,2025-11-02,16:00,7,45
Phasianus_colchicus,2025-11-03,17:00,7,45
Phasianus_colchicus,2025-11-04,16:00,7,45
Phasianus_colchicus,2025-11-05,16:00,7,45
Phasianus_colchicus,2025-11-06,16:00,7,45
Phasianus_colchicus,2025-11-07,15:00,7,45
Phasianus_colchicus,2025-11-12,15:00,7,45
Phasianus_colchicus,2025-11-20,15:00,7,45
Phasianus_colchicus,2025-11-20,16:00,7,45
Phasianus_colchicus,2025-11-21,14:00,7,45
Phasianus_colchicus,2025-11-23,14:00,7,45
Sciurus_carolinensis,2025-10-08,13:00,7,45
Sciurus_carolinensis,2025-10-09,10:00,7,45
Sciurus_carolinensis,2025-10-09,12:00,7,45
Sciurus_carolinensis,2025-10-10,13:00,7,45
Sciurus_carolinensis,2025-10-10,13:00,7,45
Sciurus_carolinensis,2025-10-11,8:00,7,45
Sciurus_carolinensis,2025-10-11,10:00,7,45
Sciurus_carolinensis,2025-10-12,9:00,7,45
Sciurus_carolinensis,2025-10-12,12:00,7,45
Sciurus_carolinensis,2025-10-13,12:00,7,45
Sciurus_carolinensis,2025-10-13,14:00,7,45
Sciurus_carolinensis,2025-10-14,13:00,7,45
Sciurus_carolinensis,2025-10-14,15:00,7,45
Sciurus_carolinensis,2025-10-14,16:00,7,45
Sciurus_carolinensis,2025-10-15,10:00,7,45
Sciurus_carolinensis,2025-10-15,12:00,7,45
Sciurus_carolinensis,2025-10-16,10:00,7,45
Sciurus_carolinensis,2025-10-16,12:00,7,45
Sciurus_carolinensis,2025-10-16,18:00,7,45
Sciurus_carolinensis,2025-10-17,9:00,7,45
Sciurus_carolinensis,2025-10-17,16:00,7,45
Sciurus_carolinensis,2025-10-17,17:00,7,45
Sciurus_carolinensis,2025-10-18,15:00,7,45
Sciurus_carolinensis,2025-10-19,9:00,7,45
Sciurus_carolinensis,2025-10-19,12:00,7,45
Sciurus_carolinensis,2025-10-19,13:00,7,45
Sciurus_carolinensis,2025-10-19,14:00,7,45
Sciurus_carolinensis,2025-10-20,8:00,7,45
Sciurus_carolinensis,2025-10-20,16:00,7,45
Sciurus_carolinensis,2025-10-20,17:00,7,45
Sciurus_carolinensis,2025-10-21,13:00,7,45
Sciurus_carolinensis,2025-10-21,17:00,7,45
Sciurus_carolinensis,2025-10-22,9:00,7,45
Sciurus_carolinensis,2025-10-22,10:00,7,45
Sciurus_carolinensis,2025-10-22,12:00,7,45
Sciurus_carolinensis,2025-10-22,14:00,7,45
Sciurus_carolinensis,2025-10-22,15:00,7,45
Sciurus_carolinensis,2025-10-22,16:00,7,45
Sciurus_carolinensis,2025-10-23,16:00,7,45
Sciurus_carolinensis,2025-10-24,11:00,7,45
Sciurus_carolinensis,2025-10-24,11:00,7,45
Sciurus_carolinensis,2025-10-24,13:00,7,45
Sciurus_carolinensis,2025-10-24,15:00,7,45
Sciurus_carolinensis,2025-10-25,9:00,7,45
Sciurus_carolinensis,2025-10-25,10:00,7,45
Sciurus_carolinensis,2025-10-26,13:00,7,45
Sciurus_carolinensis,2025-10-26,14:00,7,45
Sciurus_carolinensis,2025-10-26,14:00,7,45
Sciurus_carolinensis,2025-10-26,16:00,7,45
Sciurus_carolinensis,2025-10-27,16:00,7,45
Sciurus_carolinensis,2025-10-28,13:00,7,45
Sciurus_carolinensis,2025-10-28,14:00,7,45
Sciurus_carolinensis,2025-10-28,14:00,7,45
Sciurus_carolinensis,2025-10-28,15:00,7,45
Sciurus_carolinensis,2025-10-29,11:00,7,45
Sciurus_carolinensis,2025-10-29,12:00,7,45
Sciurus_carolinensis,2025-10-29,15:00,7,45
Sciurus_carolinensis,2025-10-30,10:00,7,45
Sciurus_carolinensis,2025-10-30,10:00,7,45
Sciurus_carolinensis,2025-10-30,16:00,7,45
Sciurus_carolinensis,2025-10-31,10:00,7,45
Sciurus_carolinensis,2025-10-31,15:00,7,45
Sciurus_carolinensis,2025-10-31,15:00,7,45
Sciurus_carolinensis,2025-11-01,11:00,7,45
Sciurus_carolinensis,2025-11-01,12:00,7,45
Sciurus_carolinensis,2025-11-01,14:00,7,45
Sciurus_carolinensis,2025-11-01,15:00,7,45
Sciurus_carolinensis,2025-11-02,15:00,7,45
Sciurus_carolinensis,2025-11-03,9:00,7,45
Sciurus_carolinensis,2025-11-03,10:00,7,45
Sciurus_carolinensis,2025-11-03,11:00,7,45
Sciurus_carolinensis,2025-11-03,15:00,7,45
Sciurus_carolinensis,2025-11-04,12:00,7,45
Sciurus_carolinensis,2025-11-04,12:00,7,45
Sciurus_carolinensis,2025-11-04,13:00,7,45
Sciurus_carolinensis,2025-11-04,15:00,7,45
Sciurus_carolinensis,2025-11-05,11:00,7,45
Sciurus_carolinensis,2025-11-06,13:00,7,45
Sciurus_carolinensis,2025-11-06,15:00,7,45
Sciurus_carolinensis,2025-11-06,15:00,7,45
Sciurus_carolinensis,2025-11-06,16:00,7,45
Sciurus_carolinensis,2025-11-07,10:00,7,45
Sciurus_carolinensis,2025-11-07,11:00,7,45
Sciurus_carolinensis,2025-11-07,13:00,7,45
Sciurus_carolinensis,2025-11-07,16:00,7,45
Sciurus_carolinensis,2025-11-08,9:00,7,45
Sciurus_carolinensis,2025-11-08,10:00,7,45
Sciurus_carolinensis,2025-11-08,11:00,7,45
Sciurus_carolinensis,2025-11-08,13:00,7,45
Sciurus_carolinensis,2025-11-08,14:00,7,45
Sciurus_carolinensis,2025-11-08,16:00,7,45
Sciurus_carolinensis,2025-11-09,9:00,7,45
Sciurus_carolinensis,2025-11-09,11:00,7,45
Sciurus_carolinensis,2025-11-09,12:00,7,45
Sciurus_carolinensis,2025-11-09,13:00,7,45
Sciurus_carolinensis,2025-11-09,16:00,7,45
Sciurus_carolinensis,2025-11-10,10:00,7,45
Sciurus_carolinensis,2025-11-10,11:00,7,45
Sciurus_carolinensis,2025-11-11,10:00,7,45
Sciurus_carolinensis,2025-11-11,15:00,7,45
Sciurus_carolinensis,2025-11-12,15:00,7,45
Sciurus_carolinensis,2025-11-13,12:00,7,45
Sciurus_carolinensis,2025-11-13,14:00,7,45
Sciurus_carolinensis,2025-11-13,15:00,7,45
Sciurus_carolinensis,2025-11-15,10:00,7,45
Sciurus_carolinensis,2025-11-17,11:00,7,45
Sciurus_carolinensis,2025-11-17,12:00,7,45
Sciurus_carolinensis,2025-11-17,13:00,7,45
Sciurus_carolinensis,2025-11-17,14:00,7,45
Sciurus_carolinensis,2025-11-17,16:00,7,45
Sciurus_carolinensis,2025-11-18,11:00,7,45
Sciurus_carolinensis,2025-11-18,15:00,7,45
Sciurus_carolinensis,2025-11-19,15:00,7,45
Sciurus_carolinensis,2025-11-21,10:00,7,45
Sciurus_carolinensis,2025-11-21,11:00,7,45
Sciurus_carolinensis,2025-11-23,10:00,7,45
Sciurus_carolinensis,2025-11-23,12:00,7,45
Sciurus_carolinensis,2025-11-23,14:00,7,45
Vulpes_vulpes,2025-10-20,6:00,7,45
Vulpes_vulpes,2025-11-21,15:00,7,45
Capreolus_capreolus,10/10/2025,8:00,12,NHM4
Capreolus_capreolus,13/10/2025,10:00,12,NHM4
Capreolus_capreolus,15/10/2025,9:00,12,NHM4
Capreolus_capreolus,17/10/2025,21:00,12,NHM4
Capreolus_capreolus,18/10/2025,1:00,12,NHM4
Capreolus_capreolus,20/10/2025,20:00,12,NHM4
Capreolus_capreolus,22/10/2025,8:00,12,NHM4
Capreolus_capreolus,25/10/2025,19:00,12,NHM4
Capreolus_capreolus,30/10/2025,7:00,12,NHM4
Capreolus_capreolus,30/10/2025,20:00,12,NHM4
Capreolus_capreolus,04/11/2025,19:00,12,NHM4
Capreolus_capreolus,05/11/2025,7:00,12,NHM4
Capreolus_capreolus,08/11/2025,20:00,12,NHM4
Capreolus_capreolus,17/11/2025,15:00,12,NHM4
Capreolus_capreolus,20/11/2025,5:00,12,NHM4
Capreolus_capreolus,20/11/2025,15:00,12,NHM4
Capreolus_capreolus,21/11/2025,8:00,12,NHM4
Columba_palumbus,20/11/2025,17:00,12,NHM4
domestic_dog,18/11/2025,16:00,12,NHM4
Meles_meles,16/10/2025,1:00,12,NHM4
Meles_meles,19/10/2025,5:00,12,NHM4
Meles_meles,09/10/2025,3:00,12,NHM4
Meles_meles,25/10/2025,4:00,12,NHM4
Meles_meles,07/11/2025,18:00,12,NHM4
Meles_meles,07/11/2025,21:00,12,NHM4
Meles_meles,11/11/2025,1:00,12,NHM4
Meles_meles,17/11/2025,4:00,12,NHM4
Muntiacus_reevesi,09/10/2025,9:00,12,NHM4
Muntiacus_reevesi,09/10/2025,20:00,12,NHM4
Muntiacus_reevesi,10/10/2025,6:00,12,NHM4
Muntiacus_reevesi,10/10/2025,18:00,12,NHM4
Muntiacus_reevesi,12/10/2025,22:00,12,NHM4
Muntiacus_reevesi,13/10/2025,3:00,12,NHM4
Muntiacus_reevesi,13/10/2025,4:00,12,NHM4
Muntiacus_reevesi,13/10/2025,7:00,12,NHM4
Muntiacus_reevesi,17/10/2025,0:00,12,NHM4
Muntiacus_reevesi,17/10/2025,8:00,12,NHM4
Muntiacus_reevesi,18/10/2025,20:00,12,NHM4
Muntiacus_reevesi,18/10/2025,23:00,12,NHM4
Muntiacus_reevesi,20/10/2025,19:00,12,NHM4
Muntiacus_reevesi,21/10/2025,1:00,12,NHM4
Muntiacus_reevesi,22/10/2025,18:00,12,NHM4
Muntiacus_reevesi,24/10/2025,1:00,12,NHM4
Muntiacus_reevesi,24/10/2025,18:00,12,NHM4
Muntiacus_reevesi,25/10/2025,5:00,12,NHM4
Muntiacus_reevesi,25/10/2025,7:00,12,NHM4
Muntiacus_reevesi,27/10/2025,1:00,12,NHM4
Muntiacus_reevesi,27/10/2025,2:00,12,NHM4
Muntiacus_reevesi,29/10/2025,5:00,12,NHM4
Muntiacus_reevesi,29/10/2025,24:00,12,NHM4
Muntiacus_reevesi,30/10/2025,16:00,12,NHM4
Muntiacus_reevesi,30/10/2025,20:00,12,NHM4
Muntiacus_reevesi,01/11/2025,13:00,12,NHM4
Muntiacus_reevesi,01/11/2025,16:00,12,NHM4
Muntiacus_reevesi,03/11/2025,4:00,12,NHM4
Muntiacus_reevesi,03/11/2025,19:00,12,NHM4
Muntiacus_reevesi,05/11/2025,6:00,12,NHM4
Muntiacus_reevesi,05/11/2025,17:00,12,NHM4
Muntiacus_reevesi,06/11/2025,5:00,12,NHM4
Muntiacus_reevesi,07/11/2025,2:00,12,NHM4
Muntiacus_reevesi,07/11/2025,2:00,12,NHM4
Muntiacus_reevesi,10/11/2025,4:00,12,NHM4
Muntiacus_reevesi,11/11/2025,18:00,12,NHM4
Muntiacus_reevesi,12/11/2025,23:00,12,NHM4
Muntiacus_reevesi,13/11/2025,4:00,12,NHM4
Muntiacus_reevesi,13/11/2025,8:00,12,NHM4
Muntiacus_reevesi,13/11/2025,17:00,12,NHM4
Muntiacus_reevesi,14/11/2025,6:00,12,NHM4
Muntiacus_reevesi,14/11/2025,21:00,12,NHM4
Muntiacus_reevesi,15/11/2025,16:00,12,NHM4
Muntiacus_reevesi,15/11/2025,22:00,12,NHM4
Muntiacus_reevesi,16/11/2025,5:00,12,NHM4
Muntiacus_reevesi,16/11/2025,21:00,12,NHM4
Muntiacus_reevesi,16/11/2025,22:00,12,NHM4
Muntiacus_reevesi,17/11/2025,7:00,12,NHM4
Muntiacus_reevesi,21/11/2025,7:00,12,NHM4
Muntiacus_reevesi,21/11/2025,16:00,12,NHM4
Muntiacus_reevesi,23/11/2025,17:00,12,NHM4
Muntiacus_reevesi,23/11/2025,21:00,12,NHM4
Muntiacus_reevesi,24/11/2025,3:00,12,NHM4
Oryctolagus_cuniculus,09/10/2025,3:00,12,NHM4
Oryctolagus_cuniculus,09/10/2025,5:00,12,NHM4
Oryctolagus_cuniculus,10/10/2025,7:00,12,NHM4
Oryctolagus_cuniculus,14/10/2025,7:00,12,NHM4
Oryctolagus_cuniculus,18/10/2025,6:00,12,NHM4
Oryctolagus_cuniculus,18/10/2025,7:00,12,NHM4
Oryctolagus_cuniculus,20/10/2025,1:00,12,NHM4
Oryctolagus_cuniculus,21/10/2025,7:00,12,NHM4
Oryctolagus_cuniculus,22/10/2025,3:00,12,NHM4
Oryctolagus_cuniculus,08/10/2025,19:00,12,NHM4
Oryctolagus_cuniculus,09/10/2025,2:00,12,NHM4
Oryctolagus_cuniculus,24/10/2025,7:00,12,NHM4
Oryctolagus_cuniculus,24/10/2025,18:00,12,NHM4
Oryctolagus_cuniculus,25/10/2025,7:00,12,NHM4
Oryctolagus_cuniculus,26/10/2025,7:00,12,NHM4
Oryctolagus_cuniculus,27/10/2025,6:00,12,NHM4
Oryctolagus_cuniculus,28/10/2025,17:00,12,NHM4
Oryctolagus_cuniculus,29/10/2025,6:00,12,NHM4
Oryctolagus_cuniculus,29/10/2025,7:00,12,NHM4
Oryctolagus_cuniculus,31/10/2025,7:00,12,NHM4
Oryctolagus_cuniculus,31/10/2025,17:00,12,NHM4
Oryctolagus_cuniculus,01/11/2025,7:00,12,NHM4
Oryctolagus_cuniculus,01/11/2025,9:00,12,NHM4
Oryctolagus_cuniculus,04/11/2025,6:00,12,NHM4
Oryctolagus_cuniculus,05/11/2025,6:00,12,NHM4
Oryctolagus_cuniculus,05/11/2025,7:00,12,NHM4
Oryctolagus_cuniculus,08/11/2025,6:00,12,NHM4
Oryctolagus_cuniculus,08/11/2025,23:00,12,NHM4
Oryctolagus_cuniculus,09/11/2025,6:00,12,NHM4
Oryctolagus_cuniculus,12/11/2025,6:00,12,NHM4
Oryctolagus_cuniculus,13/11/2025,17:00,12,NHM4
Oryctolagus_cuniculus,14/11/2025,21:00,12,NHM4
Oryctolagus_cuniculus,15/11/2025,6:00,12,NHM4
Oryctolagus_cuniculus,17/11/2025,17:00,12,NHM4
Oryctolagus_cuniculus,17/11/2025,21:00,12,NHM4
Oryctolagus_cuniculus,17/11/2025,23:00,12,NHM4
Oryctolagus_cuniculus,19/11/2025,21:00,12,NHM4
Oryctolagus_cuniculus,21/11/2025,5:00,12,NHM4
Oryctolagus_cuniculus,22/11/2025,3:00,12,NHM4
Oryctolagus_cuniculus,24/11/2025,7:00,12,NHM4
Phasianus_colchicus,13/10/2025,16:00,12,NHM4
Phasianus_colchicus,29/10/2025,15:00,12,NHM4
Phasianus_colchicus,09/11/2025,17:00,12,NHM4
Sciurus_carolinensis,09/10/2025,10:00,12,NHM4
Sciurus_carolinensis,09/10/2025,15:00,12,NHM4
Sciurus_carolinensis,09/10/2025,17:00,12,NHM4
Sciurus_carolinensis,11/10/2025,9:00,12,NHM4
Sciurus_carolinensis,11/10/2025,13:00,12,NHM4
Sciurus_carolinensis,12/10/2025,15:00,12,NHM4
Sciurus_carolinensis,12/10/2025,17:00,12,NHM4
Sciurus_carolinensis,13/10/2025,15:00,12,NHM4
Sciurus_carolinensis,14/10/2025,8:00,12,NHM4
Sciurus_carolinensis,14/10/2025,9:00,12,NHM4
Sciurus_carolinensis,15/10/2025,10:00,12,NHM4
Sciurus_carolinensis,15/10/2025,12:00,12,NHM4
Sciurus_carolinensis,15/10/2025,15:00,12,NHM4
Sciurus_carolinensis,15/10/2025,16:00,12,NHM4
Sciurus_carolinensis,16/10/2025,11:00,12,NHM4
Sciurus_carolinensis,16/10/2025,15:00,12,NHM4
Sciurus_carolinensis,17/10/2025,17:00,12,NHM4
Sciurus_carolinensis,19/10/2025,8:00,12,NHM4
Sciurus_carolinensis,19/10/2025,9:00,12,NHM4
Sciurus_carolinensis,19/10/2025,17:00,12,NHM4
Sciurus_carolinensis,20/10/2025,14:00,12,NHM4
Sciurus_carolinensis,21/10/2025,10:00,12,NHM4
Sciurus_carolinensis,21/10/2025,12:00,12,NHM4
Sciurus_carolinensis,21/10/2025,13:00,12,NHM4
Sciurus_carolinensis,21/10/2025,14:00,12,NHM4
Sciurus_carolinensis,22/10/2025,11:00,12,NHM4
Sciurus_carolinensis,22/10/2025,15:00,12,NHM4
Sciurus_carolinensis,22/10/2025,17:00,12,NHM4
Sciurus_carolinensis,08/10/2025,17:00,12,NHM4
Sciurus_carolinensis,22/10/2025,17:00,12,NHM4
Sciurus_carolinensis,24/10/2025,16:00,12,NHM4
Sciurus_carolinensis,26/10/2025,11:00,12,NHM4
Sciurus_carolinensis,26/10/2025,13:00,12,NHM4
Sciurus_carolinensis,27/10/2025,16:00,12,NHM4
Sciurus_carolinensis,28/10/2025,16:00,12,NHM4
Sciurus_carolinensis,29/10/2025,10:00,12,NHM4
Sciurus_carolinensis,30/10/2025,7:00,12,NHM4
Sciurus_carolinensis,30/10/2025,7:00,12,NHM4
Sciurus_carolinensis,30/10/2025,8:00,12,NHM4
Sciurus_carolinensis,30/10/2025,12:00,12,NHM4
Sciurus_carolinensis,30/10/2025,13:00,12,NHM4
Sciurus_carolinensis,30/10/2025,16:00,12,NHM4
Sciurus_carolinensis,31/10/2025,13:00,12,NHM4
Sciurus_carolinensis,01/11/2025,13:00,12,NHM4
Sciurus_carolinensis,02/11/2025,8:00,12,NHM4
Sciurus_carolinensis,02/11/2025,10:00,12,NHM4
Sciurus_carolinensis,02/11/2025,15:00,12,NHM4
Sciurus_carolinensis,04/11/2025,8:00,12,NHM4
Sciurus_carolinensis,05/11/2025,16:00,12,NHM4
Sciurus_carolinensis,06/11/2025,9:00,12,NHM4
Sciurus_carolinensis,06/11/2025,15:00,12,NHM4
Sciurus_carolinensis,07/11/2025,10:00,12,NHM4
Sciurus_carolinensis,07/11/2025,14:00,12,NHM4
Sciurus_carolinensis,09/11/2025,12:00,12,NHM4
Sciurus_carolinensis,09/11/2025,13:00,12,NHM4
Sciurus_carolinensis,09/11/2025,16:00,12,NHM4
Sciurus_carolinensis,12/11/2025,15:00,12,NHM4
Sciurus_carolinensis,13/11/2025,7:00,12,NHM4
Sciurus_carolinensis,13/11/2025,8:00,12,NHM4
Sciurus_carolinensis,13/11/2025,12:00,12,NHM4
Sciurus_carolinensis,13/11/2025,15:00,12,NHM4
Sciurus_carolinensis,15/11/2025,8:00,12,NHM4
Sciurus_carolinensis,16/11/2025,10:00,12,NHM4
Vulpes_vulpes,12/10/2025,19:00,12,NHM4
Vulpes_vulpes,18/10/2025,4:00,12,NHM4
Vulpes_vulpes,29/10/2025,17:00,12,NHM4
Vulpes_vulpes,10/11/2025,17:00,12,NHM4
Vulpes_vulpes,14/11/2025,9:00,12,NHM4
Vulpes_vulpes,16/11/2025,5:00,12,NHM4
Apodemus_sylvaticus,2025-11-21,20:00,13,108
Capreolus_capreolus,2025-10-20,14:00,13,108
Capreolus_capreolus,2025-10-23,18:00,13,108
Capreolus_capreolus,2025-10-23,24:00,13,108
Capreolus_capreolus,2025-10-25,18:00,13,108
Capreolus_capreolus,2025-10-26,17:00,13,108
Capreolus_capreolus,2025-10-26,19:00,13,108
Capreolus_capreolus,2025-10-27,1:00,13,108
Capreolus_capreolus,2025-11-02,17:00,13,108
Capreolus_capreolus,2025-11-04,4:00,13,108
Capreolus_capreolus,2025-11-10,15:00,13,108
Capreolus_capreolus,2025-11-11,24:00,13,108
Capreolus_capreolus,2025-11-21,13:00,13,108
Chiroptera sp.,2025-11-18,18:00,13,108
Homo_sapiens,2025-10-08,11:00,13,108
Homo_sapiens,2025-10-10,10:00,13,108
Homo_sapiens,2025-10-10,11:00,13,108
Muntiacus_reevesi,2025-10-11,1:00,13,108
Muntiacus_reevesi,2025-10-11,16:00,13,108
Muntiacus_reevesi,2025-10-13,7:00,13,108
Muntiacus_reevesi,2025-10-14,5:00,13,108
Muntiacus_reevesi,2025-10-15,1:00,13,108
Muntiacus_reevesi,2025-10-18,6:00,13,108
Muntiacus_reevesi,2025-10-18,18:00,13,108
Muntiacus_reevesi,2025-10-19,11:00,13,108
Muntiacus_reevesi,2025-10-22,5:00,13,108
Muntiacus_reevesi,2025-10-22,18:00,13,108
Muntiacus_reevesi,2025-10-24,18:00,13,108
Muntiacus_reevesi,2025-10-25,17:00,13,108
Muntiacus_reevesi,2025-10-26,18:00,13,108
Muntiacus_reevesi,2025-10-28,1:00,13,108
Muntiacus_reevesi,2025-10-30,7:00,13,108
Muntiacus_reevesi,2025-10-31,17:00,13,108
Muntiacus_reevesi,2025-11-01,18:00,13,108
Muntiacus_reevesi,2025-11-02,17:00,13,108
Muntiacus_reevesi,2025-11-02,18:00,13,108
Muntiacus_reevesi,2025-11-02,20:00,13,108
Muntiacus_reevesi,2025-11-02,23:00,13,108
Muntiacus_reevesi,2025-11-03,17:00,13,108
Muntiacus_reevesi,2025-11-04,4:00,13,108
Muntiacus_reevesi,2025-11-05,19:00,13,108
Muntiacus_reevesi,2025-11-06,6:00,13,108
Muntiacus_reevesi,2025-11-06,17:00,13,108
Muntiacus_reevesi,2025-11-06,18:00,13,108
Muntiacus_reevesi,2025-11-07,5:00,13,108
Muntiacus_reevesi,2025-11-07,5:00,13,108
Muntiacus_reevesi,2025-11-07,24:00,13,108
Muntiacus_reevesi,2025-11-08,2:00,13,108
Muntiacus_reevesi,2025-11-09,4:00,13,108
Muntiacus_reevesi,2025-11-10,15:00,13,108
Muntiacus_reevesi,2025-11-19,23:00,13,108
Muntiacus_reevesi,2025-11-20,3:00,13,108
Muntiacus_reevesi,2025-11-21,13:00,13,108
Muntiacus_reevesi,2025-11-22,8:00,13,108
Muntiacus_reevesi,2025-11-23,12:00,13,108
Muntiacus_reevesi,2025-11-24,10:00,13,108
Oryctolagus_cuniculus,2025-10-08,23:00,13,108
Phasianus_colchicus,2025-10-26,12:00,13,108
Phasianus_colchicus,2025-11-06,9:00,13,108
Phasianus_colchicus,2025-11-21,12:00,13,108
Sciurus_carolinensis,2025-10-08,17:00,13,108
Sciurus_carolinensis,2025-10-09,9:00,13,108
Sciurus_carolinensis,2025-10-09,12:00,13,108
Sciurus_carolinensis,2025-10-09,13:00,13,108
Sciurus_carolinensis,2025-10-09,16:00,13,108
Sciurus_carolinensis,2025-10-09,17:00,13,108
Sciurus_carolinensis,2025-10-10,10:00,13,108
Sciurus_carolinensis,2025-10-10,13:00,13,108
Sciurus_carolinensis,2025-10-10,14:00,13,108
Sciurus_carolinensis,2025-10-12,8:00,13,108
Sciurus_carolinensis,2025-10-12,8:00,13,108
Sciurus_carolinensis,2025-10-12,10:00,13,108
Sciurus_carolinensis,2025-10-12,12:00,13,108
Sciurus_carolinensis,2025-10-13,13:00,13,108
Sciurus_carolinensis,2025-10-13,15:00,13,108
Sciurus_carolinensis,2025-10-13,16:00,13,108
Sciurus_carolinensis,2025-10-14,9:00,13,108
Sciurus_carolinensis,2025-10-14,10:00,13,108
Sciurus_carolinensis,2025-10-14,13:00,13,108
Sciurus_carolinensis,2025-10-15,9:00,13,108
Sciurus_carolinensis,2025-10-16,9:00,13,108
Sciurus_carolinensis,2025-10-16,10:00,13,108
Sciurus_carolinensis,2025-10-16,14:00,13,108
Sciurus_carolinensis,2025-10-16,17:00,13,108
Sciurus_carolinensis,2025-10-16,18:00,13,108
Sciurus_carolinensis,2025-10-17,12:00,13,108
Sciurus_carolinensis,2025-10-17,14:00,13,108
Sciurus_carolinensis,2025-10-17,18:00,13,108
Sciurus_carolinensis,2025-10-18,16:00,13,108
Sciurus_carolinensis,2025-10-18,17:00,13,108
Sciurus_carolinensis,2025-10-19,8:00,13,108
Sciurus_carolinensis,2025-10-19,8:00,13,108
Sciurus_carolinensis,2025-10-19,10:00,13,108
Sciurus_carolinensis,2025-10-19,12:00,13,108
Sciurus_carolinensis,2025-10-19,13:00,13,108
Sciurus_carolinensis,2025-10-20,16:00,13,108
Sciurus_carolinensis,2025-10-21,8:00,13,108
Sciurus_carolinensis,2025-10-21,10:00,13,108
Sciurus_carolinensis,2025-10-21,12:00,13,108
Sciurus_carolinensis,2025-10-22,8:00,13,108
Sciurus_carolinensis,2025-10-22,12:00,13,108
Sciurus_carolinensis,2025-10-22,14:00,13,108
Sciurus_carolinensis,2025-10-22,15:00,13,108
Sciurus_carolinensis,2025-10-22,18:00,13,108
Sciurus_carolinensis,2025-10-24,11:00,13,108
Sciurus_carolinensis,2025-10-27,16:00,13,108
Sciurus_carolinensis,2025-10-28,9:00,13,108
Sciurus_carolinensis,2025-11-01,17:00,13,108
Sciurus_carolinensis,2025-11-03,8:00,13,108
Sciurus_carolinensis,2025-11-04,9:00,13,108
Sciurus_carolinensis,2025-11-05,10:00,13,108
Sciurus_carolinensis,2025-11-05,17:00,13,108
Sciurus_carolinensis,2025-11-06,16:00,13,108
Sciurus_carolinensis,2025-11-08,14:00,13,108
Sciurus_carolinensis,2025-11-09,17:00,13,108
Sciurus_carolinensis,2025-11-10,12:00,13,108
Sciurus_carolinensis,2025-11-13,13:00,13,108
Sciurus_carolinensis,2025-11-15,9:00,13,108
Sciurus_carolinensis,2025-11-15,13:00,13,108
Sciurus_carolinensis,2025-11-16,9:00,13,108
Sciurus_carolinensis,2025-11-17,16:00,13,108
Sciurus_carolinensis,2025-11-18,16:00,13,108
Sciurus_carolinensis,2025-11-20,14:00,13,108
Sciurus_carolinensis,2025-11-22,9:00,13,108
Sciurus_carolinensis,2025-11-23,10:00,13,108
Vulpes_vulpes,2025-10-15,23:00,13,108
Vulpes_vulpes,2025-10-17,1:00,13,108
Vulpes_vulpes,2025-10-17,19:00,13,108
Vulpes_vulpes,2025-10-18,13:00,13,108
Vulpes_vulpes,2025-11-12,7:00,13,108
Apodemus_sp,2025-11-21,20:00,13,108
Capreolus_capreolus,2025-10-18,18:00,13,108
Capreolus_capreolus,2025-10-20,14:00,13,108
Capreolus_capreolus,2025-10-23,24:00,13,108
Capreolus_capreolus,2025-10-25,18:00,13,108
Capreolus_capreolus,2025-10-26,19:00,13,108
Capreolus_capreolus,2025-11-03,17:00,13,108
Capreolus_capreolus,2025-11-21,13:00,13,108
Muntiacus_reevesi,2025-10-11,1:00,13,108
Muntiacus_reevesi,2025-10-11,16:00,13,108
Muntiacus_reevesi,2025-10-13,7:00,13,108
Muntiacus_reevesi,2025-10-14,5:00,13,108
Muntiacus_reevesi,2025-10-15,1:00,13,108
Muntiacus_reevesi,2025-10-18,6:00,13,108
Muntiacus_reevesi,2025-10-18,13:00,13,108
Muntiacus_reevesi,2025-10-18,18:00,13,108
Muntiacus_reevesi,2025-10-19,11:00,13,108
Muntiacus_reevesi,2025-10-21,17:00,13,108
Muntiacus_reevesi,2025-10-22,5:00,13,108
Muntiacus_reevesi,2025-10-23,18:00,13,108
Muntiacus_reevesi,2025-10-24,18:00,13,108
Muntiacus_reevesi,2025-10-25,17:00,13,108
Muntiacus_reevesi,2025-10-26,17:00,13,108
Muntiacus_reevesi,2025-10-26,18:00,13,108
Muntiacus_reevesi,2025-10-27,1:00,13,108
Muntiacus_reevesi,2025-10-28,1:00,13,108
Muntiacus_reevesi,2025-10-30,7:00,13,108
Muntiacus_reevesi,2025-10-31,17:00,13,108
Muntiacus_reevesi,2025-11-01,18:00,13,108
Muntiacus_reevesi,2025-11-02,17:00,13,108
Muntiacus_reevesi,2025-11-02,18:00,13,108
Muntiacus_reevesi,2025-11-02,20:00,13,108
Muntiacus_reevesi,2025-11-02,23:00,13,108
Muntiacus_reevesi,2025-11-03,17:00,13,108
Muntiacus_reevesi,2025-11-04,4:00,13,108
Muntiacus_reevesi,2025-11-05,19:00,13,108
Muntiacus_reevesi,2025-11-06,6:00,13,108
Muntiacus_reevesi,2025-11-06,17:00,13,108
Muntiacus_reevesi,2025-11-06,18:00,13,108
Muntiacus_reevesi,2025-11-07,5:00,13,108
Muntiacus_reevesi,2025-11-07,5:00,13,108
Muntiacus_reevesi,2025-11-07,6:00,13,108
Muntiacus_reevesi,2025-11-07,24:00,13,108
Muntiacus_reevesi,2025-11-08,2:00,13,108
Muntiacus_reevesi,2025-11-09,4:00,13,108
Muntiacus_reevesi,2025-11-10,15:00,13,108
Muntiacus_reevesi,2025-11-11,19:00,13,108
Muntiacus_reevesi,2025-11-11,24:00,13,108
Muntiacus_reevesi,2025-11-19,23:00,13,108
Muntiacus_reevesi,2025-11-22,8:00,13,108
Oryctolagus_cuniculus,2025-10-08,23:00,13,108
Phasianus_colchicus,2025-10-26,12:00,13,108
Phasianus_colchicus,2025-11-06,9:00,13,108
Phasianus_colchicus,2025-11-21,12:00,13,108
Sciurus_carolinensis,2025-10-08,17:00,13,108
Sciurus_carolinensis,2025-10-09,9:00,13,108
Sciurus_carolinensis,2025-10-09,12:00,13,108
Sciurus_carolinensis,2025-10-09,13:00,13,108
Sciurus_carolinensis,2025-10-09,16:00,13,108
Sciurus_carolinensis,2025-10-09,17:00,13,108
Sciurus_carolinensis,2025-10-10,13:00,13,108
Sciurus_carolinensis,2025-10-10,14:00,13,108
Sciurus_carolinensis,2025-10-10,18:00,13,108
Sciurus_carolinensis,2025-10-12,8:00,13,108
Sciurus_carolinensis,2025-10-12,10:00,13,108
Sciurus_carolinensis,2025-10-12,12:00,13,108
Sciurus_carolinensis,2025-10-12,16:00,13,108
Sciurus_carolinensis,2025-10-13,8:00,13,108
Sciurus_carolinensis,2025-10-13,13:00,13,108
Sciurus_carolinensis,2025-10-13,15:00,13,108
Sciurus_carolinensis,2025-10-13,16:00,13,108
Sciurus_carolinensis,2025-10-14,9:00,13,108
Sciurus_carolinensis,2025-10-14,10:00,13,108
Sciurus_carolinensis,2025-10-14,13:00,13,108
Sciurus_carolinensis,2025-10-15,9:00,13,108
Sciurus_carolinensis,2025-10-16,9:00,13,108
Sciurus_carolinensis,2025-10-16,10:00,13,108
Sciurus_carolinensis,2025-10-16,14:00,13,108
Sciurus_carolinensis,2025-10-16,17:00,13,108
Sciurus_carolinensis,2025-10-17,12:00,13,108
Sciurus_carolinensis,2025-10-17,14:00,13,108
Sciurus_carolinensis,2025-10-17,18:00,13,108
Sciurus_carolinensis,2025-10-18,16:00,13,108
Sciurus_carolinensis,2025-10-18,17:00,13,108
Sciurus_carolinensis,2025-10-19,8:00,13,108
Sciurus_carolinensis,2025-10-19,10:00,13,108
Sciurus_carolinensis,2025-10-19,12:00,13,108
Sciurus_carolinensis,2025-10-19,13:00,13,108
Sciurus_carolinensis,2025-10-20,16:00,13,108
Sciurus_carolinensis,2025-10-21,8:00,13,108
Sciurus_carolinensis,2025-10-21,10:00,13,108
Sciurus_carolinensis,2025-10-21,12:00,13,108
Sciurus_carolinensis,2025-10-21,18:00,13,108
Sciurus_carolinensis,2025-10-22,8:00,13,108
Sciurus_carolinensis,2025-10-22,12:00,13,108
Sciurus_carolinensis,2025-10-22,14:00,13,108
Sciurus_carolinensis,2025-10-22,15:00,13,108
Sciurus_carolinensis,2025-10-22,18:00,13,108
Sciurus_carolinensis,2025-10-24,8:00,13,108
Sciurus_carolinensis,2025-10-24,11:00,13,108
Sciurus_carolinensis,2025-10-25,8:00,13,108
Sciurus_carolinensis,2025-10-27,16:00,13,108
Sciurus_carolinensis,2025-10-28,9:00,13,108
Sciurus_carolinensis,2025-10-29,9:00,13,108
Sciurus_carolinensis,2025-10-29,10:00,13,108
Sciurus_carolinensis,2025-10-30,10:00,13,108
Sciurus_carolinensis,2025-11-01,17:00,13,108
Sciurus_carolinensis,2025-11-03,8:00,13,108
Sciurus_carolinensis,2025-11-04,4:00,13,108
Sciurus_carolinensis,2025-11-04,9:00,13,108
Sciurus_carolinensis,2025-11-05,10:00,13,108
Sciurus_carolinensis,2025-11-05,17:00,13,108
Sciurus_carolinensis,2025-11-06,16:00,13,108
Sciurus_carolinensis,2025-11-08,11:00,13,108
Sciurus_carolinensis,2025-11-08,14:00,13,108
Sciurus_carolinensis,2025-11-09,17:00,13,108
Sciurus_carolinensis,2025-11-10,12:00,13,108
Sciurus_carolinensis,2025-11-11,15:00,13,108
Sciurus_carolinensis,2025-11-12,9:00,13,108
Sciurus_carolinensis,2025-11-12,14:00,13,108
Sciurus_carolinensis,2025-11-12,15:00,13,108
Sciurus_carolinensis,2025-11-13,13:00,13,108
Sciurus_carolinensis,2025-11-15,9:00,13,108
Sciurus_carolinensis,2025-11-15,13:00,13,108
Sciurus_carolinensis,2025-11-16,9:00,13,108
Sciurus_carolinensis,2025-11-17,9:00,13,108
Sciurus_carolinensis,2025-11-17,16:00,13,108
Sciurus_carolinensis,2025-11-18,16:00,13,108
Sciurus_carolinensis,2025-11-20,14:00,13,108
Sciurus_carolinensis,2025-11-21,15:00,13,108
Sciurus_carolinensis,2025-11-22,9:00,13,108
Sciurus_carolinensis,2025-11-23,10:00,13,108
Sciurus_carolinensis,2025-11-23,12:00,13,108
Sciurus_carolinensis,2025-11-24,10:00,13,108
Vuples_vulpes,2025-10-15,23:00,13,108
Vuples_vulpes,2025-10-17,1:00,13,108
Vuples_vulpes,2025-10-17,19:00,13,108
Vuples_vulpes,2025-11-12,7:00,13,108
Vuples_vulpes,2025-11-20,3:00,13,108
Aix galericulata,2025-10-08,16:00,15,49
Capreolus capreolus,2025-10-14,3:00,15,49
Capreolus capreolus,2025-10-14,19:00,15,49
Capreolus capreolus,2025-10-16,3:00,15,49
Capreolus capreolus,2025-10-17,20:00,15,49
Capreolus capreolus,2025-10-23,4:00,15,49
Capreolus capreolus,2025-11-02,7:00,15,49
Capreolus capreolus,2025-11-05,8:00,15,49
Capreolus capreolus,2025-11-17,22:00,15,49
Capreolus capreolus,2025-11-23,5:00,15,49
Capreolus capreolus,2025-11-24,4:00,15,49
Columba palumbus,2025-11-13,13:00,15,49
Homo sapien,2025-10-08,11:00,15,49
Homo sapien,2025-11-24,11:00,15,49
Muntiacus reevesi,2025-10-23,18:00,15,49
Muntiacus reevesi,2025-10-30,2:00,15,49
Muntiacus reevesi,2025-10-31,0:00,15,49
Muntiacus reevesi,2025-11-04,17:00,15,49
Muntiacus reevesi,2025-11-04,23:00,15,49
Muntiacus reevesi,2025-11-05,0:00,15,49
Muntiacus reevesi,2025-11-05,2:00,15,49
Muntiacus reevesi,2025-11-05,3:00,15,49
Muntiacus reevesi,2025-11-05,23:00,15,49
Muntiacus reevesi,2025-11-10,23:00,15,49
Muntiacus reevesi,2025-11-12,5:00,15,49
Muntiacus reevesi,2025-11-15,1:00,15,49
Muntiacus reevesi,2025-11-15,3:00,15,49
Muntiacus reevesi,2025-11-18,7:00,15,49
Muntiacus reevesi,2025-11-19,2:00,15,49
Muntiacus reevesi,2025-11-20,22:00,15,49
Muntiacus reevesi,2025-11-21,24:00,15,49
Muntiacus reevesi,2025-11-23,5:00,15,49
Muntiacus reevesi,2025-11-24,4:00,15,49
Sciurus carolinensis,2025-10-10,13:00,15,49
Sciurus carolinensis,2025-10-11,10:00,15,49
Sciurus carolinensis,2025-10-12,9:00,15,49
Sciurus carolinensis,2025-10-12,17:00,15,49
Sciurus carolinensis,2025-10-13,9:00,15,49
Sciurus carolinensis,2025-10-13,16:00,15,49
Sciurus carolinensis,2025-10-23,18:00,15,49
Sciurus carolinensis,2025-10-30,2:00,15,49
Sciurus carolinensis,2025-10-31,0:00,15,49
Sciurus carolinensis,2025-11-02,11:00,15,49
Sciurus carolinensis,2025-11-06,17:00,15,49
Sciurus carolinensis,2025-11-07,10:00,15,49
Sciurus carolinensis,2025-11-09,10:00,15,49
Sciurus carolinensis,2025-11-13,10:00,15,49
Sciurus carolinensis,2025-11-13,13:00,15,49
Sciurus carolinensis,2025-11-15,11:00,15,49
Sciurus carolinensis,2025-11-15,13:00,15,49
Sciurus carolinensis,2025-11-21,24:00,15,49
Sciurus carolinensis,2025-11-23,10:00,15,49
Sciurus carolinensis,2025-11-24,8:00,15,49
Vulpes vulpes,2025-10-09,8:00,15,49
Coloeus_monedula,11/10/2025,16:00,19,63
Columba_palumbus,12/10/2025,1:00,19,63
Strix_aluco,12/10/2025,15:00,19,63
Turdus_philomelos,11/10/2025,1:00,19,63
Capreolus_capreolus,2025-11-08,20:00,20,60
Capreolus_capreolus,2025-11-17,15:00,20,60
Capreolus_capreolus,2025-11-20,5:00,20,60
Capreolus_capreolus,2025-11-20,15:00,20,60
Capreolus_capreolus,2025-11-21,8:00,20,60
Columba_palumbus,2025-11-20,17:00,20,60
domestic_dog,2025-11-18,16:00,20,60
Meles_meles,2025-11-07,18:00,20,60
Meles_meles,2025-11-07,21:00,20,60
Meles_meles,2025-11-11,1:00,20,60
Meles_meles,2025-11-17,4:00,20,60
Muntiacus_reevesi,2025-11-07,2:00,20,60
Muntiacus_reevesi,2025-11-10,4:00,20,60
Muntiacus_reevesi,2025-11-11,18:00,20,60
Muntiacus_reevesi,2025-11-12,23:00,20,60
Muntiacus_reevesi,2025-11-13,4:00,20,60
Muntiacus_reevesi,2025-11-13,8:00,20,60
Muntiacus_reevesi,2025-11-13,17:00,20,60
Muntiacus_reevesi,2025-11-14,6:00,20,60
Muntiacus_reevesi,2025-11-14,21:00,20,60
Muntiacus_reevesi,2025-11-15,16:00,20,60
Muntiacus_reevesi,2025-11-15,22:00,20,60
Muntiacus_reevesi,2025-11-16,5:00,20,60
Muntiacus_reevesi,2025-11-16,21:00,20,60
Muntiacus_reevesi,2025-11-16,22:00,20,60
Muntiacus_reevesi,2025-11-17,7:00,20,60
Muntiacus_reevesi,2025-11-21,7:00,20,60
Muntiacus_reevesi,2025-11-21,16:00,20,60
Muntiacus_reevesi,2025-11-23,17:00,20,60
Muntiacus_reevesi,2025-11-23,21:00,20,60
Muntiacus_reevesi,2025-11-24,3:00,20,60
Oryctolagus_cuniculus,2025-11-08,6:00,20,60
Oryctolagus_cuniculus,2025-11-08,23:00,20,60
Oryctolagus_cuniculus,2025-11-09,6:00,20,60
Oryctolagus_cuniculus,2025-11-12,6:00,20,60
Oryctolagus_cuniculus,2025-11-13,17:00,20,60
Oryctolagus_cuniculus,2025-11-14,21:00,20,60
Oryctolagus_cuniculus,2025-11-15,6:00,20,60
Oryctolagus_cuniculus,2025-11-17,17:00,20,60
Oryctolagus_cuniculus,2025-11-17,21:00,20,60
Oryctolagus_cuniculus,2025-11-17,23:00,20,60
Oryctolagus_cuniculus,2025-11-19,21:00,20,60
Oryctolagus_cuniculus,2025-11-21,5:00,20,60
Oryctolagus_cuniculus,2025-11-22,3:00,20,60
Oryctolagus_cuniculus,2025-11-24,7:00,20,60
Phasianus_colchicus,2025-11-09,17:00,20,60
Sciurus_carolinensis,2025-11-07,10:00,20,60
Sciurus_carolinensis,2025-11-07,14:00,20,60
Sciurus_carolinensis,2025-11-09,12:00,20,60
Sciurus_carolinensis,2025-11-09,13:00,20,60
Sciurus_carolinensis,2025-11-09,16:00,20,60
Sciurus_carolinensis,2025-11-12,15:00,20,60
Sciurus_carolinensis,2025-11-13,7:00,20,60
Sciurus_carolinensis,2025-11-13,8:00,20,60
Sciurus_carolinensis,2025-11-13,12:00,20,60
Sciurus_carolinensis,2025-11-13,15:00,20,60
Sciurus_carolinensis,2025-11-15,8:00,20,60
Sciurus_carolinensis,2025-11-16,10:00,20,60
Vulpes_vulpes,2025-11-10,17:00,20,60
Vulpes_vulpes,2025-11-14,9:00,20,60
Vulpes_vulpes,2025-11-16,5:00,20,60
Capreolus_capreolus,2025/10/25,19:00,20,60
Capreolus_capreolus,2025/10/30,7:00,20,60
Capreolus_capreolus,2025/10/30,20:00,20,60
Capreolus_capreolus,2025/11/4,19:00,20,60
Capreolus_capreolus,2025/11/5,7:00,20,60
Meles_meles,2025/10/25,4:00,20,60
Muntiacus_reevesi,2025/10/22,18:00,20,60
Muntiacus_reevesi,2025/10/24,1:00,20,60
Muntiacus_reevesi,2025/10/24,18:00,20,60
Muntiacus_reevesi,2025/10/25,5:00,20,60
Muntiacus_reevesi,2025/10/25,7:00,20,60
Muntiacus_reevesi,2025/10/27,1:00,20,60
Muntiacus_reevesi,2025/10/27,2:00,20,60
Muntiacus_reevesi,2025/10/29,5:00,20,60
Muntiacus_reevesi,2025/10/29,24:00,20,60
Muntiacus_reevesi,2025/10/30,16:00,20,60
Muntiacus_reevesi,2025/10/30,20:00,20,60
Muntiacus_reevesi,2025/11/1,13:00,20,60
Muntiacus_reevesi,2025/11/1,16:00,20,60
Muntiacus_reevesi,2025/11/3,4:00,20,60
Muntiacus_reevesi,2025/11/3,19:00,20,60
Muntiacus_reevesi,2025/11/5,6:00,20,60
Muntiacus_reevesi,2025/11/5,17:00,20,60
Muntiacus_reevesi,2025/11/6,5:00,20,60
Muntiacus_reevesi,2025/11/7,2:00,20,60
Oryctolagus_cuniculus,2025/10/24,7:00,20,60
Oryctolagus_cuniculus,2025/10/24,18:00,20,60
Oryctolagus_cuniculus,2025/10/25,7:00,20,60
Oryctolagus_cuniculus,2025/10/26,7:00,20,60
Oryctolagus_cuniculus,2025/10/27,6:00,20,60
Oryctolagus_cuniculus,2025/10/28,17:00,20,60
Oryctolagus_cuniculus,2025/10/29,6:00,20,60
Oryctolagus_cuniculus,2025/10/29,7:00,20,60
Oryctolagus_cuniculus,2025/10/31,7:00,20,60
Oryctolagus_cuniculus,2025/10/31,17:00,20,60
Oryctolagus_cuniculus,2025/11/1,7:00,20,60
Oryctolagus_cuniculus,2025/11/1,9:00,20,60
Oryctolagus_cuniculus,2025/11/4,6:00,20,60
Oryctolagus_cuniculus,2025/11/5,6:00,20,60
Oryctolagus_cuniculus,2025/11/5,7:00,20,60
Phasianus_colchicus,2025/10/29,15:00,20,60
Sciurus_carolinensis,2025/10/22,17:00,20,60
Sciurus_carolinensis,2025/10/24,16:00,20,60
Sciurus_carolinensis,2025/10/26,11:00,20,60
Sciurus_carolinensis,2025/10/26,13:00,20,60
Sciurus_carolinensis,2025/10/27,16:00,20,60
Sciurus_carolinensis,2025/10/28,16:00,20,60
Sciurus_carolinensis,2025/10/29,10:00,20,60
Sciurus_carolinensis,2025/10/30,7:00,20,60
Sciurus_carolinensis,2025/10/30,7:00,20,60
Sciurus_carolinensis,2025/10/30,8:00,20,60
Sciurus_carolinensis,2025/10/30,12:00,20,60
Sciurus_carolinensis,2025/10/30,13:00,20,60
Sciurus_carolinensis,2025/10/30,16:00,20,60
Sciurus_carolinensis,2025/10/31,13:00,20,60
Sciurus_carolinensis,2025/11/1,13:00,20,60
Sciurus_carolinensis,2025/11/2,8:00,20,60
Sciurus_carolinensis,2025/11/2,10:00,20,60
Sciurus_carolinensis,2025/11/2,15:00,20,60
Sciurus_carolinensis,2025/11/4,8:00,20,60
Sciurus_carolinensis,2025/11/5,16:00,20,60
Sciurus_carolinensis,2025/11/6,9:00,20,60
Sciurus_carolinensis,2025/11/6,15:00,20,60
Vulpes_vulpes,2025/10/29,17:00,20,60
Capreolus_capreolus,2025-10-10,8:00,20,60
Capreolus_capreolus,2025-10-13,10:00,20,60
Capreolus_capreolus,2025-10-15,9:00,20,60
Capreolus_capreolus,2025-10-17,21:00,20,60
Capreolus_capreolus,2025-10-18,1:00,20,60
Capreolus_capreolus,2025-10-20,20:00,20,60
Capreolus_capreolus,2025-10-22,8:00,20,60
Meles_meles,2025-10-16,1:00,20,60
Meles_meles,2025-10-19,5:00,20,60
Muntiacus_reevesi,2025-10-09,9:00,20,60
Muntiacus_reevesi,2025-10-09,20:00,20,60
Muntiacus_reevesi,2025-10-10,6:00,20,60
Muntiacus_reevesi,2025-10-10,18:00,20,60
Muntiacus_reevesi,2025-10-12,22:00,20,60
Muntiacus_reevesi,2025-10-13,3:00,20,60
Muntiacus_reevesi,2025-10-13,4:00,20,60
Muntiacus_reevesi,2025-10-13,7:00,20,60
Muntiacus_reevesi,2025-10-17,0:00,20,60
Muntiacus_reevesi,2025-10-17,8:00,20,60
Muntiacus_reevesi,2025-10-18,20:00,20,60
Muntiacus_reevesi,2025-10-18,23:00,20,60
Muntiacus_reevesi,2025-10-20,19:00,20,60
Muntiacus_reevesi,2025-10-21,1:00,20,60
Oryctolagus_cuniculus,2025-10-09,3:00,20,60
Oryctolagus_cuniculus,2025-10-09,5:00,20,60
Oryctolagus_cuniculus,2025-10-10,7:00,20,60
Oryctolagus_cuniculus,2025-10-14,7:00,20,60
Oryctolagus_cuniculus,2025-10-18,6:00,20,60
Oryctolagus_cuniculus,2025-10-18,7:00,20,60
Oryctolagus_cuniculus,2025-10-20,1:00,20,60
Oryctolagus_cuniculus,2025-10-21,7:00,20,60
Oryctolagus_cuniculus,2025-10-22,3:00,20,60
Phasianus_colchicus,2025-10-13,16:00,20,60
Sciurus_carolinensis,2025-10-09,10:00,20,60
Sciurus_carolinensis,2025-10-09,15:00,20,60
Sciurus_carolinensis,2025-10-09,17:00,20,60
Sciurus_carolinensis,2025-10-11,9:00,20,60
Sciurus_carolinensis,2025-10-11,13:00,20,60
Sciurus_carolinensis,2025-10-12,15:00,20,60
Sciurus_carolinensis,2025-10-12,17:00,20,60
Sciurus_carolinensis,2025-10-13,15:00,20,60
Sciurus_carolinensis,2025-10-14,8:00,20,60
Sciurus_carolinensis,2025-10-14,9:00,20,60
Sciurus_carolinensis,2025-10-15,10:00,20,60
Sciurus_carolinensis,2025-10-15,12:00,20,60
Sciurus_carolinensis,2025-10-15,15:00,20,60
Sciurus_carolinensis,2025-10-15,16:00,20,60
Sciurus_carolinensis,2025-10-16,11:00,20,60
Sciurus_carolinensis,2025-10-16,15:00,20,60
Sciurus_carolinensis,2025-10-17,17:00,20,60
Sciurus_carolinensis,2025-10-19,8:00,20,60
Sciurus_carolinensis,2025-10-19,9:00,20,60
Sciurus_carolinensis,2025-10-19,17:00,20,60
Sciurus_carolinensis,2025-10-20,14:00,20,60
Sciurus_carolinensis,2025-10-21,10:00,20,60
Sciurus_carolinensis,2025-10-21,12:00,20,60
Sciurus_carolinensis,2025-10-21,13:00,20,60
Sciurus_carolinensis,2025-10-21,14:00,20,60
Sciurus_carolinensis,2025-10-22,11:00,20,60
Sciurus_carolinensis,2025-10-22,15:00,20,60
Sciurus_carolinensis,2025-10-22,17:00,20,60
Vulpes_vulpes,2025-10-12,19:00,20,60
Vulpes_vulpes,2025-10-18,4:00,20,60
Sciurus carolinensis,2025/10/8,17:00,20,60
Oryctolagus cuniculus,2025/10/8,19:00,20,60
Oryctolagus cuniculus,2025/10/9,2:00,20,60
Meles meles,2025/10/9,3:00,20,60
Capreolus capreolus,2025/10/25,20:00,30,13
Capreolus capreolus,2025/11/12,2:00,30,13
Capreolus capreolus,2025/11/21,4:00,30,13
Muntiacus reevesi,2025/10/10,9:00,30,13
Muntiacus reevesi,2025/10/23,9:00,30,13
Muntiacus reevesi,2025/10/25,21:00,30,13
Muntiacus reevesi,2025/11/1,17:00,30,13
Muntiacus reevesi,2025/11/4,18:00,30,13
Muntiacus reevesi,2025/11/17,11:00,30,13
Muntiacus reevesi,2025/11/19,16:00,30,13
Phasianus colchicus,2025/11/1,8:00,30,13
Phasianus colchicus,2025/11/11,13:00,30,13
Phasianus colchicus,2025/11/15,12:00,30,13
Phasianus colchicus,2025/11/15,12:00,30,13
Capreolus_capreolus,2025-10-23,8:00,31,18
Capreolus_capreolus,2025-10-24,19:00,31,18
Capreolus_capreolus,2025-11-09,2:00,31,18
Capreolus_capreolus,2025-11-13,23:00,31,18
Capreolus_capreolus,2025-11-22,11:00,31,18
Columba_palumbus,2025-10-12,8:00,31,18
Columba_palumbus,2025-10-30,8:00,31,18
Meles_meles,2025-11-12,21:00,31,18
Muntiacus_reevesi,2025-10-08,18:00,31,18
Muntiacus_reevesi,2025-10-09,8:00,31,18
Muntiacus_reevesi,2025-10-10,0:00,31,18
Muntiacus_reevesi,2025-10-16,10:00,31,18
Muntiacus_reevesi,2025-10-17,8:00,31,18
Muntiacus_reevesi,2025-10-18,21:00,31,18
Muntiacus_reevesi,2025-10-21,10:00,31,18
Muntiacus_reevesi,2025-10-22,18:00,31,18
Muntiacus_reevesi,2025-10-23,8:00,31,18
Muntiacus_reevesi,2025-10-25,23:00,31,18
Muntiacus_reevesi,2025-10-29,20:00,31,18
Muntiacus_reevesi,2025-10-29,21:00,31,18
Muntiacus_reevesi,2025-11-01,20:00,31,18
Muntiacus_reevesi,2025-11-02,4:00,31,18
Muntiacus_reevesi,2025-11-02,6:00,31,18
Muntiacus_reevesi,2025-11-05,7:00,31,18
Muntiacus_reevesi,2025-11-05,7:00,31,18
Muntiacus_reevesi,2025-11-06,23:00,31,18
Muntiacus_reevesi,2025-11-08,7:00,31,18
Muntiacus_reevesi,2025-11-09,9:00,31,18
Muntiacus_reevesi,2025-11-10,17:00,31,18
Muntiacus_reevesi,2025-11-12,9:00,31,18
Muntiacus_reevesi,2025-11-13,0:00,31,18
Muntiacus_reevesi,2025-11-14,10:00,31,18
Muntiacus_reevesi,2025-11-16,7:00,31,18
Muntiacus_reevesi,2025-11-17,7:00,31,18
Muntiacus_reevesi,2025-11-17,18:00,31,18
Muntiacus_reevesi,2025-11-18,2:00,31,18
Muntiacus_reevesi,2025-11-19,18:00,31,18
Muntiacus_reevesi,2025-11-19,22:00,31,18
Muntiacus_reevesi,2025-11-21,14:00,31,18
Muntiacus_reevesi,2025-11-21,20:00,31,18
Muntiacus_reevesi,2025-11-22,17:00,31,18
Muntiacus_reevesi,2025-11-23,3:00,31,18
Muntiacus_reevesi,2025-11-24,11:00,31,18
Phasianus_colchicus,2025-11-02,18:00,31,18
Phasianus_colchicus,2025-11-14,8:00,31,18
Phasianus_colchicus,2025-11-17,17:00,31,18
Sciurus_carolinensis,2025-10-09,9:00,31,18
Sciurus_carolinensis,2025-10-10,9:00,31,18
Sciurus_carolinensis,2025-10-14,8:00,31,18
Sciurus_carolinensis,2025-10-15,15:00,31,18
Sciurus_carolinensis,2025-10-17,8:00,31,18
Sciurus_carolinensis,2025-10-19,8:00,31,18
Sciurus_carolinensis,2025-10-22,8:00,31,18
Sciurus_carolinensis,2025-10-22,9:00,31,18
Sciurus_carolinensis,2025-10-27,18:00,31,18
Sciurus_carolinensis,2025-10-29,8:00,31,18
Sciurus_carolinensis,2025-11-06,17:00,31,18
Sciurus_carolinensis,2025-11-09,11:00,31,18
Sciurus_carolinensis,2025-11-11,9:00,31,18
Sciurus_carolinensis,2025-11-12,15:00,31,18
Sciurus_carolinensis,2025-11-12,17:00,31,18
Sciurus_carolinensis,2025-11-16,9:00,31,18
Sciurus_carolinensis,2025-11-21,10:00,31,18
Vulpes_vulpes,2025-11-12,3:00,31,18
Vulpes_vulpes,2025-11-19,3:00,31,18
Canis_Familiaris,02/11/2025,16:00,8,80
Capreolus_capreolus,08/10/2025,22:00,8,80
Capreolus_capreolus,09/10/2025,4:00,8,80
Capreolus_capreolus,10/10/2025,4:00,8,80
Capreolus_capreolus,10/10/2025,24:00,8,80
Capreolus_capreolus,11/10/2025,1:00,8,80
Capreolus_capreolus,12/10/2025,20:00,8,80
Capreolus_capreolus,13/10/2025,20:00,8,80
Capreolus_capreolus,24/10/2025,9:00,8,80
Capreolus_capreolus,26/10/2025,8:00,8,80
Muntiacus_reevesi,09/10/2025,10:00,8,80
Muntiacus_reevesi,09/10/2025,19:00,8,80
Muntiacus_reevesi,10/10/2025,4:00,8,80
Muntiacus_reevesi,10/10/2025,21:00,8,80
Muntiacus_reevesi,12/10/2025,0:00,8,80
Muntiacus_reevesi,12/10/2025,21:00,8,80
Muntiacus_reevesi,14/10/2025,1:00,8,80
Muntiacus_reevesi,14/10/2025,7:00,8,80
Muntiacus_reevesi,15/10/2025,8:00,8,80
Muntiacus_reevesi,16/10/2025,8:00,8,80
Muntiacus_reevesi,18/10/2025,9:00,8,80
Muntiacus_reevesi,23/10/2025,17:00,8,80
Muntiacus_reevesi,26/10/2025,10:00,8,80
Muntiacus_reevesi,27/10/2025,18:00,8,80
