Community,Species,Video file name,Camera trap name,Days since camera trap was installed,Classifier,Date (mm/dd/yy),Time (hh:mm),# individuals,Primary Behavior (what behavior they exhibited the most),Notes
A,Sciurus carolinensis,E6_IMG_0033,E4,7,Aiyonne Bryant,10/14/25,16:19,1,Vigilant,
A,Odocoileus virginianus,E6_IMG_0034,E4,7,Aiyonne Bryant,10/14/25,17:22,1,N/A,
A,Odocoileus virginianus,E6_IMG_0035,E4,7,Aiyonne Bryant,10/14/25,17:46,1,Running,
B,Odocoileus virginianus,E2_IMG_0020,E2,2,Cooper Koers,10/9/25,14:24,1,Running,Fast!
B,Dryobates pubescens,E2_IMG_0031,E2,3,Cevina Hwang,10/10/25,16:01,1,Vigilant,female downy woodpecker; resting and flying
B,Odocoileus virginianus,E2_IMG_0023,E2,2,Cooper Koers,10/9/25,21:49,1,Walking,
A,Odocoileus virginianus,E6_IMG_0036,E4,7,Aiyonne Bryant,10/14/25,17:54,1,Walking,Has antlers
B,Sciurus carolinensis,E2_IMG_0031,E2,7,Cevina Hwang,10/10/25,16:01,1,Running,black
A,Odocoileus virginianus,E6_IMG_0037,E4,7,Aiyonne Bryant,10/14/25,18:43,1,Walking,night
A,Odocoileus virginianus,E6_IMG_0038,E4,8,Aiyonne Bryant,10/15/25,5:32,1,Walking,has antlers
B,Odocoileus virginianus,E2_IMG_0035,E2,4,Cevina Hwang,10/11/25,0:48,1,Walking,
B,Turdus migratorius,E2_IMG_0030,E2,3,Cooper Koers,10/10/25,15:49,1,Vigilant,
A,Sciurus carolinensis,E6_IMG_0039,E4,8,Aiyonne Bryant,10/15/25,9:33,1,Walking,black
A,Odocoileus virginianus,E6_IMG_0032,E4,7,Aiyonne Bryant,10/14/25,12:40,1,Walking,
B,Odocoileus virginianus,E2_IMG_0036,E2,7,Cevina Hwang,10/11/25,6:14,3,Walking,
A,Tamias striatus,E6_IMG_0032,E4,7,Aiyonne Bryant,10/14/25,12:40,1,Running,
B,Odocoileus virginianus,E2_IMG_0039,E2,5,Cevina Hwang,10/12/25,17:38,1,Foraging,
A,Odocoileus virginianus,E6_IMG_0043,E4,8,Aiyonne Bryant,10/15/25,13:18,,N/A,
B,Odocoileus virginianus,E2_IMG_0041,E2,5,Cevina Hwang,10/12/25,22:38,1,Walking,
B,Odocoileus virginianus,E2_IMG_0044,E2,7,Cevina Hwang,10/14/25,6:18,1,Walking,
A,Sciurus carolinensis,E6_IMG_0040,E4,8,Aiyonne Bryant,10/15/25,10:07,1,Walking,black squirrel
B,Odocoileus virginianus,E3_IMG_0013,E3,2,Arias Deukmedjian,10/9/25,8:25,1,Walking,
A,Tamias striatus,E6_IMG_0040,E4,8,Aiyonne Bryant,10/15/25,10:07,1,Running,
B,Odocoileus virginianus,E3_IMG_0046,E3,7,Nikki Lin,10/14/25,6:07,1,Walking,walking while sniffing
B,Odocoileus virginianus,E2_IMG_0047,E2,7,Cevina Hwang,10/14/25,17:55,3,Foraging,
A,Odocoileus virginianus,E6_IMG_0044,E4,8,Aiyonne Bryant,10/15/25,13:31,1,Walking,
B,Odocoileus virginianus,E1_IMG_0007,E1,4,Annalisa Jenkins,10/11/25,6:07,3,Walking,Looks like one was a juvenile
B,Odocoileus virginianus,E3_IMG_0014,E3,2,Arias Deukmedjian,10/9/25,22:22,1,Walking,
B,Odocoileus virginianus,E2_IMG_0052,E2,9,Cevina Hwang,10/16/25,17:01,1,Walking,
B,Odocoileus virginianus,E3_IMG_0015,E3,2,Arias Deukmedjian,10/9/25,22:23,1,Running,
B,Vulpes vulpes,E3_IMG_0079,E3,14,Aylin Ceylan,10/17/25,12:04,1,Walking,
B,Odocoileus virginianus,E3_IMG_0047,E3,7,Nikki Lin,10/14/25,6:09,1,Walking,
A,Sciurus carolinensis,E6_IMG_0042,E4,8,Aiyonne Bryant,10/15/25,10:19,1,Foraging,
A,Sciurus carolinensis,E6_IMG_0029,E4,7,Cooper Koers,10/14/25,11:57,1,Foraging,black
A,Odocoileus virginianus,E6_IMG_0031,E4,7,Cooper Koers,10/14/25,12:37,1,Foraging,lady
A,Sciurus carolinensis,E6_IMG_0028,E4,7,Cooper Koers,10/14/25,7:16,1,Walking,
B,Odocoileus virginianus,E3_IMG_0048,E3,7,Nikki Lin,10/14/25,6:20,1,Vigilant,staring at camera while walking 
A,Sciurus carolinensis,E6_IMG_0045,E4,8,Aiyonne Bryant,10/15/25,17:21,1,Running,
B,Odocoileus virginianus,E1_IMG_0009,E1,5,Annalisa Jenkins,10/12/25,1:14,2,Walking,one stood in front of the camera then walked by followed by the second one
A,Odocoileus virginianus,E6_IMG_0063,E4,13,Cevina Hwang,10/20/25,2:51,1,Walking,
A,Didelphis virginiana,E6_IMG_0014,E4,3,Cooper Koers,10/10/25,20:51,1,Walking,
A,Sciurus carolinensis,E6_IMG_0030,E4,7,Cooper Koers,10/14/25,12:28,1,Walking,
B,Procyon lotor,E3_IMG_0017,E3,2,Arias Deukmedjian,10/9/25,23:27,1,Walking,
A,Sciurus carolinensis,E6_IMG_0047,E4,9,Aiyonne Bryant,10/16/25,7:30,1,Running,
B,Odocoileus virginianus,E3_IMG_0049,E3,7,Nikki Lin,10/14/25,7:15,1,Walking,
B,Odocoileus virginianus,E3_IMG_0050,E3,7,Nikki Lin,10/14/25,10:19,1,Foraging,
A,Sciurus carolinensis,E6_IMG_0061,E4,12,Cevina Hwang,10/19/25,15:58,1,Running,
B,Procyon lotor,E3_IMG_0018,E3,2,Arias Deukmedjian,10/10/25,1:16,1,Walking,
B,Odocoileus virginianus,E3_IMG_0051,E3,7,Nikki Lin,10/14/25,10:23,1,Walking,
A,Odocoileus virginianus,E6_IMG_0046,E4,9,Aiyonne Bryant,10/16/25,4:43,1,Walking,
A,Procyon lotor,E6_IMG_0060,E4,12,Cevina Hwang,10/19/25,5:05,1,Foraging,
A,Sciurus carolinensis,E6_IMG_0049,E4,9,Aiyonne Bryant,10/16/25,14:17,1,Foraging,
B,Odocoileus virginianus,E3_IMG_0080,E3,10,Aylin Ceylan,10/17/25,1:02,1,Walking,has antlers
B,Odocoileus virginianus,E3_IMG_0020,E3,3,Arias Deukmedjian,10/10/25,15:54,1,Foraging,
B,Turdus migratorius,E1_IMG_0011,E1,7,Annalisa Jenkins,10/14/25,16:14,1,Walking,
A,Odocoileus virginianus,E6_ING_0058,E4,12,Cevina Hwang,10/19/25,0:35,1,Foraging,
B,Sciurus carolinensis,E3_IMG_0083,E3,10,Aylin Ceylan,10/17/25,13:49,1,Running,
B,Odocoileus virginianus,E3_IMG_0053,E3,7,Nikki Lin,10/14/25,17:41,1,Foraging,
B,Odocoileus virginianus,E3_IMG_0021,E3,3,Arias Deukmedjian,10/10/25,17:29,1,Foraging,
B,Odocoileus virginianus,E3_IMG_0022,E3,3,Arias Deukmedjian,10/10/25,17:42,1,Walking,
A,Sciurus carolinensis,E6_IMG_0057,E4,11,Cevina Hwang,10/18/25,17:30,1,Running,
B,Odocoileus virginianus,E3_IMG_0054,E3,7,Nikki Lin,10/14/25,17:50,1,N/A,
B,Sciurus carolinensis,E1_IMG_0013,E1,8,Annalisa Jenkins,10/15/25,12:26,1,Walking,
B,Odocoileus virginianus,E3_IMG_0023,E3,3,Arias Deukmedjian,10/10/25,18:23,1,Foraging,
B,Odocoileus virginianus,E3_IMG_0055,E3,7,Nikki Lin,10/14/25,17:54,2,Walking,
A,Odocoileus virginianus,E6_IMG_0051,E4,9,Aiyonne Bryant,10/16/25,17:06,1,Walking,
A,Sciurus carolinensis,E6_09,E4,2,Talia Schenck,10/9/25,18:50,1,Foraging,"picks up something from leaves and eats it, continues ruffling through leaves. dark/night. black color morph"
A,Sciurus carolinensis,E6_10,E4,3,Talia Schenck,10/10/25,10:14,1,Foraging,"digging through leaves, leaping, didn't eat anything. day/light"
A,Sciurus carolinensis,E6_11,E4,3,Talia Schenck,10/10/25,14:03,2,Foraging,first squirrel is grey foraging. second is black and runs in and chases the grey one. day/light
A,Sciurus carolinensis,E6_12,E4,3,Talia Schenck,10/10/25,14:49,1,Foraging,black color morph. day/light
A,Sciurus carolinensis,E6_13,E4,3,Talia Schenck,10/10/25,16:32,1,Foraging,black color morph. day/light
A,Odocoileus virginianus,E6_15,E4,4,Talia Schenck,10/11/25,2:03,1,Walking,dark/night. can't see if it has antlers. 
A,Procyon lotor,E6_16,E4,4,Talia Schenck,10/11/25,2:17,1,Walking,dark/night.
A,Odocoileus virginianus,E6_18,E4,4,Talia Schenck,10/11/25,11:59,1,Foraging,"has spots, juvenile. eats leaves. day/light. "
A,Odocoileus virginianus,E6_19,E4,4,Talia Schenck,10/11/25,12:00,1,Foraging,"has spots, juvenile. eats leaves. day/light. likely the individual same as E6_18"
A,Odocoileus virginianus,E6_03,E4,0,Talia Schenck,10/7/25,18:09,1,Foraging,sniffing ground/plants but didn't eat anything. female. light/day 
A,Odocoileus virginianus,E6_04,E4,0,Talia Schenck,10/7/25,18:45,1,Foraging,sniffing ground/plants but didn't eat anything. female. dark/night 
A,Odocoileus virginianus,E6_05,E4,1,Talia Schenck,10/8/25,18:00,1,N/A,"antlers only in clip, hitting against a tree. male. light/day"
A,Odocoileus virginianus,E6_06,E4,1,Talia Schenck,10/8/25,18:02,1,Vigilant,has antlers. male. light/day
A,Odocoileus virginianus,E6_07,E4,2,Talia Schenck,10/9/25,18:13,1,Running,dark/night. female
B,Procyon lotor,E3_IMG_0024,E3,4,Arias Deukmedjian,10/11/25,1:31,1,Resting,
A,Sciurus carolinensis,E6_IMG_0017,E4,4,Cooper Koers,10/11/25,8:54,1,Running,
B,Sciurus carolinensis,E1_IMG_0014,E1,8,Annalisa Jenkins,10/15/25,17:51,1,Foraging,
A,Odocoileus virginianus,E6_IMG_0062,E4,12,Cooper Koers,10/19/25,11:35,1,Walking,
A,Odocoileus virginianus,E6_IMG_0052,E4,10,Aiyonne Bryant,10/17/22,1:02,1,Foraging,"either eating or fighting the bush, unclear which"
A,Sciurus carolinensis,E6_IMG_0053,E4,10,Cevina Hwang,10/17/25,8:00,1,Foraging,
A,Odocoileus virginianus,E6_IMG_0025,E4,6,Aiyonne Bryant,10/13/25,12:46,1,Foraging,
B,Odocoileus virginianus,E3_IMG_0056,E3,7,Nikki Lin,10/14/25,18:28,1,Walking,
B,Sciurus carolinensis,E3_IMG_0026,E3,4,Arias Deukmedjian,10/11/25,18:10,1,Running,
B,Odocoileus virginianus,E3_IMG_0084,E3,10,Aylin Ceylan,10/17/25,13:56,1,Walking,has antlers
A,Odocoileus virginianus,E3_IMG_0059,E4,12,Cooper Koers,10/19/25,0:38,1,Walking,
B,Odocoileus virginianus,E3_IMG_0028,E3,5,Arias Deukmedjian,10/12/25,6:16,2,Walking,
B,Tamias striatus,E1_IMG_0016,E1,10,Annalisa Jenkins,10/17/25,8:31,1,Running,
A,Sciurus carolinensis,E6_IMG_0021,E4,5,Cevina Hwang,10/12/25,9:04,1,Running,
B,Odocoileus virginianus,E3_IMG_0030,E3,5,Arias Deukmedjian,10/12/25,17:35,2,Walking,
A,Sciurus carolinensis,E6_IMG_0056,E4,10,Cooper Koers,10/17/25,18:03,3,Running,
B,Odocoileus virginianus,E3_IMG_0031,E3,7,Arias Deukmedjian,10/12/25,17:54,1,Walking,
B,Sciurus carolinensis,E3_IMG_0085,E3,10,Aylin Ceylan,10/17/25,15:29,2,Running,one squirrel chasing the other up a tree
B,Sciurus carolinensis,E1_IMG_0016,E1,10,Annalisa Jenkins,10/17/25,8:31,1,Walking,
B,Odocoileus virginianus,E3_IMG_0057,E3,7,Nikki Lin,10/14/25,18:44,1,Walking,
B,Vulpes vulpes,E3_IMG_0058,E3,8,Nikki Lin,10/15/25,2:26,1,Running,
B,Odocoileus virginianus,E3_IMG_0032,E3,5,Arias Deukmedjian,10/12/25,20:40,1,Walking,
A,Odocoileus virginianus,E6_20,E4,4,Talia Schenck,10/11/25,14:09,1,Foraging,antlers. male. dark/night
A,Odocoileus virginianus,E6_23,E4,6,Talia Schenck,10/13/25,1:22,1,Walking,antlers. male. dark/night
A,Odocoileus virginianus,E6_24,E4,6,Talia Schenck,10/13/25,8:47,1,Walking,antlers. male. light/day
B,Odocoileus virginianus,E3_IMG_0033,E3,6,Arias Deukmedjian,10/13/25,1:21,1,Walking,
A,Odocoileus virginianus,E6_IMG_0052,E4,10,Cooper Koers,10/17/25,1:02,1,Foraging,male
B,Sciurus carolinensis,E1_IMG_0017,E1,10,Annalisa Jenkins,10/17/25,13:09,1,Walking,
A,Odocoileus virginianus,E6_27,E4,6,Talia Schenck,10/13/25,14:23,1,Walking,dark/night. can't sex it
B,Odocoileus virginianus,E3_IMG_0034,E3,6,Arias Deukmedjian,10/13/25,4:12,1,Walking,
B,Odocoileus virginianus,E3_IMG_0035,E3,6,Arias Deukmedjian,10/13/25,4:14,1,Running,
B,Odocoileus virginianus,E3_IMG_0036,E3,6,Arias Deukmedjian,10/13/25,12:53,1,Foraging,
B,Odocoileus virginianus,E3_IMG_0086,E3,10,Aylin Ceylan,10/17/25,18:11,1,Walking,
B,Vulpes vulpes,E3_IMG_0059,E3,8,Nikki Lin,10/15/25,2:32,1,Running,
B,Odocoileus virginianus,E3_IMG_0060,E3,8,Nikki Lin,10/15/25,5:33,1,Walking,
B,Odocoileus virginianus,E1_IMG_0020,E1,12,Annalisa Jenkins,10/19/25,6:09,4,Walking,
B,Odocoileus virginianus,E3_IMG_0038,E3,6,Arias Deukmedjian,10/13/25,15:01,1,Foraging,
B,Odocoileus virginianus,E3_IMG_0037,E3,6,Arias Deukmedjian,10/13/25,14:25,1,Walking,
B,Sciurus carolinensis,E3_IMG_0088,E3,11,Aylin Ceylan,10/18/25,11:35,1,Running,
B,Odocoileus virginianus,E3_IMG_0061,E3,8,Nikki Lin,10/15/25,13:22,2,Foraging,
B,Odocoileus virginianus,E3_IMG_0062,E3,8,Nikki Lin,10/15/25,13:23,2,Resting,
B,Odocoileus virginianus,E3_IMG_0063,E3,8,Nikki Lin,10/15/25,13:25,3,Resting,
B,Procyon lotor,E3_IMG_0089,E3,11,Aylin Ceylan,10/18/25,21:26,1,Walking,
B,Odocoileus virginianus,E3_IMG_0039,E3,6,Arias Deukmedjian,10/13/25,15:04,3,Resting,
B,Odocoileus virginianus,E3_IMG_0003,E3,0,Annalisa Jenkins,10/7/25,23:49,3,Walking,"Mama deer standing there, staring at the camera, baby deer runs up and starts nursing, third deer walks in"
B,Odocoileus virginianus,E3_IMG_0040,E3,6,Arias Deukmedjian,10/13/25,15:08,2,Resting,
B,Odocoileus virginianus,E3_IMG_0064,E3,8,Nikki Lin,10/15/25,13:29,1,Foraging,
B,Odocoileus virginianus,E3_IMG_0065,E3,8,Nikki Lin,10/15/25,14:34,1,Walking,
B,Odocoileus virginianus,E3_IMG_0041,E3,6,Arias Deukmedjian,10/13/25,17:59,1,Walking,
B,Odocoileus virginianus,E3_IMG_0091,E3,12,Aylin Ceylan,10/19/25,12:35,1,Walking,has antlers
B,Odocoileus virginianus,E3_IMG_0005,E3,1,Annalisa Jenkins,10/8/25,4:23,1,Walking,
B,Odocoileus virginianus,E3_IMG_0066,E3,8,Nikki Lin,10/15/25,17:23,1,Foraging,
B,Odocoileus virginianus,E3_IMG_0042,E3,6,Arias Deukmedjian,10/13/25,18:18,1,Foraging,
B,Odocoileus virginianus,E3_IMG_0044,E3,7,Arias Deukmedjian,10/14/25,5:58,1,Running,
B,Odocoileus virginianus,E3_IMG_0092,E3,12,Aylin Ceylan,10/19/25,12:37,1,Walking,
B,Odocoileus virginianus,E3_IMG_0007,E3,1,Annalisa Jenkins,10/8/25,5:59,2,Walking,"1 adult, one looked juvenile"
B,Odocoileus virginianus,E3_IMG_0064,E3,9,Nikki Lin,10/16/25,2:36,1,Walking,
B,Odocoileus virginianus,E3_IMG_0045,E3,8,Arias Deukmedjian,10/14/25,6:01,1,Foraging,
B,Odocoileus virginianus,,E3,1,Annalisa Jenkins,10/8/25,9:27,1,Resting,
B,Vulpes vulpes,E3_IMG_0093,E3,12,Aylin Ceylan,10/19/25,2:33,1,Running,"blurry video, not clear if its a fox, ran too fast"
B,Odocoileus virginianus,E3_IMG_0069,E3,9,Nikki Lin,10/16/25,4:36,1,Resting,Just standing in front of the camera (only rear visible)
B,Odocoileus virginianus,E3_IMG_0070,E3,9,Nikki Lin,10/16/25,4:38,1,Resting,Just standing in front of the camera (only rear visible)
B,Odocoileus virginianus,E3_IMG_0094,E3,12,Aylin Ceylan,10/19/25,5:49,1,Walking,deer walking very close to camera
B,Odocoileus virginianus,E3_IMG_0071,E3,9,Nikki Lin,10/16/25,4:39,1,Resting,Just standing in front of the camera (only rear visible)
B,Vulpes vulpes,E3_IMG_0012,E3,2,Annalisa Jenkins,10/9/25,8:11,1,Walking,
B,Odocoileus virginianus,E3_IMG_0072,E3,9,Nikki Lin,10/16/25,4:41,2,Grooming,Grooming
B,Odocoileus virginianus,E3_IMG_0073,E3,9,Nikki Lin,10/16/25,4:42,1,Foraging,
B,Odocoileus virginianus,E3_IMG_0096,E3,12,Aylin Ceylan,10/19/25,7:20,1,Foraging,"first foraging, then resting"
B,Sciurus carolinensis,E3_IMG_0074,E3,9,Nikki Lin,10/16/25,0:49,1,Foraging,
B,Odocoileus virginianus,E3_IMG_0111,E3,13,Arias Deukmedjian,10/20/25,7:35,1,Walking,
B,Odocoileus virginianus,E3_IMG_0097,E3,12,Aylin Ceylan,10/19/25,7:28,1,Resting,"resting, and eating "
B,Odocoileus virginianus,E3_IMG_0109,E3,13,Arias Deukmedjian,10/20/25,7:24,2,Walking,
B,Odocoileus virginianus,E3_IMG_0110,E3,13,Arias Deukmedjian,10/20/25,7:25,1,Foraging,
B,Odocoileus virginianus,E3_IMG_0075,E3,9,Nikki Lin,10/16/25,17:01,1,Walking,
B,Odocoileus virginianus,E3_IMG_0098,E3,12,Aylin Ceylan,10/19/25,7:30,1,Resting,"resting and eating, same deer as 97"
B,Odocoileus virginianus,E3_IMG_0099,E3,12,Aylin Ceylan,10/19/25,7:53,1,Resting,same deer as 97 and 98
B,Odocoileus virginianus,E3_IMG_0108,E3,13,Arias Deukmedjian,10/20/25,2:50,1,Walking,
B,Odocoileus virginianus,E3_IMG_0076,E3,9,Nikki Lin,10/16/25,17:05,1,Walking,
B,Odocoileus virginianus,E3_IMG_0107,E3,13,Arias Deukmedjian,10/20/25,2:24,1,Walking,
B,Odocoileus virginianus,E3_IMG_0077,E3,9,Nikki Lin,10/16/25,18:04,1,Walking,
B,Odocoileus virginianus,E3_IMG_0106,E3,12,Arias Deukmedjian,10/19/25,23:35,1,Walking,
B,Odocoileus virginianus,E3_IMG_0078,E3,9,Nikki Lin,10/16/25,18:49,1,Walking,
B,Odocoileus virginianus,E3_IMG_0100,E3,12,Aylin Ceylan,10/19/25,8:08,1,Resting,"same deer as 97,98,99"
B,Odocoileus virginianus,E3_IMG_0105,E3,12,Arias Deukmedjian,10/19/25,9:15,1,Walking,
B,Odocoileus virginianus,E3_IMG_0101,E3,12,Aylin Ceylan,10/19/25,8:21,1,Resting,"same deer as 97,98,99,100; starts sleeping"
B,Odocoileus virginianus,E3_IMG_0104,E3,12,Arias Deukmedjian,10/19/25,9:13,1,Foraging,
B,Odocoileus virginianus,E3_IMG_0103,E3,12,Arias Deukmedjian,10/19/25,8:33,2,Resting,One resting and then another comes in and starts wildin and the other resting sprints away
B,Odocoileus virginianus,E3_IMG_102,E3,12,Aylin Ceylan,10/19/25,8:24,1,Resting,"same deer as 97,98,99,100,101,102"
B,Sciurus carolinensis,E3_IMG_102,E3,12,Aylin Ceylan,10/19/25,8:24,1,Walking,
B,Odocoileus virginianus,D3_IMG_0009,D3,6,Catherine Ross,10/14/25,17:45,2,Running,chasing after each other
B,Odocoileus virginianus,D3_IMG_0008,D3,6,Catherine Ross,10/14/25,11:25,1,Running,
B,Odocoileus virginianus,D3_IMG_0003,D3,2,Catherine Ross,10/10/25,6:43,1,Resting,Deer was peeing/pooping
B,Vulpes vulpes,D3_IMG_0004,D3,4,Catherine Ross,10/12/25,3:54,1,Walking,Only tail is visible
B,Sciurus carolinensis,D2_IMG_0104,D2,12,Paige Masi,10/20/25,9:12,1,Foraging,Walks off camera with head down 
B,Odocoileus virginianus,D3_IMG_0005,D3,4,Catherine Ross,10/12/25,17:59,1,Foraging,
B,Sciurus carolinensis,D3_IMG_0005,D3,4,Catherine Ross,10/12/25,17:59,1,Foraging,
B,Sciurus carolinensis,D2_IMG_0103,D2,12,Paige Masi,10/20/25,9:03,1,Walking,Not 100% clear that it was a squirrel since can only see part of it but deduced due to time proximity (less than 30 mins before) squirrel was identified by the camera
B,Sciurus carolinensis,D2_IMG_0102,D2,12,Paige Masi,10/20/25,7:34,1,Walking,Black morph
B,Odocoileus virginianus,D3_IMG_0006,D3,5,Catherine Ross,10/13/25,9:03,1,Walking,
B,Odocoileus virginianus,D2_IMG_0101,D2,12,Paige Masi,10/20/25,7:23,3,Walking,"2 walking past in a line, one sitting in back eating"
B,Odocoileus virginianus,D3_IMG_0007,D3,6,Catherine Ross,10/14/25,10:51,1,Running,
B,Odocoileus virginianus,D3_IMG_0010,D3,7,Catherine Ross,10/15/25,17:51,1,Walking,
B,Odocoileus virginianus,D3_IMG_0011,D3,8,Catherine Ross,10/16/25,16:35,1,Vigilant,
B,Odocoileus virginianus,D3_IMG_0012,D3,11,Catherine Ross,10/19/25,6:51,1,Foraging,
B,Odocoileus virginianus,D2_IMG_0099,D2,12,Paige Masi,10/20/25,6:29,1,Foraging,"Can only see chest, likely eating leaves off of the tree"
B,Odocoileus virginianus,D2_IMG_0098,D2,12,Paige Masi,10/20/25,6:28,3,Resting,"2 standing, possibly eating, and one resting"
B,Sciurus carolinensis,D2_IMG_0097,D2,11,Paige Masi,10/19/25,16:00,1,Walking,
A,Odocoileus virginianus,D4_IMG_0032,D4,10,Solomon Williams,10/17/25,13:10,1,Foraging,Deer foraging along forest floor
B,Sciurus carolinensis,D2_IMG_0096,D2,11,Paige Masi,10/19/25,7:12,2,Walking,Climbs tree but then scurries back down 
B,Odocoileus virginianus,D2_IMG_0100,D2,12,Paige Masi,10/20/25,7:20,2,Resting,Assuming the one sitting and eating is the same as in D2_IMG_0101; one walking off camera
B,Odocoileus virginianus,D2_IMG_0094,D2,11,Paige Masi,10/19/25,5:48,1,Foraging,Walking with nose down to soil
B,Odocoileus virginianus,D2_IMG_0093,D2,11,Paige Masi,10/19/25,5:47,1,Walking,
B,Odocoileus virginianus,D2_IMG_0092,D2,11,Paige Masi,10/19/25,0:37,1,Walking,
B,Odocoileus virginianus,D2_IMG_0091,D2,11,Paige Masi,10/19/25,0:35,1,Walking,
B,Odocoileus virginianus,D2_IMG_0090,D2,10,Paige Masi,10/18/25,23:35,1,Walking,
B,Turdus migratorius,D2_IMG_0089,D2,10,Paige Masi,10/18/25,14:05,1,Walking,Was perched and then walked off
B,Didelphis virginiana,D2_IMG_0088,D2,10,Paige Masi,10/18/25,13:42,1,Walking,Very small to see in distance and camouflaged into the leaves but can see outline
B,Sciurus carolinensis,D2_IMG_0087,D2,10,Paige Masi,10/18/25,13:29,2,Foraging,Digging and looking for scents; one gray morph
B,Turdus migratorius,D2_IMG_0086,D2,10,Paige Masi,10/18/25,13:04,1,Resting,
B,Sciurus carolinensis,D2_IMG_0085,D2,10,Paige Masi,10/18/25,12:45,1,Walking,Gray morph
B,Didelphis virginiana,D2_IMG_0083,D2,10,Paige Masi,10/18/25,3:20,1,Foraging,Sniffing ground
B,Odocoileus virginianus,D2_IMG_0082,D2,9,Paige Masi,10/17/25,18:07,1,Walking,
B,Sciurus carolinensis,D2_IMG_0081,D2,9,Paige Masi,10/17/25,13:37,2,Running,Chasing after each other 
B,Sciurus carolinensis,D2_IMG_0080,D2,9,Paige Masi,10/17/25,12:23,1,Walking,
B,Sciurus carolinensis,D2_IMG_0079,D2,9,Paige Masi,10/17/25,8:54,1,Foraging,
B,Sciurus carolinensis,D2_IMG_0078,D2,9,Paige Masi,10/17/25,8:02,1,Foraging,
B,Sciurus carolinensis,D2_IMG_0077,D2,9,Paige Masi,10/17/25,7:29,1,Foraging,
B,Vulpes vulpes,D2_IMG_0076,D2,9,Paige Masi,10/17/25,0:29,1,Resting,Can only see tail 
B,Odocoileus virginianus,D2_IMG_0075,D2,8,Paige Masi,10/16/25,16:20,1,Walking,
B,Sciurus carolinensis,D2_IMG_0043,D2,6,Paige Masi,10/25/25,9:41,1,Foraging,
A,Odocoileus virginianus,D5_IMG_0003,D5,0,Hannah Floyd,10/8/25,18:24,1,Foraging,
A,Odocoileus virginianus,D5_IMG_0004,D5,1,Hannah Floyd,10/9/25,0:45,1,Walking,
A,Odocoileus virginianus,D5_IMG_0005,D5,1,Hannah Floyd,10/9/25,6:20,1,Walking,
A,Odocoileus virginianus,D5_IMG_0006,D5,1,Hannah Floyd,10/9/25,6:27,1,Foraging,
A,Odocoileus virginianus,D5_IMG_0007,D5,1,Hannah Floyd,10/9/25,6:34,2,Vigilant,There were 2 deer; 1 (without antlers) ran away in the very beginning; 1 (with antlers) emerged and was very vigilant throughout
A,Odocoileus virginianus,D5_IMG_0008,D5,1,Hannah Floyd,10/9/25,7:09,1,Walking,
A,Odocoileus virginianus,D5_IMG_0009,D5,1,Hannah Floyd,10/9/25,7:57,1,Walking,
A,Odocoileus virginianus,D5_IMG_0010,D5,1,Hannah Floyd,10/9/25,14:01,1,Walking,
A,Odocoileus virginianus,D5_IMG_0011,D5,1,Hannah Floyd,10/9/25,19:22,1,Walking,
A,Odocoileus virginianus,D5_IMG_0012,D5,2,Hannah Floyd,10/10/25,18:09,1,Walking,
A,Odocoileus virginianus,D5_IMG_0013,D5,3,Hannah Floyd,10/11/25,6:35,1,Walking,
A,Odocoileus virginianus,D5_IMG_0014,D5,3,Hannah Floyd,10/11/25,7:15,1,Vigilant,
A,Odocoileus virginianus,D5_IMG_0015,D5,3,Hannah Floyd,10/11/25,8:58,2,Foraging,
A,Odocoileus virginianus,D5_IMG_0016,D5,3,Hannah Floyd,10/11/25,9:00,2,Foraging,
A,Odocoileus virginianus,D5_IMG_0017,D5,4,Hannah Floyd,10/12/25,7:38,2,Running,"first one running, second one walking"
A,Odocoileus virginianus,D5_IMG_0018,D5,4,Hannah Floyd,10/12/25,7:40,1,Walking,
A,Odocoileus virginianus,D5_IMG_0019,D5,4,Hannah Floyd,10/12/25,13:29,1,Walking,
A,Odocoileus virginianus,D5_IMG_0020,D5,5,Hannah Floyd,10/13/25,8:39,3,Walking,
A,Odocoileus virginianus,D5_IMG_0021,D5,5,Hannah Floyd,10/13/25,13:25,1,Walking,
A,Odocoileus virginianus,D5_IMG_0022,D5,5,Hannah Floyd,10/13/25,14:42,2,Walking,second one ran by briefly
A,Odocoileus virginianus,D5_IMG_0023,D5,6,Hannah Floyd,10/14/25,7:26,1,Walking,
A,Odocoileus virginianus,D5_IMG_0024,D5,6,Hannah Floyd,10/14/25,11:07,1,Running,
A,Odocoileus virginianus,D5_IMG_0025,D5,7,Hannah Floyd,10/15/25,12:39,1,Walking,
A,Odocoileus virginianus,D5_IMG_0026,D5,10,Hannah Floyd,10/18/25,8:14,1,Running,
A,Odocoileus virginianus,D5_IMG_0027,D5,10,Hannah Floyd,10/18/25,13:27,2,Running,
A,Odocoileus virginianus,D5_IMG_0028,D5,11,Hannah Floyd,10/19/25,15:09,1,Walking,
A,Odocoileus virginianus,D5_IMG_0029,D5,11,Hannah Floyd,10/19/25,18:32,1,Walking,
A,Odocoileus virginianus,E6_IMG_0002,E6,0,Alex Gayer,10/7/25,17:36,1,Walking,
A,Odocoileus virginianus,E6_IMG_0003,E6,0,Alex Gayer,10/7/25,18:57,1,Walking,
A,Odocoileus virginianus,E6_IMG_0004,E6,1,Alex Gayer,10/8/25,3:59,1,Walking,
A,Odocoileus virginianus,E6_IMG_0005,E6,1,Alex Gayer,10/8/25,11:05,1,Walking,
A,Sciurus carolinensis,E6_IMG_0006,E6,2,Alex Gayer,10/9/25,7:55,1,Running,
A,Odocoileus virginianus,E6_IMG_0006,E6,2,Alex Gayer,10/9/25,7:56,1,Walking,
A,Odocoileus virginianus,E6_IMG_0007,E6,2,Alex Gayer,10/9/25,13:59,2,Vigilant,Other deer runs by in background
A,Odocoileus virginianus,E6_IMG_0008,E6,3,Alex Gayer,10/10/25,18:09,1,Resting,
A,Odocoileus virginianus,E6_IMG_0009,E6,3,Alex Gayer,10/10/25,20:12,1,Walking,
A,Odocoileus virginianus,E6_IMG_0010,E6,3,Alex Gayer,10/10/25,20:30,3,Walking,
A,Odocoileus virginianus,E6_IMG_0011,E6,3,Alex Gayer,10/11/25,7:09,2,Vigilant,Baby deer hops over log and runs up by mom
A,Odocoileus virginianus,E6_IMG_0012,E6,4,Alex Gayer,10/11/25,17:01,1,Vigilant,
A,Odocoileus virginianus,E6_IMG_0013,E6,4,Alex Gayer,10/11/25,17:05,1,Vigilant,Started walking and head bobbing
A,Odocoileus virginianus,E6_IMG_0014,E6,4,Alex Gayer,10/11/25,17:07,1,Vigilant,
A,Odocoileus virginianus,E6_IMG_0015,E6,4,Alex Gayer,10/11/25,22:44,1,Walking,
A,Odocoileus virginianus,E6_IMG_0016,E6,5,Alex Gayer,10/12/25,12:44,3,Vigilant,
A,Odocoileus virginianus,E6_IMG_0017,E6,5,Alex Gayer,10/12/25,13:31,1,Vigilant,
A,Odocoileus virginianus,E6_IMG_0019,E6,5,Alex Gayer,10/12/25,17:42,1,Walking,
A,Odocoileus virginianus,E6_IMG_0020,E6,6,Alex Gayer,10/13/25,23:22,1,Walking,
A,Odocoileus virginianus,E6_IMG_0021,E6,8,Alex Gayer,10/15/25,2:06,1,Walking,
A,Odocoileus virginianus,E6_IMG_0023,E6,10,Alex Gayer,10/17/25,0:12,1,Walking,
A,Odocoileus virginianus,E6_IMG_0024,E6,10,Alex Gayer,10/17/25,0:23,1,Walking,
A,Odocoileus virginianus,E6_IMG_0025,E6,10,Alex Gayer,10/17/25,0:28,1,Walking,
A,Odocoileus virginianus,E6_IMG_0026,E6,11,Alex Gayer,10/18/25,9:06,1,Walking,
A,Odocoileus virginianus,E6_IMG_0027,E6,11,Alex Gayer,10/18/25,14:01,1,Walking,
A,Odocoileus virginianus,E6_IMG_0028,E6,11,Alex Gayer,10/18/25,14:07,1,Vigilant,
A,Odocoileus virginianus,E6_IMG_0029,E6,11,Alex Gayer,10/18/25,14:09,1,Vigilant,Same deer as E6_IMG_0028
A,Odocoileus virginianus,E6_IMG_0030,E6,11,Alex Gayer,10/18/25,14:10,1,Vigilant,Same deer as E6_IMG_0029
A,Odocoileus virginianus,E6_IMG_0031,E6,11,Alex Gayer,10/18/25,14:12,1,Vigilant,Same deer as E6_IMG_0030
A,Sciurus carolinensis,E6_IMG_0032,E6,11,Alex Gayer,10/18/25,15:42,1,N/A,Only tail is visible
A,Odocoileus virginianus,E6_IMG_0033,E6,11,Alex Gayer,10/18/25,16:06,1,Foraging,
A,Odocoileus virginianus,E6_IMG_0034,E6,12,Alex Gayer,10/19/25,5:31,1,Walking,
A,Odocoileus virginianus,E6_IMG_0036,E6,12,Alex Gayer,10/19/25,8:58,2,Walking,
A,Odocoileus virginianus,E6_IMG_0039,E6,13,Alex Gayer,10/20/25,10:04,4,Running,
A,Odocoileus virginianus,E6_IMG_0022,D4,11,Solomon Williams,10/19/25,6:45,1,Vigilant,Singular deer with growing antlers. Periods of vigilance intermixed with a couple short walks!
B,Sciurus carolinensis,D2_IMG_0050,D2,6,Catherine Ross,10/14/25,13:33,1,Foraging,
B,Cyanocitta cristata,D2_IMG_0051,D2,6,Catherine Ross,10/14/25,13:38,2,Resting,
B,Turdus migratorius,D2_IMG_0052,D2,6,Catherine Ross,10/14/25,14:31,3,Foraging,
A,Odocoileus virginianus,D4_IMG_0023,D4,4,Trinity Smith,10/12/25,7:37,1,Walking,
A,Odocoileus virginianus,D4_IMG_0027,D4,7,Trinity Smith,10/15/25,12:57,2,Walking,Two deer sorta idly walking and standing around. Not necessarily foraging but interacting with each other and one sniffed the ground. also sniffing each other's butts
B,Turdus migratorius,D2_IMG_0053,D2,6,Catherine Ross,10/14/25,16:00,1,Foraging,
B,Sciurus carolinensis,D2_IMG_0054,D2,6,Catherine Ross,10/14/25,17:24,1,Foraging,
B,Odocoileus virginianus,D2_IMG_0055,D2,6,Catherine Ross,10/14/25,17:39,1,Resting,
A,Odocoileus virginianus,D4_IMG_0078,D4,11,Samantha Handwerk,10/19/25,11:26,1,Walking,Hind end of body captured walking out of frame
B,Odocoileus virginianus,D2_IMG_0056,D2,6,Catherine Ross,10/14/25,17:43,1,Foraging,
B,Odocoileus virginianus,D2_IMG_0057,D2,6,Catherine Ross,10/14/25,17:54,2,Foraging,
B,Odocoileus virginianus,D2_IMG_0058,D2,6,Catherine Ross,10/14/25,18:47,1,Foraging,
B,Didelphis virginiana,D2_IMG_0059,D2,6,Catherine Ross,10/14/25,21:49,1,Foraging,
B,Vulpes vulpes,D2_IMG_0060,D2,7,Catherine Ross,10/15/25,2:33,1,Running,
B,Sciurus carolinensis,D2_IMG_0061,D2,7,Catherine Ross,10/15/25,7:47,1,Foraging,
A,Unknown,D4_IMG_0020,D4,3,Trinity Smith,10/11/25,2:48,1,N/A,A miscillanious/Unknown animal messing with the camera
B,Sciurus carolinensis,D2_IMG_0040,D2,5,Catherine Ross,10/13/25,15:35,1,Foraging,
B,Odocoileus virginianus,D2_IMG_041,D2,6,Catherine Ross,10/14/25,6:17,1,Foraging,
B,Sciurus carolinensis,D2_IMG_0042,D2,6,Catherine Ross,10/14/25,9:26,1,Foraging,
B,Sciurus carolinensis,D2_IMG_0044,D2,6,Catherine Ross,10/14/25,9:46,1,Foraging,
B,Sciurus carolinensis,D2_IMG_0045,D2,6,Catherine Ross,10/14/25,10:36,1,Foraging,
B,Sciurus carolinensis,D2_IMG_0046,D2,6,Catherine Ross,10/14/25,10:44,1,Foraging,
B,Sciurus carolinensis,D2_IMG_0047,D2,6,Catherine Ross,10/14/25,10:52,1,Foraging,
B,Sciurus carolinensis,D2_IMG_0048,D2,6,Catherine Ross,10/14/25,11:44,1,Running,
B,Sciurus carolinensis,D2_IMG_0049,D2,6,Catherine Ross,10/14/25,12:36,1,Running,
B,Sciurus carolinensis,D2_IMG_0062,D2,7,Catherine Ross,10/15/25,7:59,2,Foraging,
B,Sciurus carolinensis,D2_IMG_0063,D2,7,Catherine Ross,10/15/25,10:43,1,Foraging,
B,Sciurus carolinensis,D2_IMG_0065,D2,7,Catherine Ross,10/15/25,13:11,1,Foraging,
B,Odocoileus virginianus,D2_IMG_0066,D2,7,Catherine Ross,10/15/25,13:16,1,Foraging,
B,Odocoileus virginianus,D2_IMG_0067,D2,7,Catherine Ross,10/15/25,13:24,2,Foraging,
B,Odocoileus virginianus,D2_IMG_0068,D2,7,Catherine Ross,10/15/25,13:26,1,Walking,
B,Sciurus carolinensis,D2_IMG_0069,D2,7,Catherine Ross,10/15/25,17:45,1,Foraging,
B,Procyon lotor,D2_IMG_0070,D2,7,Catherine Ross,10/15/25,23:46,1,Walking,
B,Procyon lotor,D2_IMG_0071,D2,8,Catherine Ross,10/16/25,4:04,1,Foraging,
B,Odocoileus virginianus,D2_IMG_0072,D2,8,Catherine Ross,10/16/25,8:58,1,Foraging,
B,Odocoileus virginianus,D2_IMG_0073,D2,8,Catherine Ross,10/16/25,8:59,1,Foraging,
B,Odocoileus virginianus,D2_IMG_0074,D2,8,Catherine Ross,10/16/25,9:02,1,Foraging,
B,Odocoileus virginianus,D2_IMG_0001,D2,0,Sarah Geerges,10/8/25,17:51,1,Walking,deer walked past camera; then ran back in opp direction
B,Odocoileus virginianus,D2_IMG_0003,D2,1,Sarah Geerges,10/9/25,6:16,2,Running,2 deer ran one after the other; no other animal running after them
B,Odocoileus virginianus,D2_IMG_0004,D2,1,Sarah Geerges,10/9/25,6:33,1,Walking,
B,Sciurus carolinensis,D2_IMG_0005,D2,1,Sarah Geerges,10/9/25,7:57,1,Vigilant,"squirell one in frame for few seconds; could have been forgaing, but not clear"
B,Odocoileus virginianus,D2_IMG_0006,D2,1,Sarah Geerges,10/9/25,8:26,1,Walking,
B,Sciurus carolinensis,D2_IMG_0007,D2,1,Sarah Geerges,10/9/25,13:00,1,Foraging,"black squirrel moving in straight line, seems to be foraging"
B,Odocoileus virginianus,D2_IMG_0009,D2,1,Sarah Geerges,10/9/25,21:24,1,Walking,was chewing as they it was walking
B,Didelphis virginiana,D2_IMG_0010,D2,1,Sarah Geerges,10/9/25,21:47,1,Foraging,walked in straight line across camera
B,Sciurus carolinensis,D2_IMG_0011,D2,2,Sarah Geerges,10/10/25,3:23,1,N/A,could only see ears in video; seems to be a squirrel
B,Odocoileus virginianus,D2_IMG_0012,D2,2,Sarah Geerges,10/10/25,6:59,1,Foraging,
B,Sciurus carolinensis,D2_IMG_0013,D2,2,Sarah Geerges,10/10/25,7:04,1,Foraging,running and stopping at points to forage
B,Sciurus carolinensis,D2_IMG_0014,D2,2,Sarah Geerges,10/10/25,12:13,1,Foraging,
B,Sciurus carolinensis,D2_IMG_0016,D2,2,Sarah Geerges,10/10/25,15:02,1,Foraging,remained in camera view for most of video 
B,Sciurus carolinensis,D2_IMG_0017,D2,2,Sarah Geerges,10/10/25,15:17,1,Foraging,"foraging, then ran across camera view"
B,Sciurus carolinensis,D2_IMG_0018,D2,2,Sarah Geerges,10/10/25,15:19,1,Foraging,eating
B,Didelphis virginiana,D2_IMG_0020,D2,3,Sarah Geerges,10/11/25,3:45,1,Foraging,
B,Didelphis virginiana,D2_IMG_0021,D2,3,Sarah Geerges,10/11/25,3:53,1,Foraging,
B,Odocoileus virginianus,D2_IMG_0022,D2,3,Sarah Geerges,10/11/25,6:16,2,Walking,"not alert, just walking and sniffing around"
B,Odocoileus virginianus,D2_IMG_0023,D2,3,Sarah Geerges,10/11/25,7:16,1,Walking,has antlers
B,Sciurus carolinensis,D2_IMG_0024,D2,3,Sarah Geerges,10/11/25,8:34,1,Running,"was running, then paused for a second and continued in path"
B,Sciurus carolinensis,D2_IMG_0025,D2,3,Sarah Geerges,10/11/25,9:07,1,Foraging,
B,Sciurus carolinensis,D2_IMG_0026,D2,3,Sarah Geerges,10/11/25,11:23,1,Foraging,
B,Sciurus carolinensis,D2_IMG_0028,D2,3,Sarah Geerges,10/11/25,15:09,1,Foraging,"was pausing a lot in track, so likely foraging"
B,Vulpes vulpes,D2_IMG_0029,D2,4,Sarah Geerges,10/12/25,0:34,1,Walking,could only see tail
B,Odocoileus virginianus,D2_IMG_0030,D2,4,Sarah Geerges,10/12/25,13:33,1,Foraging,
B,Odocoileus virginianus,D2_IMG_0031,D2,4,Sarah Geerges,10/12/25,13:47,1,Running,
B,Sciurus carolinensis,D2_IMG_0032,D2,4,Sarah Geerges,10/12/25,16:47,1,Foraging,digging
B,Procyon lotor,D2_IMG_0034,D2,5,Sarah Geerges,10/13/25,1:53,1,Foraging,
B,Sciurus carolinensis,D2_IMG_0035,D2,5,Sarah Geerges,10/13/25,7:13,1,N/A,could only see end of tail - black 
B,Sciurus carolinensis,D2_IMG_0037,D2,5,Sarah Geerges,10/13/25,10:06,1,Foraging,"Remained in one spo, so likely foraging - could only see tail"
B,Odocoileus virginianus,D2_IMG_0039,D2,5,Sarah Geerges,10/13/25,14:25,1,Running,went off camera
A,Odocoileus virginianus,E5_IMG_0001.AVI,E5,0,Carter Lang,10/7/25,18:14,1,Vigilant,
A,Odocoileus virginianus,E5_IMG_0002.AVI,E5,0,Carter Lang,10/7/25,18:23,3,Walking,"2 Females, 1 male. "
A,Odocoileus virginianus,E5_IMG_0003.AVI,E5,0,Carter Lang,10/7/25,18:27,2,Foraging,
A,Odocoileus virginianus,E5_IMG_0004.AVI,E5,0,Carter Lang,10/7/25,18:28,1,Foraging,Also Vigilant
A,Odocoileus virginianus,E5_IMG_0005.AVI,E5,0,Carter Lang,10/7/25,20:15,2,Walking,
A,Odocoileus virginianus,E5_IMG_0006.AVI,E5,0,Carter Lang,10/7/25,20:17,2,Walking,
A,Odocoileus virginianus,E5_IMG_0007.AVI,E5,0,Carter Lang,10/7/25,20:46,1,Vigilant,
A,Odocoileus virginianus,E5_IMG_0008.AVI,E5,0,Carter Lang,10/7/25,20:48,1,Foraging,
A,Odocoileus virginianus,E5_IMG_0009.AVI,E5,1,Carter Lang,10/8/25,6:16,1,Walking,Male
A,Odocoileus virginianus,E5_IMG_0012.AVI,E5,2,Carter Lang,10/9/25,3:41,1,Walking,White spots present
A,Odocoileus virginianus,E5_IMG_0013.AVI,E5,2,Carter Lang,10/9/25,23:06,1,Walking,
A,Odocoileus virginianus,E5_IMG_0014.AVI,E5,3,Carter Lang,10/10/25,13:39,2,Running,1 was a faun
A,Odocoileus virginianus,E5_IMG_0015.AVI,E5,3,Carter Lang,10/10/25,17:34,1,Walking,Male
A,Odocoileus virginianus,E5_IMG_0016.AVI,E5,3,Carter Lang,10/10/25,20:33,1,Walking,
A,Odocoileus virginianus,E5_IMG_0017.AVI,E5,4,Carter Lang,10/11/25,2:02,1,Walking,
A,Odocoileus virginianus,E5_IMG_0018.AVI,E5,4,Carter Lang,10/11/25,8:57,2,Walking,
A,Odocoileus virginianus,E5_IMG_0019.AVI,E5,4,Carter Lang,10/11/25,8:58,1,Walking,
A,Odocoileus virginianus,E5_IMG_0021.AVI,E5,4,Carter Lang,10/11/25,18:05,1,N/A,
A,Odocoileus virginianus,E5_IMG_0022.AVI,E5,4,Carter Lang,10/11/25,18:09,1,N/A,
A,Odocoileus virginianus,E5_IMG_0023.AVI,E5,5,Carter Lang,10/12/25,7:20,2,Walking,
A,Odocoileus virginianus,E5_IMG_0024.AVI,E5,5,Carter Lang,10/12/25,7:25,1,Walking,
A,Odocoileus virginianus,E5_IMG_0025.AVI,E5,5,Carter Lang,10/12/25,12:44,1,Walking,
A,Odocoileus virginianus,E5_IMG_0026.AVI,E5,5,Carter Lang,10/12/25,12:51,1,Foraging,
A,Odocoileus virginianus,E5_IMG_0027.AVI,E5,5,Carter Lang,10/12/25,12:53,1,Foraging,
A,Odocoileus virginianus,E5_IMG_0028.AVI,E5,5,Carter Lang,10/12/25,13:36,1,Walking,
A,Odocoileus virginianus,E5_IMG_0029.AVI,E5,5,Carter Lang,10/14/25,6:59,1,Walking,
A,Odocoileus virginianus,E5_IMG_0030.AVI,E5,7,Carter Lang,10/14/25,10:37,1,Walking,
A,Odocoileus virginianus,E5_IMG_0031.AVI,E5,7,Carter Lang,10/14/25,10:48,1,Running,
A,Odocoileus virginianus,E5_IMG_0032.AVI,E5,7,Carter Lang,10/14/25,11:06,1,Walking,
A,Odocoileus virginianus,E5_IMG_0034.AVI,E5,7,Carter Lang,10/14/25,11:23,1,Running,
A,Odocoileus virginianus,E5_IMG_0035.AVI,E5,8,Carter Lang,10/15/25,14:24,2,Vigilant,
A,Odocoileus virginianus,E5_IMG_0036.AVI,E5,8,Carter Lang,10/15/25,22:28,1,Walking,
A,Odocoileus virginianus,E5_IMG_0037.AVI,E5,9,Carter Lang,10/16/25,4:41,2,Walking,Second deer runs by at end of clip
A,Odocoileus virginianus,E5_IMG_0038.AVI,E5,9,Carter Lang,10/16/25,4:53,1,Walking,
A,Odocoileus virginianus,E5_IMG_0039.AVI,E5,9,Carter Lang,10/16/25,14:56,1,Walking,
A,Cardinalis cardinalis,E5_IMG_0041.AVI,E5,10,Carter Lang,10/17/25,17:39,1,Resting,
A,Cyanocitta cristata,E5_IMG_0041.AVI,E5,10,Carter Lang,10/17/25,17:39,1,Flying,
A,Odocoileus virginianus,E5_IMG_0041.AVI,E5,10,Carter Lang,10/17/25,17:39,1,Walking,
A,Odocoileus virginianus,E5_IMG_0042.AVI,E5,11,Carter Lang,10/18/25,13:29,2,Running,
A,Odocoileus virginianus,E5_IMG_0043.AVI,E5,11,Carter Lang,10/18/25,13:34,1,Foraging,
A,Odocoileus virginianus,E5_IMG_0044.AVI,E5,11,Carter Lang,10/18/25,18:35,1,Running,
A,Odocoileus virginianus,E5_IMG_0045.AVI,E5,12,Carter Lang,10/19/25,0:32,1,Walking,
A,Odocoileus virginianus,E5_IMG_0046.AVI,E5,12,Carter Lang,10/19/25,0:44,1,Walking,
A,Odocoileus virginianus,E5_IMG_0047.AVI,E5,12,Carter Lang,10/19/25,6:30,1,Walking,
A,Odocoileus virginianus,E5_IMG_0048.AVI,E5,12,Carter Lang,10/19/25,6:37,1,Walking,
A,Odocoileus virginianus,E5_IMG_0049.AVI,E5,12,Carter Lang,10/19/25,6:39,1,Walking,
A,Odocoileus virginianus,E5_IMG_0050.AVI,E5,12,Carter Lang,10/19/25,6:42,1,Walking,
A,Odocoileus virginianus,E5_IMG_0051.AVI,E5,12,Carter Lang,10/19/25,18:34,1,Walking,
A,Odocoileus virginianus,E5_IMG_0052.AVI,E5,13,Carter Lang,10/20/25,1:47,1,Walking,
B,Buteo lineatus,C1_IMG_0001.AVI,C1,0,Nama Babikier,10/8/25,16:26,1,Resting,
B,Sciurus carolinensis,C1_IMG_0002.AVI,C1,2,Nama Babikier,10/10/25,9:45,1,Walking,
B,Sciurus carolinensis,C1_IMG_0003.AVI,C1,2,Nama Babikier,10/10/25,9:50,1,Running,
B,Tamias striatus,C1_IMG_0004.AVI,C1,3,Nama Babikier,10/11/25,7:02,1,Running,
B,Tamias striatus,C1_IMG_0005.AVI,C1,3,Nama Babikier,10/11/25,14:34,1,Running,
B,Tamias striatus,C1_IMG_0006.AVI,C1,4,Nama Babikier,10/12/25,7:01,1,Running,
B,Tamias striatus,C1_IMG_0007.AVI,C1,5,Nama Babikier,10/13/25,1:42,1,Running,
B,Odocoileus virginianus,C1_IMG_0008.AVI,C1,5,Nama Babikier,10/13/25,9:22,1,Walking,
B,Sciurus carolinensis,C1_IMG_0009.AVI,C1,5,Nama Babikier,10/13/25,10:39,1,Running,
B,Tamias striatus,C1_IMG_0010.AVI,C1,6,Nama Babikier,10/14/25,6:59,1,Running,
B,Tamias striatus,C1_IMG_0011.AVI,C1,9,Nama Babikier,10/17/25,8:00,1,Foraging,
B,Sciurus carolinensis,C1_IMG_0012.AVI,C1,9,Nama Babikier,10/17/25,8:59,1,Resting,
B,Tamias striatus,C1_IMG_0013.AVI,C1,10,Nama Babikier,10/18/25,7:39,1,Resting,
B,Sciurus carolinensis,C1_IMG_0014.AVI,C1,10,Nama Babikier,10/18/25,12:51,1,Running,
B,Odocoileus virginianus,C1_IMG_0015.AVI,C1,10,Nama Babikier,10/18/25,18:31,1,Vigilant,
B,Tamias striatus,C1_IMG_0016.AVI,C1,11,Nama Babikier,10/19/25,8:45,1,Foraging,
B,Odocoileus virginianus,C1_IMG_0017.AVI,C1,11,Nama Babikier,10/19/25,9:21,1,Walking,
B,Sciurus carolinensis,D1_IMG_0064.AVI,D1,12,Nama Babikier,10/20/25,7:44,1,Running,
B,Procyon lotor,D1_IMG_0063.AVI,D1,12,Nama Babikier,10/20/25,12:44,1,Walking,
B,Sciurus carolinensis,D1_IMG_0061.AVI,D1,11,Nama Babikier,10/19/25,18:05,1,Foraging,
B,Sciurus carolinensis,D1_IMG_0060.AVI,D1,11,Nama Babikier,10/19/25,18:04,1,Walking,
B,Odocoileus virginianus,D1_IMG_0059.AVI,D1,11,Nama Babikier,10/19/25,9:15,1,Foraging,
B,Sciurus carolinensis,D1_IMG_0058.AVI,D1,10,Nama Babikier,10/18/25,16:31,1,Walking,
B,Sciurus carolinensis,D1_IMG_0057.AVI,D1,10,Nama Babikier,10/18/25,10:44,1,Walking,
B,Sciurus carolinensis,D1_IMG_0056.AVI,D1,10,Nama Babikier,10/18/25,10:31,1,Foraging,
B,Sciurus carolinensis,D1_IMG_0054.AVI,D1,10,Nama Babikier,10/18/25,7:46,3,Running,
B,Procyon lotor,D1_IMG_0053.AVI,D1,10,Nama Babikier,10/18/25,12:02,1,Walking,
B,Sciurus carolinensis,D1_IMG_0052.AVI,D1,9,Nama Babikier,10/17/25,7:38,1,Walking,
B,Odocoileus virginianus,C6_IMG_0002.AVI,C6,0,Maya Cabrera,10/8/25,17:27,1,Foraging,"Was foraging at first, and then stopped and looked around for a while, then foraged again, and then stopped and looked around again "
B,Odocoileus virginianus,C6_IMG_0003.AVI,C6,0,Maya Cabrera,10/8/25,17:29,1,Foraging,
B,Unknown,C6_IMG_0004.AVI,C6,1,Maya Cabrera,10/9/25,10:27,1,N/A,"At the very beginning of the video, there is a flash of the animal on the right side of the screen, but it is unidentifiable"
B,Odocoileus virginianus,C6_IMG_0008.AVI,C6,2,Maya Cabrera,10/10/25,10:49,1,Walking,
B,Odocoileus virginianus,C6_IMG_0008.AVI,C6,4,Maya Cabrera,10/12/25,4:20,1,Running,
B,Odocoileus virginianus,C6_IMG_0014.AVI,C6,6,Maya Cabrera,10/14/25,7:40,1,N/A,Flash of a tail going down on the right side of the screen
B,Odocoileus virginianus,C6_IMG_0015.AVI,C6,6,Maya Cabrera,10/14/25,10:32,1,Walking,
B,Unknown,C6_IMG_0016.AVI,C6,7,Maya Cabrera,10/15/25,8:49,1,N/A,"Flash of a tail on the right side of the screen, animal is unidentifiable"
B,Colaptes auratus,C6_IMG_0018.AVI,C6,7,Maya Cabrera,10/15/25,14:32,1,N/A,Hopping down a tree branch
B,Unknown,C6_IMG_0021.AVI,C6,9,Maya Cabrera,10/17/25,3:31,1,N/A,"Some animal digging by the bottom of the screen, does not come into view"
B,Odocoileus virginianus,C6_IMG_0023.AVI,C6,9,Maya Cabrera,10/17/25,11:57,1,Walking,
B,Odocoileus virginianus,C6_IMG_0024.AVI,C6,9,Maya Cabrera,10/17/25,13:39,1,Walking,
B,Sciurus carolinensis,C6_IMG_0029.AVI,C6,10,Maya Cabrera,10/18/25,9:25,1,Running,
B,Cyanocitta cristata,C6_IMG_0030.AVI,C6,10,Maya Cabrera,10/18/25,13:19,1,N/A,Bird flying across screen
B,Sciurus carolinensis,C6_IMG_0031.AVI,C6,10,Maya Cabrera,10/18/25,19:40,1,N/A,Jumping across screen ; may be a Southern Flying squirrel
B,Sciurus carolinensis,C6_IMG_0032.AVI,C6,10,Maya Cabrera,10/18/25,22:01,1,Running,"Running up tree, presumably squirrel"
B,Odocoileus virginianus,C6_IMG_0033.AVI,C6,11,Maya Cabrera,10/19/25,8:48,1,Walking,
B,Sciurus carolinensis,C6_IMG_0034.AVI,C6,11,Maya Cabrera,10/19/25,10:11,1,Resting,"Rested on tree branch for majority of the video, then left"
B,Sciurus carolinensis,C6_IMG_0035.AVI,C6,11,Maya Cabrera,10/19/25,10:51,2,N/A,Two squirrels playing
B,Didelphis virginiana,D1_IMG_0004.AVI,D1,0,Nethra Suresh,10/8/25,20:55,1,Walking,A possum walking around
B,Odocoileus virginianus,D1_IMG_0006.AVI,D1,1,Nethra Suresh,10/9/25,6:15,1,Walking,A deer walks right through
B,Odocoileus virginianus,D1_IMG_0007.AVI,D1,1,Nethra Suresh,10/9/25,6:20,1,Walking,"A deer walks right through. Seen chewing something, but nothing in the foreground."
B,Sciurus carolinensis,D1_IMG_0008.AVI,D1,1,Nethra Suresh,10/9/25,13:30,1,Running,A squirrel scampers out of frame.
B,Sciurus carolinensis,D1_IMG_0013.AVI,D1,2,Nethra Suresh,10/10/25,12:46,1,Foraging,"A squirrel scampers out of frame. Looks like it's foraging, slightly vigilant."
B,Sciurus carolinensis,D1_IMG_0014.AVI,D1,2,Nethra Suresh,10/10/25,13:04,2,N/A,"A squirrel scampers out of frame. Another squirrel whooshes past, bumping into another squirrel. A bit of a scuffle, then both out of frame."
B,Spizella passerina,D1_IMG_0017.AVI,D1,2,Nethra Suresh,10/10/25,16:22,1,N/A,A bird flies by.
B,Tamias striatus,D1_IMG_0019.AVI,D1,2,Nethra Suresh,10/10/25,16:32,1,Running,"A chipmunk scampers out of frame. In the background, a squirrel (?) forages."
B,Sciurus carolinensis,D1_IMG_0019.AVI,D1,2,Nethra Suresh,10/10/25,16:32,2,Foraging,"A chipmunk scampers out of frame. In the background, a squirrel (?) forages."
B,Sitta canadensis,D1_IMG_0020.AVI,D1,2,Nethra Suresh,10/10/25,16:49,2,Foraging,2 red-breasted nuthatches foraging.
B,Procyon lotor,D1_IMG_0021.AVI,D1,2,Nethra Suresh,10/10/25,23:59,1,Walking,Raccoon ambling through.
B,Odocoileus virginianus,D1_IMG_0022.AVI,D1,3,Nethra Suresh,10/11/25,1:58,1,Walking,A deer walks through. Potentially foraging.
B,Sciurus carolinensis,D1_IMG_0023.AVI,D1,3,Nethra Suresh,10/11/25,7:47,1,Foraging,Foraging squirrel.
B,Sciurus carolinensis,D1_IMG_0024.AVI,D1,3,Nethra Suresh,10/11/25,8:06,1,Running,A squirrel scampers out of frame.
B,Sciurus carolinensis,D1_IMG_0025.AVI,D1,3,Nethra Suresh,10/11/25,8:16,1,Running,A squirrel scampers out of frame.
B,Sciurus carolinensis,D1_IMG_0026.AVI,D1,3,Nethra Suresh,10/11/25,8:20,1,Running,A squirrel scampers out of frame.
B,Sciurus carolinensis,D1_IMG_0027.AVI,D1,3,Nethra Suresh,10/11/25,12:57,1,Walking,A flash of a squirrel's tail on right side of screen.
B,Procyon lotor,D1_IMG_0028.AVI,D1,3,Nethra Suresh,10/11/25,21:53,1,Running,Raccoon bolts through.
B,Vulpes vulpes,D1_IMG_0029.AVI,D1,3,Nethra Suresh,10/11/25,21:56,1,Walking,A fox finds a place to rest.
B,Vulpes vulpes,D1_IMG_0030.AVI,D1,3,Nethra Suresh,10/11/25,22:00,1,Resting,Fox just sits.
B,Sciurus carolinensis,D1_IMG_0031.AVI,D1,4,Nethra Suresh,10/12/25,7:21,1,Running,Squirrel runs out of frame.
B,Odocoileus virginianus,D1_IMG_0033.AVI,D1,4,Nethra Suresh,10/12/25,17:36,1,Foraging,Dear munching on something.
B,Odocoileus virginianus,D1_IMG_0035.AVI,D1,5,Nethra Suresh,10/13/25,13:07,1,Foraging,Dear munching on something.
B,Odocoileus virginianus,D1_IMG_0036.AVI,D1,5,Nethra Suresh,10/13/25,14:22,1,Walking,A deer walks through.
B,Sciurus carolinensis,D1_IMG_0037.AVI,D1,6,Nethra Suresh,10/14/25,10:23,1,Running,A squirrel scampers out of frame.
B,Sciurus carolinensis,D1_IMG_0038.AVI,D1,6,Nethra Suresh,10/14/25,12:53,1,Foraging,Foraging squirrel.
B,Tamias striatus,D1_IMG_0039.AVI,D1,6,Nethra Suresh,10/14/25,14:59,1,Running,Chimpunk runs in frame.
B,Sciurus carolinensis,D1_IMG_0040.AVI,D1,6,Nethra Suresh,10/14/25,15:20,1,Foraging,Foraging squirrel.
B,Sciurus carolinensis,D1_IMG_0041.AVI,D1,6,Nethra Suresh,10/14/25,18:05,2,Running,Two squirrels chasing each other
B,Sciurus carolinensis,D1_IMG_0042.AVI,D1,7,Nethra Suresh,10/15/25,7:47,1,Running,A squirrel scampers.
B,Sciurus carolinensis,D1_IMG_0043.AVI,D1,7,Nethra Suresh,10/15/25,8:27,1,Foraging,Foraging squirrel.
B,Sciurus carolinensis,D1_IMG_0044.AVI,D1,7,Nethra Suresh,10/15/25,9:08,1,Running,Squirrel runs out of frame.
B,Procyon lotor,D1_IMG_0047.AVI,D1,8,Nethra Suresh,10/16/25,2:18,1,Foraging,Foraging raccoon.
B,Odocoileus virginianus,D1_IMG_0048.AVI,D1,8,Nethra Suresh,10/16/25,5:36,1,Foraging,Foraging deer.
B,Sciurus carolinensis,D1_IMG_0049.AVI,D1,8,Nethra Suresh,10/16/25,8:12,1,Walking,Squirrel pops into frame at last second.
B,Sciurus carolinensis,D1_IMG_0050.AVI,D1,8,Nethra Suresh,10/16/25,8:58,1,Running,Squirrel runs out of frame.
B,Odocoileus virginianus,C2_IMG_0042,C2,5,Jenny Hua,10/13/25,15:14,1,Foraging,
B,Procyon lotor,C2_IMG_0005,C2,1,Bethany Suliguin,10/09/25,0:30,1,Walking,
B,Odocoileus virginianus,C2_IMG_0043,C2,5,Jenny Hua,10/13/25,17:52,1,Foraging,
B,Procyon lotor,C2_IMG_0006,C2,1,Bethany Suliguin,10/09/25,1:46,1,Walking,
B,Odocoileus virginianus,C2_IMG_0007,C2,1,Bethany Suliguin,10/09/25,6:22,1,Walking,
B,Vulpes vulpes,C2_IMG_0045,C2,5,Jenny Hua,10/13/25,22:12,1,Walking,
B,Odocoileus virginianus,C2_IMG_0008,C2,1,Bethany Suliguin,10/09/25,6:33,1,Walking,
B,Odocoileus virginianus,C2_IMG_0040,C2,6,Kade Jackson,10/13/25,15:11,1,Foraging,
B,Sciurus carolinensis,C2_IMG_00104,C2,8,Kade Jackson,10/16/25,14:39,1,Running,
B,Odocoileus virginianus,B5_IMG_0121,B5,3,Joy Kahugu,10/12/25,12:01,1,Foraging,
B,Sciurus carolinensis,B5_IMG_0160,B5,6,Anna Chittenden,10/15/25,7:13,1,Running,
B,Odocoileus virginianus,B5_IMG_0159,B5,6,Anna Chittenden,10/15/25,2:12,1,Walking,
B,Odocoileus virginianus,B5_IMG_0158,B5,6,Anna Chittenden,10/15/25,1:03,1,Walking,
B,Sciurus carolinensis,B5_IMG_0157,B5,5,Anna Chittenden,10/14/25,17:30,2,Running,
B,Sciurus carolinensis,B5_IMG_0156,B5,5,Anna Chittenden,10/14/25,17:27,2,Running,
B,Sciurus carolinensis,B5_IMG_0155,B5,5,Anna Chittenden,10/14/25,15:48,1,Running,
B,Odocoileus virginianus,B5_IMG_0153,B5,5,Anna Chittenden,10/14/25,14:55,1,Walking,
B,Sciurus carolinensis,B5_IMG_0152,B5,5,Anna Chittenden,10/14/25,14:00,1,Running,
B,Odocoileus virginianus,B5_IMG_0151,B5,5,Anna Chittenden,10/14/25,11:17,2,Walking,
B,Tamias striatus,B5_IMG_0150,B5,5,Anna Chittenden,10/14/25,10:50,1,Vigilant,
B,Odocoileus virginianus,B5_IMG_0149,B5,5,Anna Chittenden,10/14/25,10:44,1,Walking,
B,Odocoileus virginianus,B5_IMG_0148,B5,5,Anna Chittenden,10/14/25,10:41,1,Walking,
B,Tamias striatus,B5_IMG_0147,B5,5,Anna Chittenden,10/14/25,8:08,1,Running,
B,Odocoileus virginianus,B5_IMG_0146,B5,5,Anna Chittenden,10/14/25,7:31,1,Vigilant,
B,Odocoileus virginianus,B5_IMG_0145,B5,5,Anna Chittenden,10/14/25,7:21,1,Walking,
B,Sciurus carolinensis,B5_IMG_0144,B5,5,Anna Chittenden,10/14/25,7:15,1,Running,
B,Tamias striatus,B5_IMG_0144,B5,5,Anna Chittenden,10/14/25,7:15,1,Running,
B,Sciurus carolinensis,B5_IMG_0129,B5,3,Joy Kahugu,10/12/25,18:00,1,Running,
B,Sciurus carolinensis,B5_IMG_0127,B5,3,Joy Kahugu,10/12/25,17:33,1,Running,
B,Odocoileus virginianus,B5_IMG_0122,B5,3,Joy Kahugu,10/12/25,12:17,3,Walking,
B,Sciurus carolinensis,B5_IMG_0125,B5,3,Joy Kahugu,10/12/25,17:23,1,Running,
B,Sciurus carolinensis,B5_IMG_0128,B5,3,Joy Kahugu,10/12/25,17:41,1,Running,
B,Odocoileus virginianus,B5_IMG_0131,B5,3,Joy Kahugu,10/12/25,21:09,1,Walking,
B,Procyon lotor,B5_IMG_0132,B5,4,Joy Kahugu,10/13/25,1:41,1,Running,
B,Odocoileus virginianus,B5_IMG_0134,B5,4,Joy Kahugu,10/13/25,11:29,1,Walking,
B,Odocoileus virginianus,B5_IMG_0135,B5,4,Joy Kahugu,10/13/25,11:32,1,Walking,
B,Sciurus carolinensis,B5_IMG_0136,B5,4,Joy Kahugu,10/13/25,14:26,1,Running,
B,Odocoileus virginianus,B5_IMG_0137,B5,4,Joy Kahugu,10/13/25,14:30,1,Walking,
B,Odocoileus virginianus,B5_IMG_0139,B5,4,Joy Kahugu,10/13/25,15:05,1,Walking,
B,Sciurus carolinensis,B5_IMG_0140,B5,4,Joy Kahugu,10/13/25,16:14,1,Running,
B,Sciurus carolinensis,B5_IMG_0141,B5,4,Joy Kahugu,10/13/25,17:06,1,Running,
B,Sciurus carolinensis,B5_IMG_0142,B5,4,Joy Kahugu,10/13/25,17:50,1,Running,
B,Odocoileus virginianus,C2_IMG_0047,C2,6,Jenny Hua,10/14/25,6:17,1,Foraging,
B,Odocoileus virginianus,C2_IMG_0057,C2,8,Jenny Hua,10/16/25,8:41,2,Foraging,
B,Odocoileus virginianus,C2_IMG_0058,C2,8,Jenny Hua,10/16/25,8:42,1,Foraging,
B,Odocoileus virginianus,C2_IMG_0048,C2,6,Jenny Hua,10/14/25,6:20,1,Walking,
B,Odocoileus virginianus,C2_IMG_0049,C2,6,Jenny Hua,10/14/25,7:19,1,Foraging,
B,Odocoileus virginianus,C2_IMG_0050,C2,6,Jenny Hua,10/14/25,10:28,1,Foraging,
B,Odocoileus virginianus,C4_IMG_0004,C4,0,Tran Ton,10/08/25,6:55,1,Walking,
A,Odocoileus virginianus,C4_IMG_0006,C4,1,Tran Ton,10/09/25,7:16,1,Foraging,
A,Odocoileus virginianus,C4_IMG_0005,C4,1,Tran Ton,10/09/25,0:52,1,Running,
A,Odocoileus virginianus,C4_IMG_0007,C4,1,Tran Ton,10/09/25,13:29,1,Walking,
A,Odocoileus virginianus,C2_IMG_0017,C2,2,Bethany Suliguin,10/10/25,7:01,1,Walking,
B,Odocoileus virginianus,C2_IMG_0018,C2,2,Bethany Suliguin,10/10/25,7:07,1,Foraging,
B,Odocoileus virginianus,C2_IMG_0019,C2,2,Bethany Suliguin,10/10/25,8:57,1,Running,
B,Odocoileus virginianus,C2_IMG_0020,C2,2,Bethany Suliguin,10/10/25,8:58,1,Foraging,
B,Odocoileus virginianus,C2_IMG_0127,C2,9,Edalix Marín,10/17/25,1:04,2,Foraging,
B,Odocoileus virginianus,C2_IMG_0021,C2,2,Bethany Suliguin,10/10/25,9:01,2,Foraging,
B,Sciurus carolinensis,C2_IMG_0021,C2,2,Bethany Suliguin,10/10/25,9:01,1,Walking,
B,Unknown,C2_IMG_0129,C2,9,Edalix Marín,10/17/25,1:07,1,Resting,"Bug on plant, species not identified "
B,Odocoileus virginianus,C2_IMG_0053,C2,7,Jenny Hua,10/15/25,17:28,1,Foraging,
B,Odocoileus virginianus,C2_IMG_0055,C2,8,Jenny Hua,10/16/25,8:17,1,Foraging,
B,Odocoileus virginianus,C2_IMG_0054,C2,8,Jenny Hua,10/16/25,5:41,1,Vigilant,
B,Odocoileus virginianus,C2_IMG_0027,C2,2,Bethany Suliguin,10/10/25,15:58,1,Foraging,
B,Odocoileus virginianus,C2_IMG_0028,C2,2,Bethany Suliguin,10/10/25,17:33,1,Walking,
B,Sciurus carolinensis,C2_IMG_0029,C2,2,Bethany Suliguin,10/10/25,18:30,1,Running,
B,Odocoileus virginianus,C4_IMG_0042,C4,11,Heidi Smithwick,10/19/25,7:10,1,Walking,Same individ as 44+45
A,Sciurus carolinensis,C4_IMG_0043,C4,11,Heidi Smithwick,10/19/25,7:33,1,Foraging,
A,Odocoileus virginianus,C4_IMG_0043,C4,11,Heidi Smithwick,10/19/25,7:33,1,Foraging,limping and antlers
A,Odocoileus virginianus,C4_IMG_0044,C4,11,Heidi Smithwick,10/19/25,8:10,1,Walking,small antlers (same individ as 44)
A,Odocoileus virginianus,C4_IMG_0045,C4,11,Heidi Smithwick,10/19/25,8:24,1,Walking,small antlers (same individ as 44)
A,Buteo lineatus,C4_IMG_0046,C4,11,Heidi Smithwick,10/19/25,8:42,1,Vigilant,
A,Odocoileus virginianus,C4_IMG_0047,C4,11,Heidi Smithwick,10/19/25,23:27,1,Running,doe? can't see clearly if antlers
A,Odocoileus virginianus,C4_IMG_0048,C4,12,Heidi Smithwick,10/20/25,1:54,1,Foraging,antlers
A,Odocoileus virginianus,C4_IMG_0041,C4,11,Heidi Smithwick,10/19/25,7:03,3,Foraging,1 baby? 2 or 3 does (one was grooming itself)
A,Cyanocitta cristata,C4_IMG_0007,C4,1,Tran Ton,10/09/25,13:29,1,Flying,couldn't see the bird clearly
A,Odocoileus virginianus,C4_IMG_0009,C4,2,Tran Ton,10/10/25,8:49,1,Walking,
A,Procyon lotor,C2_IMG_0030,C2,3,Bethany Suliguin,10/11/25,0:01,1,Walking,
B,Odocoileus virginianus,C4_IMG_0040,C4,11,Heidi Smithwick,10/19/25,6:55,2,Vigilant,One baby (1) one doe
A,Odocoileus virginianus,C2_IMG_0056,C2,8,Jenny Hua,10/16/25,8:39,1,Foraging,
B,Sciurus carolinensis,B2_IMG_0085,B2,11,Desmen Boykin,10/20/25,2:23,1,Walking,
A,Procyon lotor,B2_IMG_0084,B2,11,Desmen Boykin,10/20/25,0:33,1,Walking,
A,Odocoileus virginianus,B2_IMG_0083,B2,10,Desmen Boykin,10/19/25,16:28,1,Walking,
A,Odocoileus virginianus,B2_IMG_0082,B2,10,Desmen Boykin,10/19/25,16:20,1,Walking,
A,Sciurus carolinensis,B2_IMG_0081,B2,10,Desmen Boykin,10/19/25,9:22,1,Foraging,
A,Odocoileus virginianus,B2_IMG_0080,B2,10,Desmen Boykin,10/19/25,9:03,1,Walking,
A,Odocoileus virginianus,B2_IMG_0079,B2,10,Desmen Boykin,10/19/25,7:17,2,Walking,
A,Odocoileus virginianus,B2_IMG_0078,B2,10,Desmen Boykin,10/19/25,7:14,1,Vigilant,
A,Odocoileus virginianus,B2_IMG_0077,B2,10,Desmen Boykin,10/19/25,7:13,1,Foraging,
B,Odocoileus virginianus,B2_IMG_0075,B2,10,Desmen Boykin,10/19/25,5:06,1,Foraging,
A,Procyon lotor,B2_IMG_0074,B2,10,Desmen Boykin,10/19/25,1:08,1,Foraging,
A,Odocoileus virginianus,B2_IMG_0073,B2,10,Desmen Boykin,10/19/25,1:04,1,Foraging,
A,Odocoileus virginianus,B2_IMG_0072,B2,10,Desmen Boykin,10/19/25,0:53,1,Walking,
A,Sciurus carolinensis,B2_IMG_0071,B2,9,Desmen Boykin,10/18/25,6:06,1,Running,
A,Sciurus carolinensis,B2_IMG_0070,B2,9,Desmen Boykin,10/18/25,12:35,1,Running,
A,Sciurus carolinensis,C2_IMG_0031,C2,3,Bethany Suliguin,10/11/25,7:42,1,Running,
B,Odocoileus virginianus,C2_IMG_0032,C2,4,Bethany Suliguin,10/12/25,6:15,2,Walking,
B,Odocoileus virginianus,C4_IMG_0039,C4,11,Heidi Smithwick,10/19/25,6:50,4,Playing,Paused to be vigilant in the middle
A,Odocoileus virginianus,C2_IMG_0033,C2,4,Bethany Suliguin,10/12/25,13:29,1,Walking,
B,Odocoileus virginianus,C2_IMG_0034,C2,4,Bethany Suliguin,10/12/25,13:31,1,Foraging,
B,Odocoileus virginianus,C4_IMG_0038,C4,11,Heidi Smithwick,10/19/25,0:35,1,Walking,doe
A,Odocoileus virginianus,C2_IMG_0038,C2,5,Bethany Suliguin,10/13/25,13:09,1,Foraging,
B,Odocoileus virginianus,C2_IMG_0039,C2,5,Bethany Suliguin,10/13/25,13:11,1,Walking,
B,Odocoileus virginianus,C4_IMG_0037,C4,10,Heidi Smithwick,10/18/25,17:31,1,Walking,doe
A,Odocoileus virginianus,C4_IMG_0036,C4,10,Heidi Smithwick,10/18/25,0:41,1,Running,doe
A,Odocoileus virginianus,C4_IMG_0010,C4,2,Tran Ton,10/10/25,10:39,1,Running,"walking, half running"
A,Odocoileus virginianus,C4_IMG_0012,C4,3,Tran Ton,10/11/25,15:00,2,Running,
A,Odocoileus virginianus,C4_IMG_0013,C4,3,Tran Ton,10/11/25,18:06,,Walking,
A,Odocoileus virginianus,C4_IMG_0014,C4,3,Tran Ton,10/11/25,18:14,1,Walking,
A,Odocoileus virginianus,C4_IMG_0015,C4,3,Tran Ton,10/11/25,22:38,2,Walking,
A,Odocoileus virginianus,C4_IMG_0016,C4,4,Tran Ton,10/12/25,7:32,1,Running,
A,Odocoileus virginianus,C4_IMG_0035,C4,9,Heidi Smithwick,10/17/25,18:07,1,Foraging,Buck
A,Odocoileus virginianus,C4_IMG_0034,C4,9,Heidi Smithwick,10/17/25,18:04,1,Running,Couldn't see what sex
A,Odocoileus virginianus,C4_IMG_0033,C4,9,Heidi Smithwick,10/17/25,17:58,1,Walking,doe
A,Odocoileus virginianus,C4_IMG_0032,C4,8,Heidi Smithwick,10/16/25,15:11,1,Vigilant,buck
A,Unknown,C2_IMG_0153,C2,10,Edalix Marín,10/18/25,1:57,1,Running,Believe it could be a squirrel or racoon based on squeals
B,Unknown,C2_IMG_0154,C2,10,Edalix Marín,10/18/25,2:01,1,Running,"Species not identifiable, ran past camera very closely"
B,Odocoileus virginianus,C4_IMG_0031,C4,8,Heidi Smithwick,10/16/25,4:28,1,Running,Buck
A,Odocoileus virginianus,C4_IMG_0030,C4,7,Heidi Smithwick,10/15/25,17:42,1,Running,doe?
A,Odocoileus virginianus,C4_IMG_0029,C4,7,Heidi Smithwick,10/15/25,13:00,1,Walking,Big buck
A,Sciurus carolinensis,C4_IMG_0029,C4,7,Heidi Smithwick,10/15/25,13:00,1,Foraging,
A,Sciurus carolinensis,B5_IMG_0008,B5,1,Cate,10/09/25,17:26,1,Running,
B,Sciurus carolinensis,B5_IMG_0009,B5,1,Cate,10/09/25,18:00,1,Running,
B,Odocoileus virginianus,B5_IMG_0010,B5,1,David,10/09/25,19:32,1,Walking,
B,Odocoileus virginianus,B5_IMG_0011,B5,1,David,10/09/25,19:33,1,Walking,
B,Odocoileus virginianus,B5_IMG_0012,B5,1,David,10/09/25,19:35,1,Walking,
B,Odocoileus virginianus,B5_IMG_0015,B5,1,Cate,10/09/25,22:34,1,Walking,
B,Odocoileus virginianus,B5_IMG_0016,B5,1,Cate,10/09/25,22:36,1,Walking,
B,Odocoileus virginianus,B5_IMG_0017,B5,1,David,10/09/25,23:32,1,Walking,
B,Odocoileus virginianus,B5_IMG_0018,B5,1,Cate,10/09/25,23:49,1,Walking,
B,Odocoileus virginianus,B5_IMG_0019,B5,2,Cate,10/10/25,1:33,1,Walking,
B,Odocoileus virginianus,B5_IMG_0020,B5,2,Cate,10/10/25,7:29,1,Walking,
B,Odocoileus virginianus,B5_IMG_0021,B5,2,Cate,10/10/25,7:31,1,Resting,
B,Odocoileus virginianus,B5_IMG_0022,B5,2,David,10/10/25,7:34,1,Resting,
B,Odocoileus virginianus,B5_IMG_0023,B5,2,David,10/10/25,7:41,1,Resting,
B,Odocoileus virginianus,B5_IMG_0024,B5,2,Cate,10/10/25,7:44,1,Resting,
B,Odocoileus virginianus,B5_IMG_0025,B5,2,David,10/10/25,7:46,1,Resting,
B,Odocoileus virginianus,B5_IMG_0026,B5,2,Cate,10/10/25,7:48,1,Resting,
B,Odocoileus virginianus,B5_IMG_0027,B5,2,David,10/10/25,7:50,2,Resting,
B,Sciurus carolinensis,B5_IMG_0027,B5,2,Cate,10/10/25,7:50,2,Running,
B,Odocoileus virginianus,B5_IMG_0028,B5,2,Cate,10/10/25,7:53,1,Resting,
B,Odocoileus virginianus,B5_IMG_0029,B5,2,David,10/10/25,7:58,1,Resting,
B,Odocoileus virginianus,B5_IMG_0030,B5,2,David,10/10/25,8:05,1,Resting,
B,Odocoileus virginianus,B5_IMG_0031,B5,2,Cate,10/10/25,8:15,1,Resting,
B,Odocoileus virginianus,B5_IMG_0032,B5,2,David,10/10/25,8:16,1,Resting,
B,Odocoileus virginianus,B5_IMG_0033,B5,2,Cate,10/10/25,8:20,1,Resting,
B,Odocoileus virginianus,B5_IMG_0034,B5,2,Cate,10/10/25,8:27,1,Resting,
B,Odocoileus virginianus,B5_IMG_0035,B5,2,David,10/10/25,8:35,1,Resting,
B,Odocoileus virginianus,B5_IMG_0036,B5,2,Cate,10/10/25,8:41,2,Resting,
B,Sciurus carolinensis,B5_IMG_0036,B5,2,Cate,10/10/25,8:41,2,Running,
B,Odocoileus virginianus,B5_IMG_0038,B5,2,David,10/10/25,8:46,1,Resting,
B,Odocoileus virginianus,B5_IMG_0039,B5,2,Cate,10/10/25,8:48,1,Resting,
B,Odocoileus virginianus,B5_IMG_0040,B5,2,David,10/10/25,8:50,1,Resting,
B,Odocoileus virginianus,B5_IMG_0041,B5,2,David,10/10/25,8:52,1,Resting,
B,Odocoileus virginianus,B5_IMG_0042,B5,2,David,10/10/25,9:00,1,Resting,
B,Odocoileus virginianus,B5_IMG_0043,B5,2,Cate,10/10/25,9:06,1,Resting,
B,Odocoileus virginianus,B5_IMG_0044,B5,2,Cate,10/10/25,9:20,1,Resting,
B,Odocoileus virginianus,B5_IMG_0045,B5,2,Cate,10/10/25,14:28,1,Resting,
B,Odocoileus virginianus,B5_IMG_0046,B5,2,David,10/10/25,9:32,1,Resting,
B,Odocoileus virginianus,B5_IMG_0047,B5,2,Cate,10/10/25,9:36,2,Resting,
B,Sciurus carolinensis,B5_IMG_0047,B5,2,Cate,10/10/25,9:36,2,Walking,
B,Odocoileus virginianus,B5_IMG_0048,B5,2,Cate ,10/10/25,9:38,1,Resting,
B,Odocoileus virginianus,B5_IMG_0049,B5,2,David,10/10/25,9:40,1,Resting,
B,Odocoileus virginianus,B5_IMG_0050,B5,2,David,10/10/25,9:56,1,Resting,
B,Odocoileus virginianus,B5_IMG_0051,B5,2,David,10/10/25,9:58,1,Resting,
B,Odocoileus virginianus,B5_IMG_0052,B5,2,David,10/10/25,10:01,1,Walking,
B,Sciurus carolinensis,B5_IMG_0054,B5,2,Cate,10/10/25,10:11,1,Running,
B,Sciurus carolinensis,B5_IMG_0055,B5,2,Cate,10/10/25,10:33,1,Running,
B,Sciurus carolinensis,B5_IMG_0056,B5,2,David,10/10/25,10:38,2,Running,
B,Odocoileus virginianus,B5_IMG_0057,B5,2,David,10/10/25,10:40,1,Running,
B,Odocoileus virginianus,B5_IMG_0058,B5,2,Cate,10/10/25,11:19,1,Foraging,
B,Odocoileus virginianus,B5_IMG_0059,B5,2,Cate,10/10/25,12:13,1,Foraging,
B,Sciurus carolinensis,B5_IMG_0060,B5,2,Cate,10/10/25,13:47,1,Running,
B,Sciurus carolinensis,B5_IMG_0061,B5,2,David,10/10/25,13:51,1,Running,
B,Odocoileus virginianus,B5_IMG_0062,B5,2,David,10/10/25,13:53,1,Walking,
B,Sciurus carolinensis,B5_IMG_0063,B5,2,David,10/10/25,16:30,1,Running,
B,Sciurus carolinensis,B5_IMG_0064,B5,2,Cate,10/10/25,16:33,1,Running,
B,Odocoileus virginianus,B5_IMG_0066,B5,2,Cate,10/10/25,17:39,1,Walking,
B,Odocoileus virginianus,B5_IMG_0067,B5,2,David,10/10/25,17:43,1,Walking,
B,Odocoileus virginianus,B5_IMG_0068,B5,2,David,10/10/25,17:52,1,Walking,
B,Sciurus carolinensis,B5_IMG_0069,B5,2,David,10/10/25,17:59,1,Running,
B,Sciurus carolinensis,B5_IMG_0070,B5,2,Cate,10/10/25,21:18,1,Running,
B,Sciurus carolinensis,B5_IMG_0071,B5,2,Cate,10/10/25,18:21,1,Running,
B,Odocoileus virginianus,B5_IMG_0072,B5,2,Cate,10/10/25,20:37,1,Walking,
B,Odocoileus virginianus,B5_IMG_0074,B5,2,Cate,10/10/25,21:02,1,Walking,
B,Odocoileus virginianus,B5_IMG_0075,B5,3,David,10/11/25,7:49,1,Walking,
B,Sciurus carolinensis,B5_IMG_0076,B5,3,David,10/11/25,8:01,1,Running,
B,Odocoileus virginianus,B5_IMG_0077,B5,3,Cate,10/11/25,8:14,1,Walking,
B,Sciurus carolinensis,B5_IMG_0078,B5,3,David,10/11/25,8:48,1,Running,
B,Odocoileus virginianus,B5_IMG_0079,B5,3,Cate,10/11/25,11:51,1,Walking,
B,Odocoileus virginianus,B5_IMG_0080,B5,3,David,10/11/25,11:56,1,Walking,
B,Sciurus carolinensis,B5_IMG_0081,B5,3,Cate,10/11/25,13:31,1,Running,
B,Sciurus carolinensis,B5_IMG_0082,B5,3,Cate,10/11/25,14:01,1,Running,
B,Sciurus carolinensis,B5_IMG_0083,B5,3,David,10/11/25,14:03,2,Running,
B,Sciurus carolinensis,B5_IMG_0084,B5,3,Cate,10/11/25,14:08,1,Running,
B,Odocoileus virginianus,B5_IMG_0085,B5,3,Cate,10/11/25,15:28,1,Running,
B,Sciurus carolinensis,B5_IMG_0086,B5,3,Cate,10/11/25,16:32,1,Running,
B,Sciurus carolinensis,B5_IMG_0087,B5,3,Cate,10/11/25,17:37,1,Running,
B,Odocoileus virginianus,B5_IMG_0088,B5,3,David,10/11/25,17:47,1,Walking,
B,Sciurus carolinensis,B5_IMG_0089,B5,3,Cate,10/11/25,17:58,1,Walking,
B,Sciurus carolinensis,B5_IMG_0090,B5,3,David,10/11/25,,1,Running,
B,Sciurus carolinensis,B5_IMG_0091,B5,3,David,10/11/25,18:11,1,Running,
B,Odocoileus virginianus,B5_IMG_0092,B5,3,Cate,10/11/25,18:16,1,Running,
B,Odocoileus virginianus,B5_IMG_0093,B5,3,Cate,10/11/25,18:44,1,Running,
B,Odocoileus virginianus,B5_IMG_0096,B5,4,Cate,10/12/25,7:41,1,Foraging,
B,Odocoileus virginianus,B5_IMG_0097,B5,4,Cate,10/12/25,7:43,1,Foraging,
B,Odocoileus virginianus,B5_IMG_0098,B5,4,David,10/12/25,7:45,1,Foraging,
B,Odocoileus virginianus,B5_IMG_0099,B5,4,David,10/12/25,7:48,2,Resting,
B,Odocoileus virginianus,B5_IMG_0100,B5,4,Cate,10/12/25,7:49,2,Resting,
B,Odocoileus virginianus,B5_IMG_0101,B5,4,David,10/12/25,7:53,2,Resting,
B,Odocoileus virginianus,B5_IMG_0102,B5,4,David,10/12/25,7:55,2,Resting,
B,Odocoileus virginianus,B5_IMG_0103,B5,4,Cate,10/12/25,7:58,2,Resting,
B,Odocoileus virginianus,B5_IMG_0104,B5,4,Cate,10/12/25,8:05,2,Resting,
B,Odocoileus virginianus,B5_IMG_0105,B5,4,Cate,10/12/25,8:06,2,Resting,
B,Odocoileus virginianus,B5_IMG_0106,B5,4,David,10/12/25,8:10,2,Resting,
B,Odocoileus virginianus,B5_IMG_0107,B5,4,David,10/12/25,8:13,2,Resting,
B,Odocoileus virginianus,B5_IMG_0108,B5,4,David,10/12/25,8:15,2,Resting,
B,Odocoileus virginianus,B5_IMG_0109,B5,4,David,10/12/25,8:17,2,Resting,
B,Odocoileus virginianus,B5_IMG_0110,B5,4,Cate,10/12/25,8:18,2,Resting,
B,Odocoileus virginianus,B5_IMG_0111,B5,4,Cate,10/12/25,8:23,2,Resting,
B,Odocoileus virginianus,B5_IMG_0112,B5,4,David,10/12/25,8:26,2,Resting,
B,Odocoileus virginianus,B5_IMG_0113,B5,4,David,10/12/25,8:27,2,Walking,
B,Odocoileus virginianus,B5_IMG_0114,B5,4,David,10/12/25,8:29,1,Walking,
B,Sciurus carolinensis,B5_IMG_0115,B5,4,Cate,10/12/25,9:05,1,Running,
B,Odocoileus virginianus,B5_IMG_0116,B5,4,Cate,10/12/25,11:38,1,Foraging,
B,Odocoileus virginianus,B5_IMG_0118,B5,4,Cate,10/12/25,11:53,1,Foraging,
B,Odocoileus virginianus,B5_IMG_0119,B5,4,David,10/12/25,11:55,1,Foraging,
B,Odocoileus virginianus,B5_IMG_0120,B5,4,David,10/12/25,12:00,1,Foraging,
B,Sciurus carolinensis,C2_IMG_0167,C2,10,Julian Hough,10/18/25,15:08,1,Foraging,
B,Sciurus carolinensis,C2_IMG_0171,C2,10,Julian Hough,10/18/25,15:47,1,Foraging,
B,Odocoileus virginianus,C2_IMG_0173,C2,11,Julian Hough,10/19/25,7:11,1,Foraging,
B,Odocoileus virginianus,C2_IMG_0175,C2,11,Julian Hough,10/19/25,8:56,1,Foraging,
B,Odocoileus virginianus,C2_IMG_0176,C2,11,Julian Hough,10/19/25,9:11,1,Foraging,
B,Odocoileus virginianus,C4_IMG_0017,C4,4,Tran Ton,10/12/25,7:39,1,Running,
A,Odocoileus virginianus,C4_IMG_0018,C4,4,Tran Ton,10/12/25,7:41,1,Walking,
A,Odocoileus virginianus,C4_IMG_0020,C4,5,Tran Ton,10/13/25,17:51,1,Walking,
A,Sciurus carolinensis,C2_IMG_0183,C2,11,Julian Hough,10/19/25,11:38,1,Walking,
B,Odocoileus virginianus,C2_IMG_0195,C2,12,Edalix Marín,10/20/25,6:11,1,Walking,
B,Odocoileus virginianus,C2_IMG_0196,C2,12,Edalix Marín,10/20/25,6:22,1,Vigilant,"Vigilant initially, then walks away"
B,Odocoileus virginianus,C2_IMG_0195,C2,12,Julian Hough,10/20/25,6:11,1,Walking,
B,Odocoileus virginianus,C4_IMG_0021,C4,5,Tran Ton,10/13/25,18:17,1,Walking,
A,Odocoileus virginianus,C4_IMG_0022,C4,5,Tran Ton,10/13/25,23:20,1,Walking,
A,Odocoileus virginianus,C4_IMG_0023,C4,6,Tran Ton,10/14/25,7:02,3,Running,
A,Odocoileus virginianus,C4_IMG_0024,C4,6,Tran Ton,10/14/25,7:27,1,Walking,
A,Odocoileus virginianus,C4_IMG_0026,C4,6,Tran Ton,10/14/25,11:25,2,Running,
A,Odocoileus virginianus,C4_IMG_0027,C4,6,Tran Ton,10/14/25,23:12,1,Walking,
A,Odocoileus virginianus,C4_IMG_0028,C4,7,Tran Ton,10/15/25,12:45,1,Walking,
B,Sciurus carolinensis,B2_IMG_0069,B2,9,Desmen Boykin,10/18/25,9:37,1,Walking,
A,Sciurus carolinensis,B2_IMG_0068,B2,9,Desmen Boykin,10/18/25,9:32,2,Walking,
A,Odocoileus virginianus,B2_IMG_0067,B2,9,Desmen Boykin,10/18/25,8:38,1,Walking,
A,Odocoileus virginianus,B2_IMG_0066,B2,9,Desmen Boykin,10/18/25,8:29,1,Foraging,
A,Odocoileus virginianus,B2_IMG_0065,B2,9,Desmen Boykin,10/18/25,7:18,1,Walking,
A,Odocoileus virginianus,B2_IMG_0064,B2,9,Desmen Boykin,10/18/25,1:44,1,Foraging,
A,Odocoileus virginianus,B2_IMG_0063,B2,9,Desmen Boykin,10/18/25,5:47,1,Foraging,
A,Odocoileus virginianus,B2_IMG_0062,B2,9,Desmen Boykin,10/18/25,5:40,1,Walking,
A,Odocoileus virginianus,B2_IMG_0061,B2,9,Desmen Boykin,10/18/25,14:03,1,Foraging,
B,Odocoileus virginianus,B2_IMG_0059,B2,8,Desmen Boykin,10/17/25,9:23,1,Foraging,
A,Odocoileus virginianus,B2_IMG_0058,B2,8,Desmen Boykin,10/17/25,9:22,1,N/A,
B,Sciurus carolinensis,B2_IMG_0056,B2,8,Desmen Boykin,10/17/25,7:19,1,Running,
A,Sciurus carolinensis,B2_IMG_0008,B2,0,Reece Lapas,10/09/25,16:49,1,Running,
A,Odocoileus virginianus,B2_IMG_0009,B2,0,Reece Lapas,10/09/25,20:40,1,Walking,
A,Odocoileus virginianus,B2_IMG_0010,B2,0,Reece Lapas,10/09/25,22:02,1,Walking,
A,Odocoileus virginianus,B2_IMG_0011,B2,0,Reece Lapas,10/09/25,23:46,1,Walking,
A,Odocoileus virginianus,B2_IMG_0012,B2,1,Reece Lapas,10/10/25,6:44,1,Walking,
A,Sciurus carolinensis,B2_IMG_0013,B2,1,Reece Lapas,10/10/25,9:02,3,Running,
A,Odocoileus virginianus,B2_IMG_0014,B2,1,Reece Lapas,10/10/25,9:34,1,Foraging,
A,Sciurus carolinensis,B2_IMG_0015,B2,1,Reece Lapas,10/10/25,12:27,1,Running,
A,Odocoileus virginianus,B2_IMG_0016,B2,1,Reece Lapas,10/10/25,14:38,1,Vigilant,
A,Sciurus carolinensis,B2_IMG_0017,B2,1,Reece Lapas,10/10/25,15:57,1,Running,
A,Odocoileus virginianus,B2_IMG_0018,B2,1,Reece Lapas,10/10/25,17:13,1,Walking,
A,Procyon lotor,B2_IMG_0019,B2,2,Reece Lapas,10/11/25,1:51,1,Vigilant,
A,Odocoileus virginianus,B2_IMG_0020,B2,2,Reece Lapas,10/11/25,18:21,2,Walking,
A,Odocoileus virginianus,B2_IMG_0021,B2,3,Reece Lapas,10/12/25,11:34,1,Resting,
A,Sciurus carolinensis,B2_IMG_0022,B2,3,Reece Lapas,10/12/25,14:39,1,Running,
A,Odocoileus virginianus,B2_IMG_0023,B2,3,Reece Lapas,10/12/25,23:34,1,Resting,
A,Procyon lotor,B2_IMG_0024,B2,4,Reece Lapas,10/13/25,3:08,1,Walking,
A,Vulpes vulpes,B2_IMG_0026,B2,4,Reece Lapas,10/13/25,5:31,1,Running,
A,Odocoileus virginianus,B2_IMG_0027,B2,4,Reece Lapas,10/13/25,14:25,1,Vigilant,
A,Odocoileus virginianus,B2_IMG_0028,B2,4,Reece Lapas,10/13/25,14:57,1,Vigilant,
A,Canis latrans,B2_IMG_0029,B2,5,Reece Lapas,10/14/25,3:28,2,Walking,
A,Odocoileus virginianus,B2_IMG_0030,B2,5,Reece Lapas,10/14/25,7:07,1,Running,
A,Odocoileus virginianus,B2_IMG_0031,B2,5,Reece Lapas,10/14/25,17:13,1,Walking,
A,Odocoileus virginianus,B2_IMG_0032,B2,5,Reece Lapas,10/14/25,17:35,1,Walking,
A,Sciurus carolinensis,B2_IMG_0033,B2,5,Reece Lapas,10/14/25,17:47,1,Running,
A,Odocoileus virginianus,B2_IMG_0034,B2,5,Reece Lapas,10/14/25,18:12,1,Walking,
A,Odocoileus virginianus,B2_IMG_0035,B2,6,Reece Lapas,10/14/25,20:58,1,Walking,
A,Sciurus carolinensis,B2_IMG_0036,B2,6,Reece Lapas,10/15/25,7:49,1,Running,
A,Sciurus carolinensis,B2_IMG_0037,B2,6,Reece Lapas,10/15/25,9:39,1,Running,
A,Sciurus carolinensis,B2_IMG_0038,B2,6,Reece Lapas,10/15/25,10:02,1,Walking,
A,Odocoileus virginianus,B2_IMG_0039,B2,6,Reece Lapas,10/15/25,12:51,1,Running,
A,Odocoileus virginianus,B2_IMG_0040,B2,6,Reece Lapas,10/15/25,13:08,1,Running,
A,Tamias striatus,B2_IMG_0040,B2,6,Reece Lapas,10/15/25,13:08,1,Running,
A,Odocoileus virginianus,B2_IMG_0041,B2,6,Reece Lapas,10/15/25,13:09,1,Walking,
A,Sciurus carolinensis,B2_IMG_0042,B2,6,Reece Lapas,10/15/25,17:26,1,Running,
A,Odocoileus virginianus,B2_IMG_0043,B2,7,Reece Lapas,10/16/25,2:54,1,Walking,
A,Sciurus carolinensis,B2_IMG_0044,B2,7,Reece Lapas,10/16/25,8:57,2,Walking,
A,Sciurus carolinensis,B2_IMG_0045,B2,7,Reece Lapas,10/16/25,8:59,2,Running,
A,Sciurus carolinensis,B2_IMG_0046,B2,7,Reece Lapas,10/16/25,9:25,1,Walking,
A,Sciurus carolinensis,B2_IMG_0047,B2,7,Reece Lapas,10/16/25,10:24,1,Walking,
A,Sciurus carolinensis,B2_IMG_0048,B2,7,Reece Lapas,10/16/25,11:47,1,Walking,
A,Sciurus carolinensis,B2_IMG_0049,B2,7,Reece Lapas,10/16/25,13:19,1,Resting,
A,Sciurus carolinensis,B2_IMG_0050,B2,7,Reece Lapas,10/16/25,14:38,1,Running,
A,Sciurus carolinensis,B2_IMG_0051,B2,7,Reece Lapas,10/16/25,14:55,1,Walking,
A,Sciurus carolinensis,B2_IMG_0052,B2,7,Reece Lapas,10/16/25,15:22,1,Running,
A,Odocoileus virginianus,B2_IMG_0053,B2,7,Reece Lapas,10/16/25,15:26,2,Vigilant,
A,Sciurus carolinensis,B2_IMG_0054,B2,7,Reece Lapas,10/16/25,15:31,1,Walking,
A,Sciurus carolinensis,B2_IMG_0055,B2,7,Reece Lapas,10/16/25,15:49,1,Walking,
B,Sciurus carolinensis,B3_IMG_0051,B3,0,Alexandra Kelly,10/9/2025,16:06,1,Walking,squirrel hopping across log
B,Tamias striatus,B3_IMG_0054,B3,0,Alexandra Kelly,10/9/2025,16:12,1,Walking,chipmunk ducking behind log
B,Sciurus carolinensis,B3_IMG_0060,B3,0,Alexandra Kelly,10/9/2025,16:24,1,Walking,squirrel hopping across log
B,Sciurus carolinensis,B3_IMG_0080,B3,0,Sitka,10/9/2025,5:01,1,Foraging,squirrel foraging
B,Tamias striatus,B3_IMG_0085,B3,0,Sitka,10/9/2025,5:09,1,Running,chipmunk running accross log
B,Tamias striatus,B3_IMG_0086,B3,0,Sitka,10/9/2025,5:11,2,Running,2 chimpunks chasing each other
B,Tamias striatus,B3_IMG_0087,B3,0,Sitka,10/9/2025,5:13,1,Foraging,chimpunks foraging
B,Sciurus carolinensis,B3_IMG_0098,B3,0,Annabelle,10/9/2025,5:32,1,Foraging,squirel foraging
B,Sciurus carolinensis,B3_IMG_0099,B3,0,Annabelle,10/9/2025,5:34,1,Foraging,squirel foraging
B,Sciurus carolinensis,B3_IMG_0104,B3,0,Annabelle,10/9/2015,17:42,1,Foraging,squirel foraging
B,Tamias striatus,B3_IMG_0107,B3,0,Annabelle,10/9/2025,17:46,1,Foraging,chipmunk foraging
B,Tamias striatus,B3_IMG_0108,B3,0,Annabelle,10/9/2012,17:48,1,Running,chipmunk running across forest floor
B,Tamias striatus,B3_IMG_0111,B3,0,Annabelle,10/9/2025,17:54,1,Foraging,chipmunk foraging
B,Sciurus carolinensis,B3_IMG_0114,B3,0,Annabelle,10/9/2025,17:59,1,Running,squiral running down tree
B,Tamias striatus,B3_IMG_0115,B3,0,Annabelle,10/9/2025,18:02,1,Foraging,Chimpmunk running/foraging
B,Sciurus carolinensis,B3_IMG_0118,B3,0,Annabelle,10/9/2025,18:07,1,Foraging,Squirel running across log
B,Tamias striatus,B3_IMG_0122,B3,,Ana,10/9/2025,6:13,1,Running,
B,Odocoileus virginianus,B3_IMG_0256,B3,0,Raf,10/9/2025,22:09,1,Walking,Interesting...
B,Procyon lotor,B3_IMG_0288,B3,0,Rushil,10/9/2025,23:03,1,Vigilant,Pair of raccoon eyes briefly appears and disappears
B,Procyon lotor,B3_IMG_0289,B3,0,Rushil,10/9/2025,23:05,1,Vigilant,Pair of raccoon eyes staring from a distance
B,Procyon lotor,B3_IMG_0292,B3,0,Rushil,10/9/2025,23:10,1,Walking,Raccoon walking across log
B,Procyon lotor,B3_IMG_0293,B3,0,Rushil,10/9/2025,23:13,1,Walking,Raccoon walks across the camera pane
B,Procyon lotor,B3_IMG_0294,B3,0,Rushil,10/9/2025,23:15,1,Foraging,Raccoon walks in front of camera and stands up; searches 
B,Procyon lotor,B3_IMG_0302,B3,0,Will,10/9/2025,23:28,2,Walking,Two raccoons walking around
B,Procyon lotor,B3_IMG_0303,B3,0,Will,10/9/2025,23:30,1,Walking,One raccoon briefly appears
B,Tamias striatus,B3_IMG_0317,B3,0,Will,10/9/2025,23:56,1,Running,Chipmunk runs across log
B,Procyon lotor,B3_IMG_0321,B3,1,Will,10/10/2025,0:00,1,Walking,Raccoon hops along log
B,Odocoileus virginianus,A3_IMG_0004,A3,0,Adriana Shields,10/10/2025,17:14,1,Foraging,
A,Odocoileus virginianus,A2_IMG_0004,A2,0,Phaedra van der Molen,10/10/25,17:59,1,Foraging,
A,Odocoileus virginianus,A2_IMG_0005,A2,2,Phaedra van der Molen,10/12/2025,5:07,1,Walking,
B,Odocoileus virginianus,A3_IMG_0069,A3,10,Orlando Da Costa,10/20/2025,2:24,1,Walking,"Appears during 4 seconds, going right to left"
B,Odocoileus virginianus,A3_IMG_0005,A3,1,Adriana Shields,10/11/2025,8:24,1,Foraging,
A,Odocoileus virginianus,A2_IMG_0006,A2,2,Phaedra van der Molen,10/12/2025,6:18,1,Vigilant,
B,Odocoileus virginianus,A3_IMG_0006,A3,1,Adriana Shields,10/11/2025,15:10,1,Walking,
A,Odocoileus virginianus,A2_IMG_0007,A2,3,Phaedra van der Molen,10/13/2025,8:24,2,Vigilant,
B,Odocoileus virginianus,A3_IMG_0068,A3,9,Orlando Da Costa,10/19/2025,18:01,1,Vigilant,Young individual
B,Odocoileus virginianus,A3_IMG_0007,A3,1,Adriana Shields,10/11/2025,18:22,2,Walking,
A,Odocoileus virginianus,A2_IMG_0008,A2,3,Phaedra van der Molen,10/13/2025,14:29,1,Running,
A,Odocoileus virginianus,A2_IMG_0009,A2,3,Phaedra van der Molen,10/13/2025,18:14,1,Walking,
B,Odocoileus virginianus,A3_IMG_0067,A3,9,Orlando Da Costa,10/19/2025,17:50,1,Foraging,
B,Odocoileus virginianus,A3_IMG_0008,A3,2,Adriana Shields,10/12/2025,4:18,1,Running,
A,Odocoileus virginianus,A2_IMG_0010,A2,4,Phaedra van der Molen,10/14/2025,7:07,1,Walking,
B,Odocoileus virginianus,A3_IMG_0066,A3,9,Orlando Da Costa,10/19/2025,16:28,1,Walking,Walking left to right
A,Buteo jamaicensis,C5_IMG_0001,C5,0,Aaron Jackson,10/9/2025,8:00,1,Vigilant,
B,Odocoileus virginianus,A3_IMG_0009,A3,2,Adriana Shields,10/12/2025,5:08,1,Walking,
A,Odocoileus virginianus,A2_IMG_0011,A2,4,Phaedra van der Molen,10/14/2025,10:25,2,Walking,
B,Sciurus carolinensis,A3_IMG_0010,A3,2,Adriana Shields,10/12/2025,7:27,1,Vigilant,
A,Sciurus carolinensis,C5_IMG_0003,C5,1,Aaron Jackson,10/10/2025,8:15,1,Running,
A,Odocoileus virginianus,A2_IMG_0012,A2,5,Phaedra van der Molen,10/15/2025,9:07,1,Foraging,
B,Odocoileus virginianus,A3_IMG_0065,A3,9,Orlando Da Costa,10/19/2025,16:26,2,Running,"Running left to right, one at a time"
A,Odocoileus virginianus,A2_IMG_0014,A2,5,Phaedra van der Molen,10/15/2025,9:25,1,Vigilant,
B,Odocoileus virginianus,A3_IMG_0012,A3,2,Adriana Shields,10/12/2025,23:35,1,Walking,
B,Odocoileus virginianus,A3_IMG_0011,A3,2,Adriana Shields,10/12/2025,18:19,1,Walking,
A,Odocoileus virginianus,A2_IMG_0015,A2,5,Phaedra van der Molen,10/15/2025,12:44,1,Walking,
B,Odocoileus virginianus,A3_IMG_0064,A3,9,Orlando Da Costa,10/19/2025,16:22,1,Running,Running left to right
A,Odocoileus virginianus,A2_IMG_0016,A2,5,Phaedra van der Molen,10/15/2025,1:10,1,Vigilant,
B,Odocoileus virginianus,A3_IMG_0063,A3,9,Orlando Da Costa,10/19/2025,7:23,2,Fighting,"Two males, one chasing the other"
B,Odocoileus virginianus,A3_IMG_0013,A3,3,Adriana Shields,10/13/2025,0:44,1,Walking,
A,Odocoileus virginianus,A2_IMG_0017,A2,5,Phaedra van der Molen,10/15/2025,13:12,1,Walking,
A,Odocoileus virginianus,A2_IMG_0018,A2,5,Phaedra van der Molen,10/15/2025,14:26,1,Walking,
A,Sciurus carolinensis,A2_IMG_0031,A2,9,Aaron Jackson,10/19/2025,14:52,1,Running,
B,Odocoileus virginianus,A3_IMG_0015,A3,3,Adriana Shields,10/13/2025,8:25,1,Foraging,
A,Odocoileus virginianus,A2_IMG_0019,A2,5,Phaedra van der Molen,10/15/2025,17:34,1,Walking,
B,Odocoileus virginianus,A3_IMG_0062,A3,9,Orlando Da Costa,10/19/2025,7:19,2,Walking,Two males
A,Odocoileus virginianus,A2_IMG_0030,A2,9,Aaron Jackson,10/19/2025,14:40,1,Resting,
A,Odocoileus virginianus,A2_IMG_0020,A2,7,Phaedra van der Molen,10/17/2025,0:10,1,Walking,
B,Odocoileus virginianus,A3_IMG_0016,A3,3,Adriana Shields,10/13/2025,8:38,1,Walking,
A,Odocoileus virginianus,A2_IMG_0029,A2,9,Aaron Jackson,10/19/2025,13:03,1,Walking,
B,Odocoileus virginianus,A3_IMG_0061,A3,9,Orlando Da Costa,10/19/2025,5:08,1,Walking,
A,Odocoileus virginianus,A2_IMG_0021,A2,5,Phaedra van der Molen,10/17/2025,9:08,4,Walking,
B,Sciurus carolinensis,A3_IMG_0017,A3,3,Adriana Shields,10/13/2025,13:53,1,Resting,
A,Odocoileus virginianus,A2_IMG_0023,A2,8,Phaedra van der Molen,10/18/2025,8:54,1,Vigilant,
A,Odocoileus virginianus,A2_IMG_0028,A2,8,Aaron Jackson,10/18/2025,22:31,1,Walking,
B,Vulpes vulpes,A3_IMG_0060,A3,9,Orlando Da Costa,10/19/2025,1:02,1,Walking,"Sit on a trunk, scratches itself, and leave"
B,Odocoileus virginianus,A3_IMG_0018,A3,3,Adriana Shields,10/13/2025,14:27,1,Walking,
A,Odocoileus virginianus,A2_IMG_0027,A2,8,Aaron Jackson,10/18/2025,17:03,1,Foraging,
A,Odocoileus virginianus,A2_IMG_0024,A2,8,Phaedra van der Molen,10/18/2025,9:00,2,Foraging,
B,Odocoileus virginianus,A3_IMG_0019,A3,3,Adriana Shields,10/13/2025,15:04,1,Walking,
B,Sciurus carolinensis,A3_IMG_0059,A3,8,Orlando Da Costa,10/18/2025,13:17,1,Vigilant,
A,Odocoileus virginianus,A2_IMG_0025,A2,8,Aaron Jackson,10/18/2025,12:38,1,Walking,
B,Odocoileus virginianus,A3_IMG_0058,A3,8,Orlando Da Costa,10/18/2025,12:49,3,Walking,"2 walking, 1 running, from right to left"
B,Odocoileus virginianus,A3_IMG_0022,A3,4,Adriana Shields,10/14/2025,17:14,1,Resting,
B,Odocoileus virginianus,A3_IMG_0021,A3,4,Adriana Shields,10/14/2025,7:08,3,Running,
B,Odocoileus virginianus,A3_IMG_0030,A3,5,Phaedra van der Molen,10/15/2025,12:52,1,Walking,
B,Odocoileus virginianus,A3_IMG_0040,A3,6,Aaron Jackson,10/16/2025,15:26,2,Running,one was walking one was running
B,Odocoileus virginianus,A3_IMG_00031,A3,5,Phaedra van der Molen,10/15/2025,13:04,1,Running,
B,Odocoileus virginianus,A3_IMG_0057,A3,8,Orlando Da Costa,10/18/2025,12:47,1,Running,"appears on the camera less than 1 sec, moving right to left"
B,Sciurus carolinensis,A3_IMG_0032,A3,5,Phaedra van der Molen,10/15/2025,13:09,1,Running,
B,Odocoileus virginianus,A3_IMG_0041,A3,6,Aaron Jackson,10/16/2025,15:31,1,Running,
B,Sciurus carolinensis,A3_IMG_0041,A3,6,Aaron Jackson,10/16/2025,15:31,1,Walking,
B,Odocoileus virginianus,A3_IMG_0023,A3,4,Adriana Shields,10/14/2025,17:36,1,Walking,
B,Odocoileus virginianus,A3_IMG_0056,A3,8,Orlando Da Costa,10/18/2025,12:42,1,Running,"appears on the camera less than 1 sec, moving right to left"
B,Odocoileus virginianus,A3_IMG_0055,A3,8,Orlando Da Costa,10/18/2025,8:47,1,Running,
B,Procyon lotor,A3_IMG_0042,A3,7,Aaron Jackson,10/17/2025,2:39,1,Walking,
B,Odocoileus virginianus,A3_IMG_0024,A3,4,Adriana Shields,10/14/2025,18:13,1,Walking,
B,Odocoileus virginianus,A3_IMG_0054,A3,8,Orlando Da Costa,10/18/2025,8:42,1,Walking,Walking left to right
B,Unknown,B3_IMG_402,B3,1,Lauren Owens,10/10/2025,2:08,1,Walking,Jumping to a branch-Anura (frog)?
B,Hogna carolinensis,B3_IMG_0368,B3,1,Sarina Huang,10/10/2025,1:17,1,Walking,Crawling up stem of grass
B,Odocoileus virginianus,A3_IMG_0026,A3,5,Adriana Shields,10/15/2025,6:51,1,Walking,
B,Odocoileus virginianus,A3_IMG_0027,A3,5,Adriana Shields,10/15/2025,8:46,1,Foraging,
B,Odocoileus virginianus,A3_IMG_0053,A3,8,Orlando Da Costa,10/18/2025,8:39,1,Walking,Male walking right to left
B,Odocoileus virginianus,A3_IMG_0027,A3,5,Adriana Shields,10/15/2025,9:22,2,Foraging,
B,Odocoileus virginianus,A3_IMG_0052,A3,8,Orlando Da Costa,10/18/2025,8:30,2,Running,"Running right to left then left to right, might be the same individual"
B,Melanerpes carolinus,A3_IMG_0033,A3,5,Phaedra van der Molen,10/15/2025,14:28,1,Foraging,
B,Picoides pubescens,A3_IMG_0033,A3,5,Phaedra van der Molen,10/15/2025,14:28,1,Foraging,
B,Sciurus carolinensis,A3_IMG_0033,A3,5,Phaedra van der Molen,10/15/2025,14:28,1,Running,
B,Odocoileus virginianus,A3_IMG_0029,A3,5,Adriana Shields,10/15/2025,11:20,1,Foraging,
B,Odocoileus virginianus,A3_IMG_0051,A3,8,Orlando Da Costa,10/18/2025,7:20,1,Walking,right to left
B,Odocoileus virginianus,A5_IMG_0050,A5,10,Chloe Li,10/20/2025,10:03,5,Running,Running from left to right as a group
B,Odocoileus virginianus,A5_IMG_0049,A5,9,Chloe Li,10/19/2025,9:00,1,Foraging,Walking from left to right and then chewing grass
B,Hogna carolinensis,B3_IMG_0369,B3,1,Sarina Huang,10/10/2025,1:18,1,Walking,Same organism as B3_IMG_0368
B,Odocoileus virginianus,A3_IMG_0050,A3,8,Orlando Da Costa,10/18/2025,5:47,1,Walking,Left to right
B,Glaucomys volans,A3_IMG_0043,A3,7,Aaron Jackson,10/17/2025,6:00,1,Running,
B,Vulpes vulpes,B3_IMG_410,B3,1,Lauren Owens,10/10/2025,2:20,1,Walking,
B,Odocoileus virginianus,A3_IMG_0044,A3,7,Aaron Jackson,10/17/2025,9:09,4,Running,Walking across a fallen tree trunk 
B,Odocoileus virginianus,A5_IMG_0048,A5,9,Chloe Li,10/19/2025,8:56,1,Walking,
B,Odocoileus virginianus,A3_IMG_0034,A3,5,Phaedra van der Molen,10/15/2025,16:20,1,Walking,
B,Odocoileus virginianus,A3_IMG_0035,A3,5,Phaedra van der Molen,10/15/2025,17:39,1,Walking,
B,Odocoileus virginianus,A3_IMG_0045,A3,7,Aaron Jackson,10/17/2025,9:13,3,Running,
B,Odocoileus virginianus,A3_IMG_0039,A3,6,Adriana Shields,10/16/2025,15:21,1,Walking,
B,Odocoileus virginianus,A3_IMG_0045,A3,7,Aaron Jackson,10/17/2025,9:22,1,Walking,
B,Odocoileus virginianus,A3_IMG_0036,A3,5,Phaedra van der Molen,10/15/2025,18:19,1,Walking,
B,Odocoileus virginianus,A3_IMG_0037,A3,5,Adriana Shields,10/15/2025,22:50,1,Foraging,
B,Hogna carolinensis,B3_IMG_0370,B3,1,Sarina Huang,10/10/2025,1:20,1,Walking,Same organism as B3_IMG_0368
B,Odocoileus virginianus,A3_IMG_0047,A3,7,Aaron Jackson,10/17/2025,9:26,1,Walking,
B,Odocoileus virginianus,A5_IMG_0047,A5,9,Chloe Li,10/19/2025,8:54,2,Walking,
B,Sciurus carolinensis,A3_IMG_0048,A3,7,Aaron Jackson,10/17/2025,12:44,1,Walking,tail was moving in a circular helicopter like manner
B,Hogna carolinensis,B3_IMG_0371,B3,1,Sarina Huang,10/10/2025,1:21,1,Walking,Same organism as B3_IMG_0368
B,Hogna carolinensis,B3_IMG_0372,B3,1,Sarina Huang,10/10/2025,1:23,1,Walking,Same organism as B3_IMG_0368
B,Hogna carolinensis,B3_IMG_0373,B3,1,Sarina Huang,10/10/2025,1:24,1,Walking,Same organism as B3_IMG_0368
B,Sciurus carolinensis,A3_IMG_0049,A3,7,Aaron Jackson,10/17/2025,5:42,1,Walking,
B,Odocoileus virginianus,A3_IMG_0049,A3,7,Aaron Jackson,10/17/2025,5:42,1,Walking,
B,Odocoileus virginianus,A5_IMG_0046,A5,9,Chloe Li,10/19/2025,8:37,1,Walking,
B,Hogna carolinensis,B3_IMG_0374,B3,1,Sarina Huang,10/10/2025,1:26,1,Walking,Same organism as B3_IMG_0368
B,Hogna carolinensis,B3_IMG_0375,B3,1,Sarina Huang,10/10/2025,1:27,1,Walking,Same organism as B3_IMG_0368
B,Hogna carolinensis,B3_IMG_0376,B3,1,Sarina Huang,10/10/2025,1:29,1,Vigilant,Same organism as B3_IMG_0368
B,Hogna carolinensis,B3_IMG_0377,B3,1,Sarina Huang,10/10/2025,1:30,1,Vigilant,Same organism as B3_IMG_0368
B,Hogna carolinensis,B3_IMG_0378,B3,1,Sarina Huang,10/10/2025,1:32,1,Vigilant,Same organism as B3_IMG_0368
B,Hogna carolinensis,B3_IMG_0379,B3,1,Sarina Huang,10/10/2025,1:33,1,Walking,Same organism as B3_IMG_0368
B,Sciurus carolinensis,A5_IMG_0046,A5,9,Chloe Li,10/19/2025,8:37,1,Walking,Climbing up a tree
B,Odocoileus virginianus,A5_IMG_0045,A5,9,Chloe Li,10/19/2025,8:32,1,Walking,
B,Odocoileus virginianus,A5_IMG_0044,A5,9,Chloe Li,10/19/2025,8:17,1,Foraging,
B,Odocoileus virginianus,A4_IMG_0043,A5,9,Chloe Li,10/19/2025,7:59,1,Walking,
B,Odocoileus virginianus,A5_IMG_0003,A5,1,Lauren Owens,10/11/2025,7:48,1,Foraging,Walking and searching through the leaves on the ground
B,Odocoileus virginianus,A5_IMG_0042,A5,9,Chloe Li,10/19/2025,7:51,1,Walking,
B,Odocoileus virginianus,A5_IMG_0041,A5,9,Chloe Li,10/19/2025,5:56,1,Foraging,
B,Odocoileus virginianus,A5_IMG_0004,A5,2,Lauren Owens,10/12/2025,4:40,1,Running,Runs across the screen
B,Odocoileus virginianus,A5_IMG_0040,A5,9,Chloe Li,10/19/2025,5:55,2,Resting,Grooming each other
B,Odocoileus virginianus,A5_IMG_0005,A5,1,Lauren Owens,10/12/2025,5:05,1,Walking,Back half of deer seen leaving the camera area
B,Odocoileus virginianus,A5_IMG_0039,A5,9,Chloe Li,10/19/2025,5:53,2,Resting,Same individuals as 0040
B,Odocoileus virginianus,A5_IMG_0038,A5,9,Chloe Li,10/19/2025,5:52,2,Resting,"Adult and kid, drinking milk?"
B,Vulpes vulpes,A5_IMG_0006,A5,2,Lauren Owens,10/12/2025,10:09,1,Walking,Could only see the backside and tail for a moment
B,Odocoileus virginianus,A5_IMG_0036,A5,8,Chloe Li,10/18/2025,23:12,1,Vigilant,Not sure if there's another deer at the left corner
B,Odocoileus virginianus,A5_IMG_0007,A5,2,Lauren Owens,10/12/2025,18:13,2,Vigilant,"One deer walks away, the second one stands up"
B,Odocoileus virginianus,A5_IMG_0008,A5,2,Lauren Owens,10/12/2025,18:14,2,Vigilant,"One adult deer rubs its head against tree while holding its left leg up, baby deer stands. *Same adult deer from previous entry"
B,Odocoileus virginianus,A5_IMG_0035,A5,8,Chloe Li,10/18/2025,19:54,1,Walking,
B,Odocoileus virginianus,A5_IMG_0034,A5,8,Chloe Li,10/18/2025,13:43,1,Walking,
B,Odocoileus virginianus,A5_IMG_0033,A5,8,Chloe Li,10/18/2025,13:39,1,Running,
B,Sylvilagus floridanus,A5_IMG_010,A5,3,Lauren Owens,10/13/2025,8:41,1,Vigilant,"Bunny starts hopping away, hides (deer runs across screen later), then hops out of frame"
B,Odocoileus virginianus,A5_IMG_0032,A5,8,Chloe Li,10/18/2025,13:37,1,Walking,
B,Odocoileus virginianus,A5_IMG_0031,A5,8,Chloe Li,10/18/2025,12:34,1,Running,
B,Odocoileus virginianus,A5_IMG_0010,A5,3,Lauren Owens,10/13/2025,8:41,1,Running,Runs across screen
B,Odocoileus virginianus,A5_IMG_0020,A5,5,Sarina Huang,10/15/2025,13:38,1,Foraging,"Foraged, groomed self, then walked out of frame"
B,Odocoileus virginianus,A5_IMG_0029,A5,8,Chloe Li,10/18/2025,8:36,1,Walking,
B,Odocoileus virginianus,A5_IMG_0011,A5,3,Lauren Owens,10/13/2025,14:31,1,Walking,
B,Odocoileus virginianus,A5_IMG_0021,A5,5,Sarina Huang,10/15/2025,16:40,1,Walking,Walked across frame
B,Odocoileus virginianus,A5_IMG_0028,A5,8,Chloe Li,10/18/2025,8:27,2,Running,One walking one running
B,Odocoileus virginianus,A5_IMG_0022,A5,5,Sarina Huang,10/15/2025,17:49,1,Walking,Walked across frame
B,Sciurus carolinensis,A5_IMG_0011,A5,3,Lauren Owens,10/13/2025,14:31,1,Foraging,Walks and digs through leaves
B,Odocoileus virginianus,A5_IMG_0024,A5,7,Sarina Huang,10/17/2025,3:29,1,Vigilant,
B,Odocoileus virginianus,A5_IMG_0025,A5,7,Sarina Huang,10/17/2025,5:23,1,Walking,Saw backside in frame
B,Odocoileus virginianus,A5_IMG_0012,A5,3,Lauren Owens,10/13/2025,14:36,1,Walking,
B,Odocoileus virginianus,A5_IMG_0027,A5,8,Chloe Li,10/18/2025,8:23,2,Vigilant,
B,Odocoileus virginianus,A5_IMG_0026,A5,8,Sarina Huang,10/18/2025,7:54,2,Walking,2 walked across the frame
B,Vulpes vulpes,A5_IMG_0012,A5,3,Lauren Owens,10/13/2025,14:36,1,Running,Runs in the distance
B,Odocoileus virginianus,A5_IMG_0013,A5,4,Lauren Owens,10/14/2025,17:25,1,Walking,
B,Odocoileus virginianus,A5_IMG_0019,A5,5,Chloe Li,10/15/2025,12:52,1,Walking,
B,Odocoileus virginianus,A5_IMG_0017,A5,5,Sarina Huang,10/15/2025,10:28,1,Walking,"walks across grame, then pauses"
B,Odocoileus virginianus,A5_IMG_0014,A5,4,Lauren Owens,10/14/2025,17:53,1,Walking,
B,Odocoileus virginianus,A5_IMG_0018,A5,5,Chloe Li,10/15/2025,10:30,1,Resting,Grooming itself then walked away
B,Odocoileus virginianus,A5_IMG_0016,A5,5,Sarina Huang,10/15/2025,10:27,2,Foraging,"1 deer forages, the other bolts"
B,Odocoileus virginianus,A5_IMG_0015,A5,5,Lauren Owens,10/15/2025,6:58,1,Foraging,Walks and digs through leaves a bit
A,Sciurus carolinensis,B1_IMG_0004,B1,0,Sankalp,10/09/25,17:20,1,Walking,
A,Odocoileus virginianus,B1_IMG_0005,B1,1,Sankalp,10/10/25,2:21,1,Running,
A,Sciurus carolinensis,B1_IMG_0007,B1,1,Sankalp,10/10/25,12:01,1,Foraging,
A,Sciurus carolinensis,B1_IMG_0008,B1,1,Sankalp,10/10/25,12:35,1,Foraging,
A,Sciurus carolinensis,B1_IMG_0009,B1,1,Sankalp,10/10/25,13:09,1,Foraging,
A,Sciurus carolinensis,B1_IMG_0010,B1,1,Sankalp,10/10/25,13:17,2,Fighting,
A,Sciurus carolinensis,B1_IMG_0011,B1,1,Sankalp,10/10/25,13:39,1,Foraging,
A,Sciurus carolinensis,B1_IMG_0015,B1,1,Sankalp,10/10/25,16:27,1,Foraging,
A,Didelphis virginiana,B1_IMG_0017,B1,2,Sankalp,10/11/25,4:49,1,Walking,
A,Sciurus carolinensis,B1_IMG_0018,B1,2,Sankalp,10/11/25,8:04,1,Vigilant,
A,Sciurus carolinensis,B1_IMG_0019,B1,2,Sankalp,10/11/25,8:19,1,Foraging,
A,Sciurus carolinensis,B1_IMG_0020,B1,2,Sankalp,10/11/25,8:26,1,Running,
A,Sciurus carolinensis,B1_IMG_0022,B1,2,Sankalp,10/11/25,12:50,2,Fighting,
A,Sciurus carolinensis,B1_IMG_0023,B1,2,Sankalp,10/11/25,13:31,1,Foraging,
A,Odocoileus virginianus,B1_IMG_0025,B1,2,Sankalp,10/11/25,18:12,1,Walking,
A,Odocoileus virginianus,B1_IMG_0026,B1,2,Sankalp,10/11/25,21:15,1,Walking,
A,Odocoileus virginianus,B1_IMG_0027,B1,2,Sankalp,10/11/25,22:29,1,Vigilant,
A,Vulpes vulpes,B1_IMG_0029,B1,3,Sankalp,10/12/25,3:53,1,Walking,
A,Odocoileus virginianus,B1_IMG_0030,B1,3,Sankalp,10/12/25,3:56,1,Walking,
A,Odocoileus virginianus,B1_IMG_0031,B1,3,Sankalp,10/12/25,7:02,2,Walking,
A,Odocoileus virginianus,B1_IMG_0032,B1,3,Sankalp,10/12/25,7:30,1,Running,
A,Odocoileus virginianus,B1_IMG_0033,B1,3,Sankalp,10/12/25,7:33,1,Running,
A,Sciurus carolinensis,B1_IMG_0035,B1,3,Sankalp,10/12/25,8:26,1,Foraging,
A,Sciurus carolinensis,B1_IMG_0036,B1,3,Sankalp,10/12/25,13:07,1,Foraging,
A,Sciurus carolinensis,B1_IMG_0037,B1,3,Sankalp,10/12/25,13:10,1,Foraging,
A,Sciurus carolinensis,B1_IMG_0038,B1,3,Sankalp,10/12/25,15:04,1,Foraging,
A,Sciurus carolinensis,B1_IMG_0039,B1,3,Sankalp,10/12/25,15:38,1,Walking,
A,Sciurus carolinensis,B1_IMG_0040,B1,3,Sankalp,10/12/25,16:53,1,Walking,
A,Odocoileus virginianus,B1_IMG_0041,B1,4,Sankalp,10/13/25,8:48,1,Walking,
A,Sciurus carolinensis,B1_IMG_0042,B1,4,Sankalp,10/13/25,15:36,1,Walking,
A,Sciurus carolinensis,B1_IMG_0043,B1,4,Sankalp,10/13/25,16:18,1,Walking,
A,Odocoileus virginianus,B1_IMG_0046,B1,5,Ellie,10/14/25,11:22,1,Running,
A,Sciurus carolinensis,B1_IMG_0048,B1,5,Ellie,10/14/25,13:46,1,Foraging,
A,Sciurus carolinensis,B1_IMG_0049,B1,5,Ellie,10/14/25,13:50,1,Foraging,
A,Sciurus carolinensis,B1_IMG_0050,B1,5,Ellie,10/14/25,15:16,1,Foraging,
A,Sciurus carolinensis,B1_IMG_0051,B1,5,Ellie,10/14/25,15:33,1,Foraging,
A,Sciurus carolinensis,B1_IMG_0052,B1,5,Ellie,10/14/25,15:36,1,Running,
A,Sciurus carolinensis,B1_IMG_0053,B1,5,Ellie,10/14/25,15:44,1,Vigilant,
A,Odocoileus virginianus,B1_IMG_0054,B1,5,Ellie,10/14/25,17:41,1,Resting,
A,Didelphis virginiana,B1_IMG_0055,B1,5,Ellie,10/14/25,22:04,1,Walking,
A,Sciurus carolinensis,B1_IMG_0058,B1,6,Ellie,10/15/25,9:39,1,Foraging,
A,Sciurus carolinensis,B1_IMG_0059,B1,6,Ellie,10/15/25,10:02,1,Foraging,
A,Sciurus carolinensis,B1_IMG_0060,B1,6,Ellie,10/15/25,10:15,1,Running,
A,Sciurus carolinensis,B1_IMG_0062,B1,6,Ellie,10/15/25,11:05,1,Foraging,
A,Odocoileus virginianus,B1_IMG_0063,B1,6,Ellie,10/15/25,12:42,1,Walking,
A,Sciurus carolinensis,B1_IMG_0064,B1,6,Ellie,10/15/25,12:49,1,Walking,
A,Odocoileus virginianus,B1_IMG_0065,B1,6,Ellie,10/15/25,12:58,1,Walking,
A,Sciurus carolinensis,B1_IMG_0066,B1,6,Ellie,10/15/25,13:55,1,Walking,
A,Odocoileus virginianus,B1_IMG_0067,B1,6,Ellie,10/15/25,14:28,1,Walking,
A,Sciurus carolinensis,B1_IMG_0068,B1,6,Ellie,10/15/25,15:09,1,Foraging,
A,Sciurus carolinensis,B1_IMG_0069,B1,6,Ellie,10/15/25,15:14,1,Foraging,
A,Odocoileus virginianus,B1_IMG_0070,B1,6,Ellie,10/15/25,17:31,1,Vigilant,
A,Procyon lotor,B1_IMG_0071,B1,6,Ellie,10/15/25,22:53,1,Walking,
A,Sciurus carolinensis,B1_IMG_0127,B1,11,Ariel Chen,10/20/25,9:11,1,Foraging,
A,Odocoileus virginianus,B1_IMG_0124,B1,11,Ariel Chen,10/20/25,1:53,1,Vigilant,
A,Odocoileus virginianus,B1_IMG_0123,B1,10,Ariel Chen,10/19/25,23:23,1,Foraging,
A,Odocoileus virginianus,B1_IMG_0122,B1,10,Ariel Chen,10/19/25,23:06,1,Foraging,
A,Sciurus carolinensis,B1_IMG_0121,B1,10,Ariel Chen,10/19/25,17:53,1,Foraging,
A,Sciurus carolinensis,B1_IMG_0118,B1,10,Ariel Chen,10/19/25,14:37,1,Walking,
A,Sciurus carolinensis,B1_IMG_0117,B1,10,Ariel Chen,10/19/25,14:31,1,Walking,
A,Tamias striatus,B1_IMG_0116,B1,10,Ariel Chen,10/19/25,13:32,1,Running,
A,Tamias striatus,B1_IMG_0115,B1,10,Ariel Chen,10/19/25,13:29,1,Running,
A,Sciurus carolinensis,B1_IMG_0114,B1,10,Ariel Chen,10/19/25,10:50,1,Foraging,
A,Odocoileus virginianus,B1_IMG_0113,B1,10,Ariel Chen,10/19/25,8:34,1,Walking,
A,Odocoileus virginianus,B1_IMG_0112,B1,10,Ariel Chen,10/19/25,8:22,1,Walking,
A,Odocoileus virginianus,B1_IMG_0111,B1,10,Ariel Chen,10/19/25,8:09,1,Pooping,
A,Odocoileus virginianus,B1_IMG_0110,B1,10,Ariel Chen,10/19/25,7:12,1,NA,Playing; fawn is going on its hindlegs
A,Odocoileus virginianus,B1_IMG_0109,B1,10,Ariel Chen,10/19/25,12:36,1,Walking,
A,Odocoileus virginianus,B1_IMG_0108,B1,10,Ariel Chen,10/19/25,12:34,1,Foraging,
A,Sciurus carolinensis,B1_IMG_0106,B1,9,Ariel Chen,10/18/25,15:36,1,Walking,
A,Tamias striatus,B1_IMG_0104,B1,9,Ariel Chen,10/18/25,14:53,1,Running,
A,Sciurus carolinensis,B1_IMG_0103,B1,9,Ariel Chen,10/18/25,14:50,1,Foraging,
A,Tamias striatus,B1_IMG_0101,B1,9,Ariel Chen,10/18/25,14:01,1,Running,
A,Sciurus carolinensis,B1_IMG_0100,B1,9,Ariel Chen,10/18/25,13:55,1,Foraging,
A,Sciurus carolinensis,B1_IMG_0099,B1,9,Ariel Chen,10/18/25,10:14,1,Running,
A,Odocoileus virginianus,B1_IMG_0098,B1,9,Ariel Chen,10/18/25,12:40,1,Walking,
A,Vulpes vulpes,B1_IMG_0097,B1,9,Ariel Chen,10/18/25,12:04,1,Walking,
A,Didelphis virginiana,B1_IMG_0096,B1,8,Ariel Chen,10/17/25,19:35,1,Walking,
A,Odocoileus virginianus,B1_IMG_0095,B1,8,Ariel Chen,10/17/25,18:04,1,Foraging,
A,Odocoileus virginianus,B1_IMG_0094,B1,8,Ariel Chen,10/17/25,17:58,1,Walking,
A,Odocoileus virginianus,B1_IMG_0092,B1,8,Ariel Chen,10/17/25,17:49,1,Vigilant,
A,Odocoileus virginianus,B1_IMG_0091,B1,8,Ariel Chen,10/17/25,17:47,1,Vigilant,
A,Odocoileus virginianus,B1_IMG_0090,B1,8,Ariel Chen,10/17/25,17:45,1,Vigilant,
A,Sciurus carolinensis,B1_IMG_0089,B1,8,Ariel Chen,10/17/25,17:02,1,Foraging,
A,Sciurus carolinensis,B1_IMG_0086,B1,8,Ariel Chen,10/17/25,13:09,1,Running,
A,Sciurus carolinensis,B1_IMG_0085,B1,8,Ariel Chen,10/17/25,12:31,1,Running,
A,Odocoileus virginianus,B1_IMG_0083,B1,8,Ariel Chen,10/17/25,12:11,1,Walking,
A,Sciurus carolinensis,B1_IMG_0081,B1,7,Ariel Chen,10/16/25,18:04,1,Walking,
A,Odocoileus virginianus,B1_IMG_0080,B1,7,Ariel Chen,10/16/25,17:58,1,NA,Playing; fawn is going on its hindlegs
A,Odocoileus virginianus,B1_IMG_0079,B1,7,Ariel Chen,10/16/25,17:56,1,NA,Playing; fawn is going on its hindlegs
A,Odocoileus virginianus,B1_IMG_0078,B1,7,Ariel Chen,10/16/25,15:09,1,Foraging,Leaf decorations around its antlers!
A,Sciurus carolinensis,B1_IMG_0077,B1,7,Ariel Chen,10/16/25,15:00,1,Running,
A,Sciurus carolinensis,B1_IMG_0076,B1,7,Ariel Chen,10/16/25,14:54,1,Running,
A,Sciurus carolinensis,B1_IMG_0075,B1,7,Ariel Chen,10/16/25,7:27,1,Running,
A,Vulpes vulpes,B1_IMG_0074,B1,7,Ariel Chen,10/16/25,4:44,1,Walking,
A,Odocoileus virginianus,B1_IMG_0073,B1,7,Ariel Chen,10/16/25,4:25,1,Walking,
A,Sciurus carolinensis,A1_IMG_0001,A1,0,Reuben,10/10/25,16:38,1,Foraging,
A,Sciurus carolinensis,A1_IMG_0002,A1,1,Reuben,10/11/25,7:08,1,Walking,
A,Sciurus carolinensis,A1_IMG_0003,A1,1,Reuben,10/11/25,7:24,1,Walking,
A,Odocoileus virginianus,A1_IMG_0005,A1,2,Reuben,10/12/25,1:06,1,Walking,
A,Odocoileus virginianus,A1_IMG_0006,A1,2,Reuben,10/12/25,1:15,1,Walking,
A,Odocoileus virginianus,A1_IMG_0008,A1,2,Reuben,10/12/25,7:32,1,Foraging,
A,Odocoileus virginianus,A1_IMG_0009,A1,2,Reuben,10/12/25,7:35,1,Walking,
A,Sciurus carolinensis,A1_IMG_0010,A1,2,Reuben,10/12/25,13:45,1,Vigilant,
A,Odocoileus virginianus,A1_IMG_0011,A1,2,Reuben,10/12/25,16:47,1,Walking,
A,Odocoileus virginianus,A1_IMG_0012,A1,3,Reuben,10/13/25,0:44,1,Walking,
A,Sciurus carolinensis,A1_IMG_0013,A1,3,Reuben,10/13/25,9:47,2,Running,
A,Sciurus carolinensis,A1_IMG_0017,A1,4,Reuben,10/14/25,17:38,1,Foraging,
A,Sciurus carolinensis,A1_IMG_0018,A1,4,Reuben,10/14/25,17:44,1,Walking,
A,Sciurus carolinensis,A1_IMG_0019,A1,4,Reuben,10/14/25,17:49,1,Foraging,
A,Odocoileus virginianus,A1_IMG_0021,A1,5,Reuben,10/15/25,9:21,1,Foraging,
A,Odocoileus virginianus,A1_IMG_0022,A1,5,Reuben,10/15/25,12:48,1,Foraging,
A,Odocoileus virginianus,A1_IMG_0023,A1,5,Reuben,10/15/25,13:01,1,Walking,
A,Odocoileus virginianus,A1_IMG_0024,A1,5,Reuben,10/15/25,17:57,1,Walking,
A,Sciurus carolinensis,A1_IMG_0025,A1,6,Reuben,10/16/25,7:17,1,Foraging,
A,Sciurus carolinensis,A1_IMG_0026,A1,6,Reuben,10/16/25,8:46,2,Walking,
A,Odocoileus virginianus,A1_IMG_0027,A1,6,Reuben,10/16/25,10:05,1,Walking,
A,Sciurus carolinensis,A1_IMG_0028,A1,6,Reuben,10/16/25,18:02,1,Running,
A,Sciurus carolinensis,A1_IMG_0030,A1,7,Reuben,10/17/25,17:19,1,Foraging,
A,Odocoileus virginianus,A1_IMG_0032,A1,8,Reuben,10/18/25,9:13,1,Walking,
A,Sciurus carolinensis,A1_IMG_0033,A1,8,Reuben,10/18/25,12:10,1,Vigilant,
A,Odocoileus virginianus,A1_IMG_0034,A1,8,Reuben,10/18/25,12:48,1,Running,
A,Odocoileus virginianus,A1_IMG_0036,A1,9,Reuben,10/19/25,17:36,1,Foraging,
B,Sciurus carolinensis,C3_IMG_0008,C3,2,Kairi,10/10/25,7:44,1,Walking,
B,Odocoileus virginianus,C3_IMG_0013,C3,4,Kairi,10/12/25,13:51,3,Resting,
B,Sciurus carolinensis,C3_IMG_0014,C3,6,Kairi,10/14/25,7:49,3,Running,
B,Odocoileus virginianus,C3_IMG_0015,C3,6,Kairi,10/14/25,11:12,1,Walking,
B,Sciurus carolinensis,C3_IMG_0016,C3,6,Kairi,10/14/25,17:23,1,Running,
B,Odocoileus virginianus,C3_IMG_0017,C3,6,Kairi,10/14/25,18:03,1,Vigilant,
B,Procyon lotor,C3_IMG_0018,C3,8,Kairi,10/16/25,4:13,1,N/A,
B,Sciurus carolinensis,C3_IMG_0019,C3,8,Kairi,10/16/25,18:01,1,Foraging,
B,Sciurus carolinensis,C3_IMG_0020,C3,8,Kairi,10/16/25,18:05,2,Running,
B,Sciurus carolinensis,C3_IMG_0021,C3,9,Kairi,10/17/25,7:09,1,Resting,
B,Sciurus carolinensis,C3_IMG_0022,C3,9,Kairi,10/17/25,7:12,2,Walking,
B,Sciurus carolinensis,C3_IMG_0023,C3,10,Kairi,10/18/25,17:02,1,Walking,
B,Odocoileus virginianus,C3_IMG_0024,C3,11,Kairi,10/19/25,7:02,3,Walking,
B,Odocoileus virginianus,C3_IMG_0025,C3,11,Kairi,10/19/25,7:19,1,Resting,
B,Odocoileus virginianus,B4_IMG_0007,B4,1,Laura ,10/10/25,10:49,1,Vigilant,
B,Odocoileus virginianus,B4_IMG_0009,B4,2,Laura ,10/11/25,12:12,4,Foraging,
B,Odocoileus virginianus,B4_IMG_0010,B4,2,Laura ,10/11/25,17:34,1,Foraging,pooped a little
B,Odocoileus virginianus,B4_IMG_0011,B4,3,Laura ,10/12/25,7:30,1,N/A,
B,Odocoileus virginianus,B4_IMG_0012,B4,3,Laura ,10/12/25,12:25,1,Grooming,
B,Odocoileus virginianus,B4_IMG_0013,B4,3,Laura ,10/12/25,12:41,5,Walking,one of them pooped
B,Odocoileus virginianus,B4_IMG_0015,B4,4,Laura ,10/13/25,14:31,4,Walking,
B,Odocoileus virginianus,B4_IMG_0016,B4,5,Laura ,10/14/25,7:13,1,Walking,
B,Odocoileus virginianus,B4_IMG_0017,B4,5,Laura ,10/14/25,7:16,2,Vigilant,
B,Odocoileus virginianus,B4_IMG_0019,B4,6,Laura ,10/15/25,12:54,2,Walking,
B,Turdus migratorius,B4_IMG_0022,B4,10,Laura ,10/19/25,13:46,2,N/A,Flying
A,Odocoileus virginianus,D6_IMG_0003,D6,0,Brianna,10/09/25,14:33,2,Walking,
A,Odocoileus virginianus,D6_IMG_0004,D6,4,Brianna,10/13/25,11:49,1,Walking,
B,Odocoileus virginianus,A4_IMG_0006,A4,2,Brianna,10/11/25,12:07,1,Foraging,
B,Odocoileus virginianus,A4_IMG_0007,A4,2,Brianna,10/11/25,13:56,1,Foraging,
B,Odocoileus virginianus,A4_IMG_0008,A4,2,Brianna,10/11/25,15:15,1,Foraging,
B,Odocoileus virginianus,A4_IMG_0009,A4,6,Brianna,10/15/25,7:15,1,Vigilant,
B,Odocoileus virginianus,A4_IMG_0010,A4,7,Brianna,10/16/25,17:48,1,Vigilant,
B,Sciurus carolinensis,A4_IMG_0011,A4,9,Brianna,10/18/25,8:12,1,Vigilant,
